-- phpMyAdmin SQL Dump
-- version 4.5.0.2
-- http://www.phpmyadmin.net
--
-- Servidor: 127.0.0.1
-- Tiempo de generación: 21-11-2015 a las 20:02:06
-- Versión del servidor: 10.0.17-MariaDB
-- Versión de PHP: 5.6.14

SET SQL_MODE = "NO_AUTO_VALUE_ON_ZERO";
SET time_zone = "+00:00";


/*!40101 SET @OLD_CHARACTER_SET_CLIENT=@@CHARACTER_SET_CLIENT */;
/*!40101 SET @OLD_CHARACTER_SET_RESULTS=@@CHARACTER_SET_RESULTS */;
/*!40101 SET @OLD_COLLATION_CONNECTION=@@COLLATION_CONNECTION */;
/*!40101 SET NAMES utf8mb4 */;

--
-- Base de datos: `votecomed_db`
--

-- --------------------------------------------------------

--
-- Estructura de tabla para la tabla `candidato`
--

CREATE TABLE `candidato` (
  `candidato_id` int(10) UNSIGNED NOT NULL COMMENT 'ID',
  `nombres` varchar(40) NOT NULL COMMENT 'Nombres del candidato',
  `apellidos` varchar(40) NOT NULL COMMENT 'Apellidos del candidato',
  `cargopost_id` int(10) UNSIGNED NOT NULL COMMENT 'Cargo al que se postula',
  `votacion_id` int(10) UNSIGNED NOT NULL COMMENT 'Votación activa',
  `planilla_id` int(10) UNSIGNED NOT NULL COMMENT 'Planilla de votacion',
  `socio_id` int(10) UNSIGNED DEFAULT NULL COMMENT 'ID del socio'
) ENGINE=InnoDB DEFAULT CHARSET=latin1 COMMENT='Catalogos de Candidatos';

--
-- Volcado de datos para la tabla `candidato`
--

INSERT INTO `candidato` (`candidato_id`, `nombres`, `apellidos`, `cargopost_id`, `votacion_id`, `planilla_id`, `socio_id`) VALUES
(1, 'MIGUEL ROBERTO', 'MAJANO CARBALLO ', 7, 8, 4, 2994),
(2, 'FLOR ELIZABETH', 'VENTURA GODOY DE TICAS', 8, 8, 4, 3962),
(3, 'DOUGLAS SALVADOR', 'MARTI PANAME?O ', 9, 8, 4, 3009),
(4, 'CARLOS ENRIQUE', 'MENA VASQUEZ ', 10, 8, 4, 3121),
(5, 'SIMON BALTAZAR', 'AGREDA  ', 11, 8, 4, 1870),
(6, 'MARIA VIRGINIA', 'RODRIGUEZ FUNES ', 12, 8, 4, 3645),
(7, 'CESAR EDUARDO', 'HIDALGO BERRIOS ', 13, 8, 4, 2822),
(8, 'JAIME EDUARDO', 'QUANT ESCOBAR ', 14, 8, 4, 3472),
(9, 'ROLANDO ', 'ESPINOZA HERNANDEZ ', 15, 8, 4, 2489),
(10, 'CARLOS ALFREDO', 'RAMOS HINDS ', 16, 8, 4, 3537),
(11, 'LUIS ALFREDO', 'PINTO RODRIGUEZ ', 17, 8, 4, 3433),
(12, 'doctor', '1', 7, 9, 5, NULL),
(13, 'doctor', '2', 8, 9, 5, NULL),
(14, 'doctor', '3', 9, 9, 4, NULL);

-- --------------------------------------------------------

--
-- Estructura de tabla para la tabla `cargo_postulado`
--

CREATE TABLE `cargo_postulado` (
  `cargopost_id` int(10) UNSIGNED NOT NULL COMMENT 'ID',
  `nombre` varchar(40) NOT NULL COMMENT 'Nombre del cargo',
  `orden` tinyint(4) DEFAULT NULL
) ENGINE=InnoDB DEFAULT CHARSET=latin1 COMMENT='Catalogos de Cargos Postulados';

--
-- Volcado de datos para la tabla `cargo_postulado`
--

INSERT INTO `cargo_postulado` (`cargopost_id`, `nombre`, `orden`) VALUES
(7, 'Presidente', 1),
(8, 'Vicepresidente', 2),
(9, 'Secretario', 3),
(10, 'Tesorero', 4),
(11, 'Sindico', 5),
(12, 'Actividades Científicas', 6),
(13, 'Actividades Sociales', 7),
(14, 'Comité de Finanzas', 8),
(15, 'Comité de Ética Médica', 9),
(16, 'Comité Defensa Gremial', 10),
(17, 'Comité De Archivos y Escrutinios', 11);

-- --------------------------------------------------------

--
-- Estructura de tabla para la tabla `centro_votacion`
--

CREATE TABLE `centro_votacion` (
  `centrovot_id` int(10) UNSIGNED NOT NULL COMMENT 'ID',
  `codigo` varchar(2) NOT NULL COMMENT 'Código del centro de votación',
  `nombre` varchar(40) NOT NULL COMMENT 'Nombre del centro de votación',
  `estado` varchar(3) NOT NULL COMMENT 'Estado, valores ACTIVO e INACTIVO, por default ACT'
) ENGINE=InnoDB DEFAULT CHARSET=latin1 COMMENT='Catalogos de Centros de Votacion';

--
-- Volcado de datos para la tabla `centro_votacion`
--

INSERT INTO `centro_votacion` (`centrovot_id`, `codigo`, `nombre`, `estado`) VALUES
(24, '1', 'Colegio Médico de El Salvador', 'ACT'),
(25, '2', 'COMEDICA Centro Financiero', 'ACT'),
(26, '3', 'COMEDICA Colonia Médica', 'ACT'),
(27, '4', 'COMEDICA Plaza Mundo', 'ACT'),
(28, '5', 'COMEDICA Merliot', 'ACT'),
(29, '6', 'COMEDICA Santa Ana', 'ACT'),
(30, '7', 'COMEDICA Sonsonate ', 'ACT'),
(31, '8', 'COMEDICA Usulután', 'ACT'),
(32, '9', 'COMEDICA San Miguel  ', 'ACT'),
(33, '10', 'Hospital General (ISSS)', 'ACT'),
(34, '11', 'Hosp. Médico Quirúrgico (ISSS)', 'ACT'),
(35, '12', 'Hospital Nacional Rosales', 'ACT'),
(36, '13', 'Hospital Nacional Zacamil ', 'ACT'),
(37, '14', 'Hosp. Nacional de Maternidad', 'ACT'),
(38, '15', 'Hospital Benjamín Bloom', 'ACT');

-- --------------------------------------------------------

--
-- Estructura de tabla para la tabla `conteo_votacion`
--

CREATE TABLE `conteo_votacion` (
  `contvot_id` int(10) UNSIGNED NOT NULL COMMENT 'ID',
  `planilla_id` int(10) UNSIGNED DEFAULT NULL,
  `votacion_id` int(10) UNSIGNED NOT NULL COMMENT 'ID de la votacion activa',
  `cargopost_id` int(10) UNSIGNED NOT NULL COMMENT 'ID del cargo',
  `votos` int(10) NOT NULL COMMENT 'El conteo de los votos',
  `nulos` int(10) UNSIGNED DEFAULT NULL COMMENT 'Votos nulos',
  `abstenciones` int(10) UNSIGNED DEFAULT NULL COMMENT 'Votos abstenidos'
) ENGINE=InnoDB DEFAULT CHARSET=latin1 COMMENT='Catalogo del conteo de votaciones';

--
-- Volcado de datos para la tabla `conteo_votacion`
--

INSERT INTO `conteo_votacion` (`contvot_id`, `planilla_id`, `votacion_id`, `cargopost_id`, `votos`, `nulos`, `abstenciones`) VALUES
(1, NULL, 8, 7, -1, 0, 0),
(2, NULL, 8, 8, -1, 0, 0),
(3, NULL, 8, 9, -1, 0, 0),
(4, NULL, 8, 10, -1, 0, 0),
(5, NULL, 8, 11, -1, 0, 0),
(6, NULL, 8, 12, -1, 0, 0),
(7, NULL, 8, 13, -1, 0, 0),
(8, NULL, 8, 14, -1, 0, 0),
(9, NULL, 8, 15, -1, 0, 0),
(10, NULL, 8, 16, -1, 0, 0),
(11, NULL, 8, 17, -1, 0, 0),
(12, 4, 8, 8, -1, 0, 0),
(13, 4, 8, 10, -1, 0, 0),
(14, 4, 8, 7, -1, 0, 0),
(15, 4, 8, 9, -1, 0, 0),
(16, 4, 8, 12, -1, 0, 0),
(17, 4, 8, 14, -1, 0, 0),
(18, 4, 8, 15, -1, 0, 0),
(19, 4, 8, 16, -1, 0, 0),
(20, 4, 8, 17, -1, 0, 0),
(21, 4, 8, 11, -1, 0, 0),
(22, 4, 8, 13, -1, 0, 0),
(23, 4, 9, 7, 16, 8, 8),
(24, 5, 9, 10, 6, 5, 4),
(25, 4, 9, 11, 17, 10, 5),
(26, 4, 9, 12, 10, 10, 12),
(27, 4, 9, 9, 5, 2, 2),
(28, 4, 9, 8, 10, 5, 3),
(29, 5, 9, 13, 10, 5, 2),
(30, 4, 9, 14, 10, 5, 5),
(31, NULL, 9, 15, 4, 2, 2),
(32, 4, 9, 16, 12, 2, 4),
(33, 4, 9, 17, 13, 11, 2),
(34, 5, 9, 8, 6, 5, 4),
(35, 4, 9, 13, 10, 4, 4),
(36, 5, 9, 14, 10, 4, 4),
(37, 4, 9, 15, 7, 5, 5),
(38, NULL, 9, 7, 10, 4, 4),
(39, 6, 9, 8, 4, 8, 9),
(40, 6, 9, 11, 6, 8, 7),
(41, NULL, 9, 10, 11, 8, 5),
(42, 6, 9, 12, 4, 8, 9),
(43, 5, 9, 9, 6, 5, 4),
(44, 6, 9, 13, 6, 8, 7),
(45, 6, 9, 14, 4, 8, 9),
(46, 6, 9, 16, 5, 7, 7),
(47, NULL, 9, 17, 4, 0, 0),
(48, NULL, 9, 8, 20, 10, 5),
(49, 5, 9, 12, 5, 6, 4),
(50, 5, 9, 11, 4, 5, 6),
(51, NULL, 9, 14, 5, 2, 2),
(52, NULL, 9, 16, 1, 0, 0),
(53, NULL, 9, 9, 13, 4, 5),
(54, NULL, 9, 11, 11, 10, 9),
(55, NULL, 9, 12, 10, 5, 2),
(56, NULL, 9, 13, 8, 4, 4),
(57, 6, 9, 7, 5, 7, 7),
(58, 6, 9, 9, 6, 8, 7),
(59, 6, 9, 15, 4, 8, 9),
(60, 5, 9, 16, 10, 5, 5),
(61, 6, 9, 17, 4, 8, 9),
(62, 6, 9, 10, 4, 8, 9),
(63, 5, 9, 7, 8, 9, 7),
(64, 5, 9, 15, 5, 5, 5),
(65, 5, 9, 17, 10, 10, 10);

-- --------------------------------------------------------

--
-- Estructura de tabla para la tabla `det_votacion_socio`
--

CREATE TABLE `det_votacion_socio` (
  `votsocdet_id` int(10) UNSIGNED NOT NULL COMMENT 'ID',
  `votsoc_id` int(10) UNSIGNED NOT NULL COMMENT 'Votación a la que pertenece este detalle.',
  `cargopost_id` int(10) UNSIGNED NOT NULL COMMENT 'El cargo al cual está postulado el candidato por el cual votó.',
  `planilla_id` int(10) UNSIGNED DEFAULT NULL,
  `tipo_voto` varchar(1) NOT NULL COMMENT 'Tipo de voto.',
  `votacion_id` int(10) UNSIGNED NOT NULL COMMENT 'La votación activa'
) ENGINE=InnoDB DEFAULT CHARSET=latin1 COMMENT='Catalogo del detalle de la votacion del socio';

--
-- Volcado de datos para la tabla `det_votacion_socio`
--

INSERT INTO `det_votacion_socio` (`votsocdet_id`, `votsoc_id`, `cargopost_id`, `planilla_id`, `tipo_voto`, `votacion_id`) VALUES
(1, 6, 7, 4, '1', 8),
(2, 6, 9, 4, '1', 8),
(3, 6, 10, 4, '1', 8),
(4, 6, 8, 4, '1', 8),
(5, 6, 12, NULL, '3', 8),
(6, 6, 11, 4, '1', 8),
(7, 6, 13, 4, '1', 8),
(8, 6, 14, 4, '1', 8),
(9, 6, 15, 4, '1', 8),
(10, 6, 16, 4, '1', 8),
(11, 6, 17, 4, '1', 8),
(12, 7, 10, 4, '1', 8),
(13, 7, 9, 4, '1', 8),
(14, 7, 7, 4, '1', 8),
(15, 7, 8, 4, '1', 8),
(16, 7, 12, 4, '1', 8),
(17, 7, 11, 4, '1', 8),
(18, 7, 13, 4, '1', 8),
(19, 7, 14, 4, '1', 8),
(20, 7, 15, 4, '1', 8),
(21, 7, 16, 4, '1', 8),
(22, 7, 17, 4, '1', 8),
(23, 8, 7, 4, '1', 8),
(24, 8, 9, NULL, '3', 8),
(25, 8, 10, NULL, '3', 8),
(26, 8, 8, 4, '1', 8),
(27, 8, 11, NULL, '3', 8),
(28, 8, 12, 4, '1', 8),
(29, 8, 13, NULL, '3', 8),
(30, 8, 14, 4, '1', 8),
(31, 8, 15, NULL, '3', 8),
(32, 8, 16, NULL, '3', 8),
(33, 8, 17, NULL, '3', 8),
(34, 9, 8, 4, '1', 8),
(35, 9, 7, 4, '1', 8),
(36, 9, 9, 4, '1', 8),
(37, 9, 11, 4, '1', 8),
(38, 9, 10, 4, '1', 8),
(39, 9, 12, NULL, '3', 8),
(40, 9, 13, 4, '1', 8),
(41, 9, 14, NULL, '3', 8),
(42, 9, 15, 4, '1', 8),
(43, 9, 16, 4, '1', 8),
(44, 9, 17, 4, '1', 8),
(45, 10, 10, 4, '1', 8),
(46, 10, 7, 4, '1', 8),
(47, 10, 12, 4, '1', 8),
(48, 10, 11, 4, '1', 8),
(49, 10, 8, 4, '1', 8),
(50, 10, 9, 4, '1', 8),
(51, 10, 13, 4, '1', 8),
(52, 10, 14, 4, '1', 8),
(53, 10, 15, 4, '1', 8),
(54, 10, 16, 4, '1', 8),
(55, 10, 17, 4, '1', 8),
(56, 11, 9, 4, '1', 8),
(57, 11, 12, 4, '1', 8),
(58, 11, 10, 4, '1', 8),
(59, 11, 8, 4, '1', 8),
(60, 11, 11, 4, '1', 8),
(61, 11, 7, 4, '1', 8),
(62, 11, 13, 4, '1', 8),
(63, 11, 14, 4, '1', 8),
(64, 11, 15, 4, '1', 8),
(65, 11, 16, 4, '1', 8),
(66, 11, 17, 4, '1', 8),
(67, 12, 10, 4, '1', 8),
(68, 12, 7, 4, '1', 8),
(69, 12, 8, 4, '1', 8),
(70, 12, 12, 4, '1', 8),
(71, 12, 11, 4, '1', 8),
(72, 12, 9, 4, '1', 8),
(73, 12, 13, 4, '1', 8),
(74, 12, 14, 4, '1', 8),
(75, 12, 15, 4, '1', 8),
(76, 12, 16, 4, '1', 8),
(77, 12, 17, 4, '1', 8),
(78, 13, 8, 4, '1', 8),
(79, 13, 9, 4, '1', 8),
(80, 13, 10, 4, '1', 8),
(81, 13, 11, 4, '1', 8),
(82, 13, 7, 4, '1', 8),
(83, 13, 12, 4, '1', 8),
(84, 13, 13, 4, '1', 8),
(85, 13, 14, 4, '1', 8),
(86, 13, 15, 4, '1', 8),
(87, 13, 16, 4, '1', 8),
(88, 13, 17, 4, '1', 8),
(89, 14, 10, 4, '1', 8),
(90, 14, 11, 4, '1', 8),
(91, 14, 8, 4, '1', 8),
(92, 14, 12, 4, '1', 8),
(93, 14, 7, 4, '1', 8),
(94, 14, 9, 4, '1', 8),
(95, 14, 13, 4, '1', 8),
(96, 14, 14, 4, '1', 8),
(97, 14, 15, 4, '1', 8),
(98, 14, 16, 4, '1', 8),
(99, 14, 17, 4, '1', 8),
(100, 15, 8, 4, '1', 8),
(101, 15, 12, 4, '1', 8),
(102, 15, 7, 4, '1', 8),
(103, 15, 9, 4, '1', 8),
(104, 15, 11, 4, '1', 8),
(105, 15, 10, 4, '1', 8),
(106, 15, 13, 4, '1', 8),
(107, 15, 14, 4, '1', 8),
(108, 15, 15, 4, '1', 8),
(109, 15, 16, 4, '1', 8),
(110, 15, 17, 4, '1', 8),
(111, 16, 11, 4, '1', 8),
(112, 16, 8, 4, '1', 8),
(113, 16, 12, 4, '1', 8),
(114, 16, 7, 4, '1', 8),
(115, 16, 9, 4, '1', 8),
(116, 16, 10, 4, '1', 8),
(117, 16, 13, 4, '1', 8),
(118, 16, 14, 4, '1', 8),
(119, 16, 15, 4, '1', 8),
(120, 16, 16, 4, '1', 8),
(121, 16, 17, 4, '1', 8),
(122, 17, 9, 4, '1', 8),
(123, 17, 8, 4, '1', 8),
(124, 17, 7, 4, '1', 8),
(125, 17, 12, 4, '1', 8),
(126, 17, 11, 4, '1', 8),
(127, 17, 10, 4, '1', 8),
(128, 17, 13, 4, '1', 8),
(129, 17, 14, 4, '1', 8),
(130, 17, 15, 4, '1', 8),
(131, 17, 16, 4, '1', 8),
(132, 17, 17, 4, '1', 8),
(133, 18, 9, 4, '1', 8),
(134, 18, 8, 4, '1', 8),
(135, 18, 12, 4, '1', 8),
(136, 18, 10, 4, '1', 8),
(137, 18, 11, 4, '1', 8),
(138, 18, 7, 4, '1', 8),
(139, 18, 13, 4, '1', 8),
(140, 18, 14, 4, '1', 8),
(141, 18, 15, 4, '1', 8),
(142, 18, 16, 4, '1', 8),
(143, 18, 17, 4, '1', 8),
(144, 19, 8, 4, '1', 8),
(145, 19, 10, 4, '1', 8),
(146, 19, 12, 4, '1', 8),
(147, 19, 11, 4, '1', 8),
(148, 19, 9, 4, '1', 8),
(149, 19, 7, 4, '1', 8),
(150, 19, 13, 4, '1', 8),
(151, 19, 14, 4, '1', 8),
(152, 19, 15, 4, '1', 8),
(153, 19, 16, 4, '1', 8),
(154, 19, 17, 4, '1', 8),
(155, 20, 7, 4, '1', 8),
(156, 20, 10, 4, '1', 8),
(157, 20, 9, 4, '1', 8),
(158, 20, 12, 4, '1', 8),
(159, 20, 8, 4, '1', 8),
(160, 20, 11, 4, '1', 8),
(161, 20, 13, 4, '1', 8),
(162, 20, 14, 4, '1', 8),
(163, 20, 15, 4, '1', 8),
(164, 20, 16, 4, '1', 8),
(165, 20, 17, 4, '1', 8),
(166, 21, 8, 4, '1', 8),
(167, 21, 7, 4, '1', 8),
(168, 21, 12, 4, '1', 8),
(169, 21, 9, 4, '1', 8),
(170, 21, 10, 4, '1', 8),
(171, 21, 11, 4, '1', 8),
(172, 21, 13, 4, '1', 8),
(173, 21, 14, 4, '1', 8),
(174, 21, 15, 4, '1', 8),
(175, 21, 16, 4, '1', 8),
(176, 21, 17, 4, '1', 8),
(177, 22, 11, 4, '1', 8),
(178, 22, 10, 4, '1', 8),
(179, 22, 12, 4, '1', 8),
(180, 22, 9, 4, '1', 8),
(181, 22, 8, 4, '1', 8),
(182, 22, 7, 4, '1', 8),
(183, 22, 13, 4, '1', 8),
(184, 22, 14, 4, '1', 8),
(185, 22, 15, 4, '1', 8),
(186, 22, 16, 4, '1', 8),
(187, 22, 17, 4, '1', 8),
(188, 23, 11, 4, '1', 8),
(189, 23, 8, 4, '1', 8),
(190, 23, 9, 4, '1', 8),
(191, 23, 7, 4, '1', 8),
(192, 23, 12, 4, '1', 8),
(193, 23, 10, 4, '1', 8),
(194, 23, 13, 4, '1', 8),
(195, 23, 14, 4, '1', 8),
(196, 23, 15, 4, '1', 8),
(197, 23, 16, 4, '1', 8),
(198, 23, 17, 4, '1', 8),
(199, 24, 8, 4, '1', 8),
(200, 24, 12, 4, '1', 8),
(201, 24, 10, 4, '1', 8),
(202, 24, 11, 4, '1', 8),
(203, 24, 9, 4, '1', 8),
(204, 24, 7, 4, '1', 8),
(205, 24, 13, 4, '1', 8),
(206, 24, 14, 4, '1', 8),
(207, 24, 15, 4, '1', 8),
(208, 24, 16, 4, '1', 8),
(209, 24, 17, 4, '1', 8),
(210, 25, 8, 4, '1', 8),
(211, 25, 11, 4, '1', 8),
(212, 25, 10, 4, '1', 8),
(213, 25, 9, 4, '1', 8),
(214, 25, 12, 4, '1', 8),
(215, 25, 7, 4, '1', 8),
(216, 25, 13, 4, '1', 8),
(217, 25, 14, 4, '1', 8),
(218, 25, 15, 4, '1', 8),
(219, 25, 16, 4, '1', 8),
(220, 25, 17, 4, '1', 8),
(221, 26, 8, 4, '1', 8),
(222, 26, 11, 4, '1', 8),
(223, 26, 10, 4, '1', 8),
(224, 26, 9, 4, '1', 8),
(225, 26, 7, 4, '1', 8),
(226, 26, 12, 4, '1', 8),
(227, 26, 13, 4, '1', 8),
(228, 26, 14, 4, '1', 8),
(229, 26, 15, 4, '1', 8),
(230, 26, 16, 4, '1', 8),
(231, 26, 17, 4, '1', 8),
(232, 27, 8, 4, '1', 8),
(233, 27, 7, 4, '1', 8),
(234, 27, 10, 4, '1', 8),
(235, 27, 11, 4, '1', 8),
(236, 27, 9, 4, '1', 8),
(237, 27, 12, 4, '1', 8),
(238, 27, 13, 4, '1', 8),
(239, 27, 14, 4, '1', 8),
(240, 27, 15, 4, '1', 8),
(241, 27, 16, 4, '1', 8),
(242, 27, 17, 4, '1', 8),
(243, 28, 10, 4, '1', 8),
(244, 28, 8, 4, '1', 8),
(245, 28, 9, 4, '1', 8),
(246, 28, 7, 4, '1', 8),
(247, 28, 11, 4, '1', 8),
(248, 28, 12, 4, '1', 8),
(249, 28, 13, 4, '1', 8),
(250, 28, 14, 4, '1', 8),
(251, 28, 15, 4, '1', 8),
(252, 28, 16, 4, '1', 8),
(253, 28, 17, 4, '1', 8),
(254, 29, 11, 4, '1', 8),
(255, 29, 12, 4, '1', 8),
(256, 29, 10, 4, '1', 8),
(257, 29, 9, 4, '1', 8),
(258, 29, 8, 4, '1', 8),
(259, 29, 7, 4, '1', 8),
(260, 29, 13, 4, '1', 8),
(261, 29, 14, 4, '1', 8),
(262, 29, 15, 4, '1', 8),
(263, 29, 16, 4, '1', 8),
(264, 29, 17, 4, '1', 8),
(265, 30, 8, 4, '1', 8),
(266, 30, 10, 4, '1', 8),
(267, 30, 9, 4, '1', 8),
(268, 30, 7, 4, '1', 8),
(269, 30, 11, 4, '1', 8),
(270, 30, 12, 4, '1', 8),
(271, 30, 13, 4, '1', 8),
(272, 30, 14, 4, '1', 8),
(273, 30, 15, 4, '1', 8),
(274, 30, 16, 4, '1', 8),
(275, 30, 17, 4, '1', 8),
(276, 31, 12, 4, '1', 8),
(277, 31, 9, 4, '1', 8),
(278, 31, 11, 4, '1', 8),
(279, 31, 10, 4, '1', 8),
(280, 31, 8, 4, '1', 8),
(281, 31, 7, 4, '1', 8),
(282, 31, 13, 4, '1', 8),
(283, 31, 14, 4, '1', 8),
(284, 31, 15, 4, '1', 8),
(285, 31, 16, 4, '1', 8),
(286, 31, 17, 4, '1', 8),
(287, 32, 8, 4, '1', 8),
(288, 32, 11, 4, '1', 8),
(289, 32, 9, 4, '1', 8),
(290, 32, 12, 4, '1', 8),
(291, 32, 10, 4, '1', 8),
(292, 32, 7, 4, '1', 8),
(293, 32, 13, 4, '1', 8),
(294, 32, 14, 4, '1', 8),
(295, 32, 15, 4, '1', 8),
(296, 32, 16, 4, '1', 8),
(297, 32, 17, 4, '1', 8),
(298, 33, 8, 4, '1', 8),
(299, 33, 7, 4, '1', 8),
(300, 33, 10, 4, '1', 8),
(301, 33, 9, 4, '1', 8),
(302, 33, 11, 4, '1', 8),
(303, 33, 12, 4, '1', 8),
(304, 33, 13, 4, '1', 8),
(305, 33, 14, 4, '1', 8),
(306, 33, 15, 4, '1', 8),
(307, 33, 16, 4, '1', 8),
(308, 33, 17, 4, '1', 8),
(309, 34, 10, 4, '1', 8),
(310, 34, 7, 4, '1', 8),
(311, 34, 11, 4, '1', 8),
(312, 34, 12, 4, '1', 8),
(313, 34, 8, 4, '1', 8),
(314, 34, 9, 4, '1', 8),
(315, 34, 13, 4, '1', 8),
(316, 34, 14, 4, '1', 8),
(317, 34, 15, 4, '1', 8),
(318, 34, 16, 4, '1', 8),
(319, 34, 17, 4, '1', 8),
(320, 35, 10, 4, '1', 8),
(321, 35, 7, 4, '1', 8),
(322, 35, 8, 4, '1', 8),
(323, 35, 11, 4, '1', 8),
(324, 35, 12, 4, '1', 8),
(325, 35, 9, 4, '1', 8),
(326, 35, 13, 4, '1', 8),
(327, 35, 14, 4, '1', 8),
(328, 35, 15, 4, '1', 8),
(329, 35, 16, 4, '1', 8),
(330, 35, 17, 4, '1', 8),
(331, 36, 8, 4, '1', 8),
(332, 36, 12, 4, '1', 8),
(333, 36, 9, 4, '1', 8),
(334, 36, 11, 4, '1', 8),
(335, 36, 7, 4, '1', 8),
(336, 36, 10, 4, '1', 8),
(337, 36, 13, 4, '1', 8),
(338, 36, 14, 4, '1', 8),
(339, 36, 15, 4, '1', 8),
(340, 36, 16, 4, '1', 8),
(341, 36, 17, 4, '1', 8),
(342, 37, 7, 4, '1', 8),
(343, 37, 11, 4, '1', 8),
(344, 37, 12, 4, '1', 8),
(345, 37, 9, 4, '1', 8),
(346, 37, 10, 4, '1', 8),
(347, 37, 8, 4, '1', 8),
(348, 37, 13, 4, '1', 8),
(349, 37, 14, 4, '1', 8),
(350, 37, 15, 4, '1', 8),
(351, 37, 16, 4, '1', 8),
(352, 37, 17, 4, '1', 8),
(353, 38, 7, 4, '1', 8),
(354, 38, 9, 4, '1', 8),
(355, 38, 12, 4, '1', 8),
(356, 38, 8, 4, '1', 8),
(357, 38, 11, 4, '1', 8),
(358, 38, 10, 4, '1', 8),
(359, 38, 13, 4, '1', 8),
(360, 38, 14, 4, '1', 8),
(361, 38, 15, 4, '1', 8),
(362, 38, 16, 4, '1', 8),
(363, 38, 17, 4, '1', 8),
(364, 39, 7, 4, '1', 8),
(365, 39, 12, 4, '1', 8),
(366, 39, 10, 4, '1', 8),
(367, 39, 9, 4, '1', 8),
(368, 39, 8, 4, '1', 8),
(369, 39, 11, 4, '1', 8),
(370, 39, 13, 4, '1', 8),
(371, 39, 14, 4, '1', 8),
(372, 39, 15, 4, '1', 8),
(373, 39, 16, 4, '1', 8),
(374, 39, 17, 4, '1', 8),
(375, 40, 7, 4, '1', 8),
(376, 40, 12, 4, '1', 8),
(377, 40, 9, 4, '1', 8),
(378, 40, 10, 4, '1', 8),
(379, 40, 11, 4, '1', 8),
(380, 40, 8, 4, '1', 8),
(381, 40, 13, 4, '1', 8),
(382, 40, 14, 4, '1', 8),
(383, 40, 15, 4, '1', 8),
(384, 40, 16, 4, '1', 8),
(385, 40, 17, 4, '1', 8),
(386, 41, 12, 4, '1', 8),
(387, 41, 7, 4, '1', 8),
(388, 41, 10, 4, '1', 8),
(389, 41, 8, 4, '1', 8),
(390, 41, 9, 4, '1', 8),
(391, 41, 11, 4, '1', 8),
(392, 41, 13, 4, '1', 8),
(393, 41, 14, 4, '1', 8),
(394, 41, 15, 4, '1', 8),
(395, 41, 16, 4, '1', 8),
(396, 41, 17, 4, '1', 8),
(397, 42, 7, 4, '1', 8),
(398, 42, 9, 4, '1', 8),
(399, 42, 10, 4, '1', 8),
(400, 42, 12, 4, '1', 8),
(401, 42, 11, 4, '1', 8),
(402, 42, 8, 4, '1', 8),
(403, 42, 13, 4, '1', 8),
(404, 42, 14, 4, '1', 8),
(405, 42, 15, 4, '1', 8),
(406, 42, 16, 4, '1', 8),
(407, 42, 17, 4, '1', 8),
(408, 43, 7, 4, '1', 8),
(409, 43, 10, 4, '1', 8),
(410, 43, 12, 4, '1', 8),
(411, 43, 11, 4, '1', 8),
(412, 43, 9, 4, '1', 8),
(413, 43, 8, 4, '1', 8),
(414, 43, 13, 4, '1', 8),
(415, 43, 14, 4, '1', 8),
(416, 43, 15, 4, '1', 8),
(417, 43, 16, 4, '1', 8),
(418, 43, 17, 4, '1', 8),
(419, 44, 9, 4, '1', 8),
(420, 44, 11, 4, '1', 8),
(421, 44, 8, 4, '1', 8),
(422, 44, 10, 4, '1', 8),
(423, 44, 12, 4, '1', 8),
(424, 44, 7, 4, '1', 8),
(425, 44, 13, 4, '1', 8),
(426, 44, 14, 4, '1', 8),
(427, 44, 15, 4, '1', 8),
(428, 44, 16, 4, '1', 8),
(429, 44, 17, 4, '1', 8),
(430, 45, 8, 4, '1', 8),
(431, 45, 12, 4, '1', 8),
(432, 45, 9, 4, '1', 8),
(433, 45, 10, 4, '1', 8),
(434, 45, 11, 4, '1', 8),
(435, 45, 7, 4, '1', 8),
(436, 45, 13, 4, '1', 8),
(437, 45, 14, 4, '1', 8),
(438, 45, 15, 4, '1', 8),
(439, 45, 16, 4, '1', 8),
(440, 45, 17, 4, '1', 8),
(441, 46, 7, 4, '1', 8),
(442, 46, 9, 4, '1', 8),
(443, 46, 11, 4, '1', 8),
(444, 46, 8, 4, '1', 8),
(445, 46, 12, 4, '1', 8),
(446, 46, 10, 4, '1', 8),
(447, 46, 13, 4, '1', 8),
(448, 46, 14, 4, '1', 8),
(449, 46, 15, 4, '1', 8),
(450, 46, 16, 4, '1', 8),
(451, 46, 17, 4, '1', 8),
(452, 47, 9, 4, '1', 8),
(453, 47, 7, 4, '1', 8),
(454, 47, 10, 4, '1', 8),
(455, 47, 11, 4, '1', 8),
(456, 47, 12, 4, '1', 8),
(457, 47, 8, 4, '1', 8),
(458, 47, 13, 4, '1', 8),
(459, 47, 14, 4, '1', 8),
(460, 47, 15, 4, '1', 8),
(461, 47, 16, 4, '1', 8),
(462, 47, 17, 4, '1', 8),
(463, 48, 8, 4, '1', 8),
(464, 48, 11, 4, '1', 8),
(465, 48, 10, 4, '1', 8),
(466, 48, 7, 4, '1', 8),
(467, 48, 12, 4, '1', 8),
(468, 48, 9, 4, '1', 8),
(469, 48, 13, 4, '1', 8),
(470, 48, 14, 4, '1', 8),
(471, 48, 15, 4, '1', 8),
(472, 48, 16, 4, '1', 8),
(473, 48, 17, 4, '1', 8),
(474, 49, 8, 4, '1', 8),
(475, 49, 7, 4, '1', 8),
(476, 49, 12, 4, '1', 8),
(477, 49, 11, 4, '1', 8),
(478, 49, 9, 4, '1', 8),
(479, 49, 10, 4, '1', 8),
(480, 49, 13, 4, '1', 8),
(481, 49, 14, 4, '1', 8),
(482, 49, 15, 4, '1', 8),
(483, 49, 16, 4, '1', 8),
(484, 49, 17, 4, '1', 8),
(485, 50, 8, 4, '1', 8),
(486, 50, 10, 4, '1', 8),
(487, 50, 9, 4, '1', 8),
(488, 50, 7, 4, '1', 8),
(489, 50, 11, 4, '1', 8),
(490, 50, 12, 4, '1', 8),
(491, 50, 13, 4, '1', 8),
(492, 50, 14, 4, '1', 8),
(493, 50, 15, 4, '1', 8),
(494, 50, 16, 4, '1', 8),
(495, 50, 17, 4, '1', 8),
(496, 51, 7, 4, '1', 8),
(497, 51, 10, 4, '1', 8),
(498, 51, 8, 4, '1', 8),
(499, 51, 11, 4, '1', 8),
(500, 51, 12, 4, '1', 8),
(501, 51, 9, 4, '1', 8),
(502, 51, 13, 4, '1', 8),
(503, 51, 14, 4, '1', 8),
(504, 51, 15, 4, '1', 8),
(505, 51, 16, 4, '1', 8),
(506, 51, 17, 4, '1', 8),
(507, 52, 8, 4, '1', 8),
(508, 52, 10, 4, '1', 8),
(509, 52, 12, 4, '1', 8),
(510, 52, 7, 4, '1', 8),
(511, 52, 11, 4, '1', 8),
(512, 52, 9, 4, '1', 8),
(513, 52, 13, 4, '1', 8),
(514, 52, 14, 4, '1', 8),
(515, 52, 15, 4, '1', 8),
(516, 52, 16, 4, '1', 8),
(517, 52, 17, 4, '1', 8),
(518, 53, 10, 4, '1', 8),
(519, 53, 7, 4, '1', 8),
(520, 53, 8, 4, '1', 8),
(521, 53, 11, 4, '1', 8),
(522, 53, 9, 4, '1', 8),
(523, 53, 12, 4, '1', 8),
(524, 53, 13, 4, '1', 8),
(525, 53, 14, 4, '1', 8),
(526, 53, 15, 4, '1', 8),
(527, 53, 16, 4, '1', 8),
(528, 53, 17, 4, '1', 8),
(529, 54, 7, 4, '1', 8),
(530, 54, 11, 4, '1', 8),
(531, 54, 10, 4, '1', 8),
(532, 54, 12, 4, '1', 8),
(533, 54, 8, 4, '1', 8),
(534, 54, 9, 4, '1', 8),
(535, 54, 13, 4, '1', 8),
(536, 54, 14, 4, '1', 8),
(537, 54, 15, 4, '1', 8),
(538, 54, 16, 4, '1', 8),
(539, 54, 17, 4, '1', 8),
(540, 55, 11, 4, '1', 8),
(541, 55, 9, 4, '1', 8),
(542, 55, 10, 4, '1', 8),
(543, 55, 8, 4, '1', 8),
(544, 55, 7, 4, '1', 8),
(545, 55, 12, 4, '1', 8),
(546, 55, 13, 4, '1', 8),
(547, 55, 14, 4, '1', 8),
(548, 55, 15, 4, '1', 8),
(549, 55, 16, 4, '1', 8),
(550, 55, 17, 4, '1', 8),
(551, 56, 11, 4, '1', 8),
(552, 56, 10, 4, '1', 8),
(553, 56, 9, 4, '1', 8),
(554, 56, 7, 4, '1', 8),
(555, 56, 8, 4, '1', 8),
(556, 56, 12, 4, '1', 8),
(557, 56, 13, 4, '1', 8),
(558, 56, 14, 4, '1', 8),
(559, 56, 15, 4, '1', 8),
(560, 56, 16, 4, '1', 8),
(561, 56, 17, 4, '1', 8),
(562, 57, 7, 4, '1', 8),
(563, 57, 11, 4, '1', 8),
(564, 57, 10, 4, '1', 8),
(565, 57, 9, 4, '1', 8),
(566, 57, 12, 4, '1', 8),
(567, 57, 8, 4, '1', 8),
(568, 57, 13, 4, '1', 8),
(569, 57, 14, 4, '1', 8),
(570, 57, 15, 4, '1', 8),
(571, 57, 16, 4, '1', 8),
(572, 57, 17, 4, '1', 8),
(573, 58, 7, 4, '1', 8),
(574, 58, 11, 4, '1', 8),
(575, 58, 10, 4, '1', 8),
(576, 58, 9, 4, '1', 8),
(577, 58, 8, 4, '1', 8),
(578, 58, 12, 4, '1', 8),
(579, 58, 13, 4, '1', 8),
(580, 58, 14, 4, '1', 8),
(581, 58, 15, 4, '1', 8),
(582, 58, 16, 4, '1', 8),
(583, 58, 17, 4, '1', 8),
(584, 59, 9, 4, '1', 8),
(585, 59, 10, 4, '1', 8),
(586, 59, 12, 4, '1', 8),
(587, 59, 11, 4, '1', 8),
(588, 59, 7, 4, '1', 8),
(589, 59, 8, 4, '1', 8),
(590, 59, 13, 4, '1', 8),
(591, 59, 14, 4, '1', 8),
(592, 59, 15, 4, '1', 8),
(593, 59, 16, NULL, '3', 8),
(594, 59, 17, NULL, '3', 8),
(595, 60, 7, 4, '1', 8),
(596, 60, 8, 4, '1', 8),
(597, 60, 10, NULL, '3', 8),
(598, 60, 9, NULL, '3', 8),
(599, 60, 12, 4, '1', 8),
(600, 60, 11, NULL, '3', 8),
(601, 60, 13, 4, '1', 8),
(602, 60, 14, 4, '1', 8),
(603, 60, 15, 4, '1', 8),
(604, 60, 16, NULL, '3', 8),
(605, 60, 17, NULL, '3', 8),
(606, 61, 7, NULL, '3', 8),
(607, 61, 9, 4, '1', 8),
(608, 61, 11, NULL, '3', 8),
(609, 61, 8, NULL, '3', 8),
(610, 61, 12, NULL, '3', 8),
(611, 61, 10, NULL, '3', 8),
(612, 61, 13, NULL, '3', 8),
(613, 61, 14, 4, '1', 8),
(614, 61, 15, NULL, '3', 8),
(615, 61, 16, NULL, '3', 8),
(616, 61, 17, 4, '1', 8),
(617, 62, 7, 4, '1', 8),
(618, 62, 8, NULL, '3', 8),
(619, 62, 11, 4, '1', 8),
(620, 62, 10, NULL, '3', 8),
(621, 62, 9, NULL, '3', 8),
(622, 62, 12, NULL, '3', 8),
(623, 62, 13, NULL, '3', 8),
(624, 62, 14, NULL, '3', 8),
(625, 62, 15, 4, '1', 8),
(626, 62, 16, NULL, '3', 8),
(627, 62, 17, NULL, '3', 8),
(628, 63, 10, NULL, '3', 8),
(629, 63, 8, 4, '1', 8),
(630, 63, 9, NULL, '3', 8),
(631, 63, 11, 4, '1', 8),
(632, 63, 12, 4, '1', 8),
(633, 63, 7, 4, '1', 8),
(634, 63, 13, 4, '1', 8),
(635, 63, 14, 4, '1', 8),
(636, 63, 15, 4, '1', 8),
(637, 63, 16, 4, '1', 8),
(638, 63, 17, 4, '1', 8),
(639, 64, 7, 4, '1', 8),
(640, 64, 9, 4, '1', 8),
(641, 64, 11, 4, '1', 8),
(642, 64, 10, 4, '1', 8),
(643, 64, 12, 4, '1', 8),
(644, 64, 8, 4, '1', 8),
(645, 64, 13, 4, '1', 8),
(646, 64, 14, 4, '1', 8),
(647, 64, 15, 4, '1', 8),
(648, 64, 16, NULL, '3', 8),
(649, 64, 17, 4, '1', 8),
(650, 65, 8, NULL, '3', 8),
(651, 65, 7, NULL, '3', 8),
(652, 65, 9, NULL, '3', 8),
(653, 65, 10, NULL, '3', 8),
(654, 65, 11, NULL, '3', 8),
(655, 65, 12, NULL, '3', 8),
(656, 65, 13, NULL, '3', 8),
(657, 65, 14, NULL, '3', 8),
(658, 65, 15, NULL, '3', 8),
(659, 65, 16, NULL, '3', 8),
(660, 65, 17, 4, '1', 8),
(661, 66, 7, NULL, '3', 8),
(662, 66, 8, 4, '1', 8),
(663, 66, 10, NULL, '3', 8),
(664, 66, 9, 4, '1', 8),
(665, 66, 11, NULL, '3', 8),
(666, 66, 12, 4, '1', 8),
(667, 66, 13, NULL, '3', 8),
(668, 66, 14, 4, '1', 8),
(669, 66, 15, NULL, '3', 8),
(670, 66, 16, 4, '1', 8),
(671, 66, 17, 4, '1', 8),
(672, 67, 10, NULL, '3', 8),
(673, 67, 9, NULL, '3', 8),
(674, 67, 8, 4, '1', 8),
(675, 67, 7, 4, '1', 8),
(676, 67, 11, NULL, '3', 8),
(677, 67, 12, NULL, '3', 8),
(678, 67, 13, NULL, '3', 8),
(679, 67, 14, NULL, '3', 8),
(680, 67, 15, NULL, '3', 8),
(681, 67, 16, 4, '1', 8),
(682, 67, 17, 4, '1', 8),
(683, 68, 9, NULL, '3', 8),
(684, 68, 7, 4, '1', 8),
(685, 68, 10, 4, '1', 8),
(686, 68, 8, 4, '1', 8),
(687, 68, 11, 4, '1', 8),
(688, 68, 12, 4, '1', 8),
(689, 68, 13, NULL, '3', 8),
(690, 68, 14, 4, '1', 8),
(691, 68, 15, NULL, '3', 8),
(692, 68, 16, 4, '1', 8),
(693, 68, 17, 4, '1', 8),
(694, 69, 8, 4, '1', 8),
(695, 69, 9, 4, '1', 8),
(696, 69, 7, 4, '1', 8),
(697, 69, 12, NULL, '3', 8),
(698, 69, 11, 4, '1', 8),
(699, 69, 10, NULL, '3', 8),
(700, 69, 13, 4, '1', 8),
(701, 69, 14, NULL, '3', 8),
(702, 69, 15, NULL, '3', 8),
(703, 69, 16, NULL, '3', 8),
(704, 69, 17, NULL, '3', 8),
(705, 70, 10, NULL, '3', 8),
(706, 70, 8, 4, '1', 8),
(707, 70, 7, 4, '1', 8),
(708, 70, 11, NULL, '3', 8),
(709, 70, 12, NULL, '3', 8),
(710, 70, 9, 4, '1', 8),
(711, 70, 13, 4, '1', 8),
(712, 70, 14, NULL, '3', 8),
(713, 70, 15, 4, '1', 8),
(714, 70, 16, 4, '1', 8),
(715, 70, 17, NULL, '3', 8),
(716, 71, 9, NULL, '3', 8),
(717, 71, 10, 4, '1', 8),
(718, 71, 7, 4, '1', 8),
(719, 71, 8, 4, '1', 8),
(720, 71, 12, 4, '1', 8),
(721, 71, 11, 4, '1', 8),
(722, 71, 13, NULL, '3', 8),
(723, 71, 14, 4, '1', 8),
(724, 71, 15, 4, '1', 8),
(725, 71, 16, 4, '1', 8),
(726, 71, 17, 4, '1', 8),
(727, 72, 7, 4, '1', 8),
(728, 72, 10, NULL, '3', 8),
(729, 72, 9, 4, '1', 8),
(730, 72, 11, NULL, '3', 8),
(731, 72, 8, 4, '1', 8),
(732, 72, 12, NULL, '3', 8),
(733, 72, 13, 4, '1', 8),
(734, 72, 14, 4, '1', 8),
(735, 72, 15, 4, '1', 8),
(736, 72, 16, 4, '1', 8),
(737, 72, 17, 4, '1', 8),
(738, 73, 9, NULL, '3', 8),
(739, 73, 8, NULL, '3', 8),
(740, 73, 12, NULL, '3', 8),
(741, 73, 7, 4, '1', 8),
(742, 73, 11, 4, '1', 8),
(743, 73, 10, NULL, '3', 8),
(744, 73, 13, NULL, '3', 8),
(745, 73, 14, NULL, '3', 8),
(746, 73, 15, NULL, '3', 8),
(747, 73, 16, NULL, '3', 8),
(748, 73, 17, NULL, '3', 8),
(749, 74, 7, 4, '1', 8),
(750, 74, 12, NULL, '3', 8),
(751, 74, 9, 4, '1', 8),
(752, 74, 8, 4, '1', 8),
(753, 74, 10, 4, '1', 8),
(754, 74, 11, 4, '1', 8),
(755, 74, 13, 4, '1', 8),
(756, 74, 14, 4, '1', 8),
(757, 74, 15, 4, '1', 8),
(758, 74, 16, 4, '1', 8),
(759, 74, 17, 4, '1', 8),
(760, 75, 10, NULL, '3', 8),
(761, 75, 11, 4, '1', 8),
(762, 75, 9, NULL, '3', 8),
(763, 75, 7, 4, '1', 8),
(764, 75, 12, 4, '1', 8),
(765, 75, 8, 4, '1', 8),
(766, 75, 13, NULL, '3', 8),
(767, 75, 14, 4, '1', 8),
(768, 75, 15, 4, '1', 8),
(769, 75, 16, 4, '1', 8),
(770, 75, 17, 4, '1', 8),
(771, 76, 7, 4, '1', 8),
(772, 76, 10, 4, '1', 8),
(773, 76, 11, 4, '1', 8),
(774, 76, 9, 4, '1', 8),
(775, 76, 8, 4, '1', 8),
(776, 76, 12, 4, '1', 8),
(777, 76, 13, 4, '1', 8),
(778, 76, 14, 4, '1', 8),
(779, 76, 15, 4, '1', 8),
(780, 76, 16, 4, '1', 8),
(781, 76, 17, 4, '1', 8),
(782, 77, 9, 4, '1', 8),
(783, 77, 7, 4, '1', 8),
(784, 77, 8, NULL, '3', 8),
(785, 77, 10, 4, '1', 8),
(786, 77, 12, NULL, '3', 8),
(787, 77, 11, NULL, '3', 8),
(788, 77, 13, NULL, '3', 8),
(789, 77, 14, NULL, '3', 8),
(790, 77, 15, 4, '1', 8),
(791, 77, 16, 4, '1', 8),
(792, 77, 17, NULL, '3', 8),
(793, 78, 11, 4, '1', 8),
(794, 78, 10, 4, '1', 8),
(795, 78, 7, 4, '1', 8),
(796, 78, 9, 4, '1', 8),
(797, 78, 8, 4, '1', 8),
(798, 78, 12, 4, '1', 8),
(799, 78, 13, 4, '1', 8),
(800, 78, 14, 4, '1', 8),
(801, 78, 15, 4, '1', 8),
(802, 78, 16, 4, '1', 8),
(803, 78, 17, 4, '1', 8),
(804, 79, 9, NULL, '3', 8),
(805, 79, 12, NULL, '3', 8),
(806, 79, 11, NULL, '3', 8),
(807, 79, 7, 4, '1', 8),
(808, 79, 8, NULL, '3', 8),
(809, 79, 10, NULL, '3', 8),
(810, 79, 13, NULL, '3', 8),
(811, 79, 14, NULL, '3', 8),
(812, 79, 15, NULL, '3', 8),
(813, 79, 16, NULL, '3', 8),
(814, 79, 17, NULL, '3', 8),
(815, 80, 7, 4, '1', 8),
(816, 80, 8, 4, '1', 8),
(817, 80, 12, 4, '1', 8),
(818, 80, 9, 4, '1', 8),
(819, 80, 10, 4, '1', 8),
(820, 80, 11, 4, '1', 8),
(821, 80, 13, 4, '1', 8),
(822, 80, 14, 4, '1', 8),
(823, 80, 15, 4, '1', 8),
(824, 80, 16, 4, '1', 8),
(825, 80, 17, 4, '1', 8),
(826, 81, 9, 4, '1', 8),
(827, 81, 10, 4, '1', 8),
(828, 81, 12, 4, '1', 8),
(829, 81, 7, 4, '1', 8),
(830, 81, 11, 4, '1', 8),
(831, 81, 8, 4, '1', 8),
(832, 81, 13, 4, '1', 8),
(833, 81, 14, 4, '1', 8),
(834, 81, 15, 4, '1', 8),
(835, 81, 16, 4, '1', 8),
(836, 81, 17, 4, '1', 8),
(837, 82, 7, 4, '1', 8),
(838, 82, 12, 4, '1', 8),
(839, 82, 11, 4, '1', 8),
(840, 82, 10, 4, '1', 8),
(841, 82, 9, 4, '1', 8),
(842, 82, 8, 4, '1', 8),
(843, 82, 13, 4, '1', 8),
(844, 82, 14, 4, '1', 8),
(845, 82, 15, 4, '1', 8),
(846, 82, 16, 4, '1', 8),
(847, 82, 17, 4, '1', 8),
(848, 83, 9, 4, '1', 8),
(849, 83, 7, 4, '1', 8),
(850, 83, 8, 4, '1', 8),
(851, 83, 12, 4, '1', 8),
(852, 83, 10, 4, '1', 8),
(853, 83, 11, 4, '1', 8),
(854, 83, 13, 4, '1', 8),
(855, 83, 14, 4, '1', 8),
(856, 83, 15, 4, '1', 8),
(857, 83, 16, 4, '1', 8),
(858, 83, 17, 4, '1', 8),
(859, 84, 10, 4, '1', 8),
(860, 84, 8, 4, '1', 8),
(861, 84, 11, 4, '1', 8),
(862, 84, 9, 4, '1', 8),
(863, 84, 7, 4, '1', 8),
(864, 84, 12, 4, '1', 8),
(865, 84, 13, 4, '1', 8),
(866, 84, 14, 4, '1', 8),
(867, 84, 15, 4, '1', 8),
(868, 84, 16, 4, '1', 8),
(869, 84, 17, 4, '1', 8),
(870, 85, 11, 4, '1', 8),
(871, 85, 12, 4, '1', 8),
(872, 85, 8, 4, '1', 8),
(873, 85, 10, 4, '1', 8),
(874, 85, 9, 4, '1', 8),
(875, 85, 7, 4, '1', 8),
(876, 85, 13, 4, '1', 8),
(877, 85, 14, 4, '1', 8),
(878, 85, 15, 4, '1', 8),
(879, 85, 16, 4, '1', 8),
(880, 85, 17, 4, '1', 8),
(881, 86, 12, 4, '1', 8),
(882, 86, 11, 4, '1', 8),
(883, 86, 7, 4, '1', 8),
(884, 86, 8, 4, '1', 8),
(885, 86, 9, 4, '1', 8),
(886, 86, 10, 4, '1', 8),
(887, 86, 13, 4, '1', 8),
(888, 86, 14, 4, '1', 8),
(889, 86, 15, 4, '1', 8),
(890, 86, 16, 4, '1', 8),
(891, 86, 17, 4, '1', 8),
(892, 87, 10, 4, '1', 8),
(893, 87, 8, 4, '1', 8),
(894, 87, 11, 4, '1', 8),
(895, 87, 12, 4, '1', 8),
(896, 87, 7, 4, '1', 8),
(897, 87, 9, 4, '1', 8),
(898, 87, 13, 4, '1', 8),
(899, 87, 14, 4, '1', 8),
(900, 87, 15, 4, '1', 8),
(901, 87, 16, NULL, '3', 8),
(902, 87, 17, 4, '1', 8),
(903, 88, 8, 4, '1', 8),
(904, 88, 7, 4, '1', 8),
(905, 88, 9, 4, '1', 8),
(906, 88, 11, NULL, '3', 8),
(907, 88, 10, 4, '1', 8),
(908, 88, 12, 4, '1', 8),
(909, 88, 13, 4, '1', 8),
(910, 88, 14, 4, '1', 8),
(911, 88, 15, 4, '1', 8),
(912, 88, 16, NULL, '3', 8),
(913, 88, 17, 4, '1', 8),
(914, 89, 7, 4, '1', 8),
(915, 89, 9, 4, '1', 8),
(916, 89, 10, 4, '1', 8),
(917, 89, 11, 4, '1', 8),
(918, 89, 8, 4, '1', 8),
(919, 89, 12, 4, '1', 8),
(920, 89, 13, 4, '1', 8),
(921, 89, 14, 4, '1', 8),
(922, 89, 15, 4, '1', 8),
(923, 89, 16, 4, '1', 8),
(924, 89, 17, NULL, '3', 8),
(925, 90, 10, NULL, '3', 8),
(926, 90, 8, 4, '1', 8),
(927, 90, 9, 4, '1', 8),
(928, 90, 7, 4, '1', 8),
(929, 90, 11, NULL, '3', 8),
(930, 90, 12, 4, '1', 8),
(931, 90, 13, 4, '1', 8),
(932, 90, 14, 4, '1', 8),
(933, 90, 15, 4, '1', 8),
(934, 90, 16, 4, '1', 8),
(935, 90, 17, 4, '1', 8),
(936, 91, 8, 4, '1', 8),
(937, 91, 7, 4, '1', 8),
(938, 91, 12, NULL, '3', 8),
(939, 91, 11, 4, '1', 8),
(940, 91, 9, 4, '1', 8),
(941, 91, 10, NULL, '3', 8),
(942, 91, 13, 4, '1', 8),
(943, 91, 14, 4, '1', 8),
(944, 91, 15, 4, '1', 8),
(945, 91, 16, 4, '1', 8),
(946, 91, 17, 4, '1', 8),
(947, 92, 7, 4, '1', 8),
(948, 92, 9, NULL, '3', 8),
(949, 92, 8, NULL, '3', 8),
(950, 92, 10, NULL, '3', 8),
(951, 92, 11, NULL, '3', 8),
(952, 92, 12, NULL, '3', 8),
(953, 92, 13, NULL, '3', 8),
(954, 92, 14, NULL, '3', 8),
(955, 92, 15, NULL, '3', 8),
(956, 92, 16, NULL, '3', 8),
(957, 92, 17, NULL, '3', 8),
(1233, 118, 7, 4, '1', 8),
(1234, 118, 11, 4, '1', 8),
(1235, 118, 12, 4, '1', 8),
(1236, 118, 9, 4, '1', 8),
(1237, 118, 10, 4, '1', 8),
(1238, 118, 8, 4, '1', 8),
(1239, 118, 13, 4, '1', 8),
(1240, 118, 14, 4, '1', 8),
(1241, 118, 15, 4, '1', 8),
(1242, 118, 16, 4, '1', 8),
(1243, 118, 17, 4, '1', 8),
(1244, 119, 12, 4, '1', 8),
(1245, 119, 10, 4, '1', 8),
(1246, 119, 9, 4, '1', 8),
(1247, 119, 8, 4, '1', 8),
(1248, 119, 11, 4, '1', 8),
(1249, 119, 7, 4, '1', 8),
(1250, 119, 13, 4, '1', 8),
(1251, 119, 14, 4, '1', 8),
(1252, 119, 15, 4, '1', 8),
(1253, 119, 16, 4, '1', 8),
(1254, 119, 17, 4, '1', 8),
(1255, 120, 8, 4, '1', 8),
(1256, 120, 11, 4, '1', 8),
(1257, 120, 10, 4, '1', 8),
(1258, 120, 12, 4, '1', 8),
(1259, 120, 9, 4, '1', 8),
(1260, 120, 7, 4, '1', 8),
(1261, 120, 13, 4, '1', 8),
(1262, 120, 14, 4, '1', 8),
(1263, 120, 15, 4, '1', 8),
(1264, 120, 16, 4, '1', 8),
(1265, 120, 17, 4, '1', 8),
(1266, 121, 7, 4, '1', 8),
(1267, 121, 8, 4, '1', 8),
(1268, 121, 9, 4, '1', 8),
(1269, 121, 10, 4, '1', 8),
(1270, 121, 11, 4, '1', 8),
(1271, 121, 12, 4, '1', 8),
(1272, 121, 13, 4, '1', 8),
(1273, 121, 14, 4, '1', 8),
(1274, 121, 15, 4, '1', 8),
(1275, 121, 16, 4, '1', 8),
(1276, 121, 17, 4, '1', 8),
(1277, 122, 7, 4, '1', 8),
(1278, 122, 9, 4, '1', 8),
(1279, 122, 8, 4, '1', 8),
(1280, 122, 10, 4, '1', 8),
(1281, 122, 12, 4, '1', 8),
(1282, 122, 11, 4, '1', 8),
(1283, 122, 13, 4, '1', 8),
(1284, 122, 14, 4, '1', 8),
(1285, 122, 15, 4, '1', 8),
(1286, 122, 16, 4, '1', 8),
(1287, 122, 17, 4, '1', 8),
(1288, 123, 7, 4, '1', 8),
(1289, 123, 9, 4, '1', 8),
(1290, 123, 10, 4, '1', 8),
(1291, 123, 12, 4, '1', 8),
(1292, 123, 8, 4, '1', 8),
(1293, 123, 11, 4, '1', 8),
(1294, 123, 13, 4, '1', 8),
(1295, 123, 14, 4, '1', 8),
(1296, 123, 15, 4, '1', 8),
(1297, 123, 16, 4, '1', 8),
(1298, 123, 17, 4, '1', 8),
(1299, 124, 9, 4, '1', 8),
(1300, 124, 10, 4, '1', 8),
(1301, 124, 8, 4, '1', 8),
(1302, 124, 7, 4, '1', 8),
(1303, 124, 11, 4, '1', 8),
(1304, 124, 12, 4, '1', 8),
(1305, 124, 13, 4, '1', 8),
(1306, 124, 14, 4, '1', 8),
(1307, 124, 15, 4, '1', 8),
(1308, 124, 16, 4, '1', 8),
(1309, 124, 17, 4, '1', 8),
(1310, 125, 9, 4, '1', 8),
(1311, 125, 7, 4, '1', 8),
(1312, 125, 8, 4, '1', 8),
(1313, 125, 10, 4, '1', 8),
(1314, 125, 12, 4, '1', 8),
(1315, 125, 11, 4, '1', 8),
(1316, 125, 13, 4, '1', 8),
(1317, 125, 14, 4, '1', 8),
(1318, 125, 15, 4, '1', 8),
(1319, 125, 16, 4, '1', 8),
(1320, 125, 17, 4, '1', 8),
(1321, 126, 7, 4, '1', 8),
(1322, 126, 11, 4, '1', 8),
(1323, 126, 8, 4, '1', 8),
(1324, 126, 10, 4, '1', 8),
(1325, 126, 9, 4, '1', 8),
(1326, 126, 12, 4, '1', 8),
(1327, 126, 13, 4, '1', 8),
(1328, 126, 14, 4, '1', 8),
(1329, 126, 15, 4, '1', 8),
(1330, 126, 16, 4, '1', 8),
(1331, 126, 17, 4, '1', 8),
(1332, 127, 7, 4, '1', 8),
(1333, 127, 12, 4, '1', 8),
(1334, 127, 11, 4, '1', 8),
(1335, 127, 9, 4, '1', 8),
(1336, 127, 10, 4, '1', 8),
(1337, 127, 8, 4, '1', 8),
(1338, 127, 13, 4, '1', 8),
(1339, 127, 14, 4, '1', 8),
(1340, 127, 15, 4, '1', 8),
(1341, 127, 16, 4, '1', 8),
(1342, 127, 17, 4, '1', 8),
(1343, 128, 7, 4, '1', 8),
(1344, 128, 11, 4, '1', 8),
(1345, 128, 8, 4, '1', 8),
(1346, 128, 12, 4, '1', 8),
(1347, 128, 10, 4, '1', 8),
(1348, 128, 9, 4, '1', 8),
(1349, 128, 13, 4, '1', 8),
(1350, 128, 14, 4, '1', 8),
(1351, 128, 15, 4, '1', 8),
(1352, 128, 16, 4, '1', 8),
(1353, 128, 17, 4, '1', 8),
(1354, 129, 8, 4, '1', 8),
(1355, 129, 7, 4, '1', 8),
(1356, 129, 9, 4, '1', 8),
(1357, 129, 11, 4, '1', 8),
(1358, 129, 10, 4, '1', 8),
(1359, 129, 12, 4, '1', 8),
(1360, 129, 13, 4, '1', 8),
(1361, 129, 14, 4, '1', 8),
(1362, 129, 15, 4, '1', 8),
(1363, 129, 16, 4, '1', 8),
(1364, 129, 17, 4, '1', 8),
(1365, 130, 9, 4, '1', 8),
(1366, 130, 11, 4, '1', 8),
(1367, 130, 10, 4, '1', 8),
(1368, 130, 12, 4, '1', 8),
(1369, 130, 8, 4, '1', 8),
(1370, 130, 7, 4, '1', 8),
(1371, 130, 13, 4, '1', 8),
(1372, 130, 14, 4, '1', 8),
(1373, 130, 15, 4, '1', 8),
(1374, 130, 16, 4, '1', 8),
(1375, 130, 17, 4, '1', 8),
(1376, 131, 10, 4, '1', 8),
(1377, 131, 9, 4, '1', 8),
(1378, 131, 12, 4, '1', 8),
(1379, 131, 11, 4, '1', 8),
(1380, 131, 7, 4, '1', 8),
(1381, 131, 8, 4, '1', 8),
(1382, 131, 13, 4, '1', 8),
(1383, 131, 14, 4, '1', 8),
(1384, 131, 15, 4, '1', 8),
(1385, 131, 16, 4, '1', 8),
(1386, 131, 17, 4, '1', 8),
(1387, 132, 10, 4, '1', 8),
(1388, 132, 9, 4, '1', 8),
(1389, 132, 11, 4, '1', 8),
(1390, 132, 12, 4, '1', 8),
(1391, 132, 7, 4, '1', 8),
(1392, 132, 8, 4, '1', 8),
(1393, 132, 13, 4, '1', 8),
(1394, 132, 14, 4, '1', 8),
(1395, 132, 15, 4, '1', 8),
(1396, 132, 16, 4, '1', 8),
(1397, 132, 17, 4, '1', 8),
(1398, 133, 7, 4, '1', 8),
(1399, 133, 8, NULL, '3', 8),
(1400, 133, 11, NULL, '3', 8),
(1401, 133, 10, 4, '1', 8),
(1402, 133, 9, NULL, '3', 8),
(1403, 133, 12, 4, '1', 8),
(1404, 133, 13, NULL, '3', 8),
(1405, 133, 14, 4, '1', 8),
(1406, 133, 15, NULL, '3', 8),
(1407, 133, 16, 4, '1', 8),
(1408, 133, 17, NULL, '3', 8),
(1409, 134, 9, 4, '1', 8),
(1410, 134, 8, NULL, '3', 8),
(1411, 134, 10, 4, '1', 8),
(1412, 134, 7, NULL, '3', 8),
(1413, 134, 12, 4, '1', 8),
(1414, 134, 11, 4, '1', 8),
(1415, 134, 13, NULL, '3', 8),
(1416, 134, 14, NULL, '3', 8),
(1417, 134, 15, NULL, '3', 8),
(1418, 134, 16, 4, '1', 8),
(1419, 134, 17, 4, '1', 8),
(1420, 135, 7, 4, '1', 8),
(1421, 135, 10, 4, '1', 8),
(1422, 135, 9, 4, '1', 8),
(1423, 135, 11, NULL, '3', 8),
(1424, 135, 8, 4, '1', 8),
(1425, 135, 12, NULL, '3', 8),
(1426, 135, 13, 4, '1', 8),
(1427, 135, 14, 4, '1', 8),
(1428, 135, 15, 4, '1', 8),
(1429, 135, 16, 4, '1', 8),
(1430, 135, 17, 4, '1', 8),
(1431, 136, 10, NULL, '3', 8),
(1432, 136, 11, NULL, '3', 8),
(1433, 136, 12, NULL, '3', 8),
(1434, 136, 7, 4, '1', 8),
(1435, 136, 8, 4, '1', 8),
(1436, 136, 9, 4, '1', 8),
(1437, 136, 13, NULL, '3', 8),
(1438, 136, 14, NULL, '3', 8),
(1439, 136, 15, 4, '1', 8),
(1440, 136, 16, 4, '1', 8),
(1441, 136, 17, 4, '1', 8),
(1442, 137, 11, 4, '1', 8),
(1443, 137, 10, NULL, '3', 8),
(1444, 137, 8, 4, '1', 8),
(1445, 137, 7, NULL, '3', 8),
(1446, 137, 9, 4, '1', 8),
(1447, 137, 12, 4, '1', 8),
(1448, 137, 13, 4, '1', 8),
(1449, 137, 14, NULL, '3', 8),
(1450, 137, 15, 4, '1', 8),
(1451, 137, 16, 4, '1', 8),
(1452, 137, 17, NULL, '3', 8),
(1453, 138, 8, 4, '1', 8),
(1454, 138, 7, 4, '1', 8),
(1455, 138, 12, NULL, '3', 8),
(1456, 138, 11, NULL, '3', 8),
(1457, 138, 10, NULL, '3', 8),
(1458, 138, 9, 4, '1', 8),
(1459, 138, 13, NULL, '3', 8),
(1460, 138, 14, NULL, '3', 8),
(1461, 138, 15, NULL, '3', 8),
(1462, 138, 16, NULL, '3', 8),
(1463, 138, 17, NULL, '3', 8),
(1464, 139, 11, NULL, '3', 8),
(1465, 139, 10, NULL, '3', 8),
(1466, 139, 7, NULL, '3', 8),
(1467, 139, 8, 4, '1', 8),
(1468, 139, 9, NULL, '3', 8),
(1469, 139, 12, NULL, '3', 8),
(1470, 139, 13, NULL, '3', 8),
(1471, 139, 14, 4, '1', 8),
(1472, 139, 15, NULL, '3', 8),
(1473, 139, 16, 4, '1', 8),
(1474, 139, 17, NULL, '3', 8),
(1475, 140, 7, 4, '1', 8),
(1476, 140, 9, 4, '1', 8),
(1477, 140, 11, 4, '1', 8),
(1478, 140, 10, 4, '1', 8),
(1479, 140, 8, 4, '1', 8),
(1480, 140, 12, 4, '1', 8),
(1481, 140, 13, NULL, '3', 8),
(1482, 140, 14, NULL, '3', 8),
(1483, 140, 15, 4, '1', 8),
(1484, 140, 16, 4, '1', 8),
(1485, 140, 17, 4, '1', 8),
(1486, 141, 10, NULL, '3', 8),
(1487, 141, 8, NULL, '3', 8),
(1488, 141, 11, 4, '1', 8),
(1489, 141, 12, NULL, '3', 8),
(1490, 141, 7, NULL, '3', 8),
(1491, 141, 9, 4, '1', 8),
(1492, 141, 13, NULL, '3', 8),
(1493, 141, 14, NULL, '3', 8),
(1494, 141, 15, 4, '1', 8),
(1495, 141, 16, 4, '1', 8),
(1496, 141, 17, NULL, '3', 8),
(1497, 142, 8, 4, '1', 8),
(1498, 142, 10, 4, '1', 8),
(1499, 142, 11, NULL, '3', 8),
(1500, 142, 9, 4, '1', 8),
(1501, 142, 7, 4, '1', 8),
(1502, 142, 12, 4, '1', 8),
(1503, 142, 13, 4, '1', 8),
(1504, 142, 14, 4, '1', 8),
(1505, 142, 15, 4, '1', 8),
(1506, 142, 16, 4, '1', 8),
(1507, 142, 17, 4, '1', 8),
(1508, 143, 11, 4, '1', 8),
(1509, 143, 8, 4, '1', 8),
(1510, 143, 9, 4, '1', 8),
(1511, 143, 10, 4, '1', 8),
(1512, 143, 7, 4, '1', 8),
(1513, 143, 12, 4, '1', 8),
(1514, 143, 13, 4, '1', 8),
(1515, 143, 14, 4, '1', 8),
(1516, 143, 15, 4, '1', 8),
(1517, 143, 16, 4, '1', 8),
(1518, 143, 17, 4, '1', 8),
(1519, 144, 11, 4, '1', 8),
(1520, 144, 9, 4, '1', 8),
(1521, 144, 8, 4, '1', 8),
(1522, 144, 12, 4, '1', 8),
(1523, 144, 10, 4, '1', 8),
(1524, 144, 7, 4, '1', 8),
(1525, 144, 13, 4, '1', 8),
(1526, 144, 14, 4, '1', 8),
(1527, 144, 15, 4, '1', 8),
(1528, 144, 16, 4, '1', 8),
(1529, 144, 17, 4, '1', 8),
(1530, 145, 9, 4, '1', 8),
(1531, 145, 11, 4, '1', 8),
(1532, 145, 12, 4, '1', 8),
(1533, 145, 7, 4, '1', 8),
(1534, 145, 10, 4, '1', 8),
(1535, 145, 8, 4, '1', 8),
(1536, 145, 13, 4, '1', 8),
(1537, 145, 14, 4, '1', 8),
(1538, 145, 15, 4, '1', 8),
(1539, 145, 16, 4, '1', 8),
(1540, 145, 17, 4, '1', 8),
(1541, 146, 10, 4, '1', 8),
(1542, 146, 7, 4, '1', 8),
(1543, 146, 12, 4, '1', 8),
(1544, 146, 11, 4, '1', 8),
(1545, 146, 8, 4, '1', 8),
(1546, 146, 9, 4, '1', 8),
(1547, 146, 13, 4, '1', 8),
(1548, 146, 14, 4, '1', 8),
(1549, 146, 15, 4, '1', 8),
(1550, 146, 16, 4, '1', 8),
(1551, 146, 17, 4, '1', 8),
(1552, 147, 7, 4, '1', 8),
(1553, 147, 10, 4, '1', 8),
(1554, 147, 8, 4, '1', 8),
(1555, 147, 11, 4, '1', 8),
(1556, 147, 9, 4, '1', 8),
(1557, 147, 12, 4, '1', 8),
(1558, 147, 13, 4, '1', 8),
(1559, 147, 14, 4, '1', 8),
(1560, 147, 15, 4, '1', 8),
(1561, 147, 16, 4, '1', 8),
(1562, 147, 17, 4, '1', 8),
(1563, 148, 10, 4, '1', 8),
(1564, 148, 7, 4, '1', 8),
(1565, 148, 12, 4, '1', 8),
(1566, 148, 11, 4, '1', 8),
(1567, 148, 9, 4, '1', 8),
(1568, 148, 8, 4, '1', 8),
(1569, 148, 13, 4, '1', 8),
(1570, 148, 14, 4, '1', 8),
(1571, 148, 15, 4, '1', 8),
(1572, 148, 16, 4, '1', 8),
(1573, 148, 17, 4, '1', 8),
(1574, 149, 12, 4, '1', 8),
(1575, 149, 10, 4, '1', 8),
(1576, 149, 11, 4, '1', 8),
(1577, 149, 7, 4, '1', 8),
(1578, 149, 9, 4, '1', 8),
(1579, 149, 8, 4, '1', 8),
(1580, 149, 13, 4, '1', 8),
(1581, 149, 14, 4, '1', 8),
(1582, 149, 15, 4, '1', 8),
(1583, 149, 16, 4, '1', 8),
(1584, 149, 17, 4, '1', 8),
(1585, 150, 10, 4, '1', 8),
(1586, 150, 7, NULL, '3', 8),
(1587, 150, 9, NULL, '3', 8),
(1588, 150, 11, NULL, '3', 8),
(1589, 150, 8, 4, '1', 8),
(1590, 150, 12, 4, '1', 8),
(1591, 150, 13, NULL, '3', 8),
(1592, 150, 14, 4, '1', 8),
(1593, 150, 15, 4, '1', 8),
(1594, 150, 16, 4, '1', 8),
(1595, 150, 17, NULL, '3', 8),
(1596, 151, 8, 4, '1', 8),
(1597, 151, 9, 4, '1', 8),
(1598, 151, 11, NULL, '3', 8),
(1599, 151, 7, NULL, '3', 8),
(1600, 151, 12, 4, '1', 8),
(1601, 151, 10, 4, '1', 8),
(1602, 151, 13, 4, '1', 8),
(1603, 151, 14, 4, '1', 8),
(1604, 151, 15, 4, '1', 8),
(1605, 151, 16, NULL, '3', 8),
(1606, 151, 17, 4, '1', 8),
(1607, 152, 9, NULL, '3', 8),
(1608, 152, 7, NULL, '3', 8),
(1609, 152, 8, NULL, '3', 8),
(1610, 152, 10, 4, '1', 8),
(1611, 152, 11, NULL, '3', 8),
(1612, 152, 12, NULL, '3', 8),
(1613, 152, 13, NULL, '3', 8),
(1614, 152, 14, 4, '1', 8),
(1615, 152, 15, NULL, '3', 8),
(1616, 152, 16, NULL, '3', 8),
(1617, 152, 17, NULL, '3', 8),
(1618, 153, 9, NULL, '3', 8),
(1619, 153, 11, 4, '1', 8),
(1620, 153, 7, 4, '1', 8),
(1621, 153, 8, 4, '1', 8),
(1622, 153, 10, NULL, '3', 8),
(1623, 153, 12, NULL, '3', 8),
(1624, 153, 13, NULL, '3', 8),
(1625, 153, 14, 4, '1', 8),
(1626, 153, 15, NULL, '3', 8),
(1627, 153, 16, NULL, '3', 8),
(1628, 153, 17, NULL, '3', 8),
(1629, 154, 7, NULL, '2', 8),
(1630, 154, 8, NULL, '2', 8),
(1631, 154, 9, NULL, '2', 8),
(1632, 154, 10, NULL, '2', 8),
(1633, 154, 12, NULL, '2', 8),
(1634, 154, 11, NULL, '2', 8),
(1635, 154, 13, NULL, '2', 8),
(1636, 154, 14, NULL, '2', 8),
(1637, 154, 15, NULL, '2', 8),
(1638, 154, 16, NULL, '2', 8),
(1639, 154, 17, NULL, '2', 8),
(1640, 155, 8, 4, '1', 8),
(1641, 155, 7, NULL, '3', 8),
(1642, 155, 10, 4, '1', 8),
(1643, 155, 9, NULL, '3', 8),
(1644, 155, 11, 4, '1', 8),
(1645, 155, 12, NULL, '3', 8),
(1646, 155, 13, NULL, '3', 8),
(1647, 155, 14, 4, '1', 8),
(1648, 155, 15, 4, '1', 8),
(1649, 155, 16, NULL, '3', 8),
(1650, 155, 17, NULL, '3', 8),
(1651, 156, 9, NULL, '3', 8),
(1652, 156, 11, NULL, '3', 8),
(1653, 156, 8, 4, '1', 8),
(1654, 156, 10, NULL, '3', 8),
(1655, 156, 7, NULL, '3', 8),
(1656, 156, 12, NULL, '3', 8),
(1657, 156, 13, 4, '1', 8),
(1658, 156, 14, 4, '1', 8),
(1659, 156, 15, 4, '1', 8),
(1660, 156, 16, 4, '1', 8),
(1661, 156, 17, NULL, '3', 8),
(1662, 157, 7, 4, '1', 8),
(1663, 157, 12, 4, '1', 8),
(1664, 157, 8, 4, '1', 8),
(1665, 157, 11, 4, '1', 8),
(1666, 157, 10, 4, '1', 8),
(1667, 157, 9, 4, '1', 8),
(1668, 157, 13, 4, '1', 8),
(1669, 157, 14, 4, '1', 8),
(1670, 157, 15, 4, '1', 8),
(1671, 157, 16, 4, '1', 8),
(1672, 157, 17, 4, '1', 8),
(1673, 158, 7, 4, '1', 8),
(1674, 158, 8, 4, '1', 8),
(1675, 158, 10, 4, '1', 8),
(1676, 158, 9, 4, '1', 8),
(1677, 158, 11, 4, '1', 8),
(1678, 158, 12, 4, '1', 8),
(1679, 158, 13, 4, '1', 8),
(1680, 158, 14, 4, '1', 8),
(1681, 158, 15, 4, '1', 8),
(1682, 158, 16, 4, '1', 8),
(1683, 158, 17, 4, '1', 8),
(1684, 159, 7, 4, '1', 8),
(1685, 159, 8, 4, '1', 8),
(1686, 159, 9, 4, '1', 8),
(1687, 159, 12, 4, '1', 8),
(1688, 159, 11, 4, '1', 8),
(1689, 159, 10, 4, '1', 8),
(1690, 159, 13, 4, '1', 8),
(1691, 159, 14, 4, '1', 8),
(1692, 159, 15, 4, '1', 8),
(1693, 159, 16, 4, '1', 8),
(1694, 159, 17, 4, '1', 8),
(1695, 160, 10, 4, '1', 8),
(1696, 160, 11, 4, '1', 8),
(1697, 160, 8, 4, '1', 8),
(1698, 160, 9, 4, '1', 8),
(1699, 160, 7, 4, '1', 8),
(1700, 160, 12, 4, '1', 8),
(1701, 160, 13, 4, '1', 8),
(1702, 160, 14, 4, '1', 8),
(1703, 160, 15, 4, '1', 8),
(1704, 160, 16, 4, '1', 8),
(1705, 160, 17, 4, '1', 8),
(1706, 161, 9, 4, '1', 8),
(1707, 161, 7, 4, '1', 8),
(1708, 161, 10, 4, '1', 8),
(1709, 161, 8, 4, '1', 8),
(1710, 161, 11, 4, '1', 8),
(1711, 161, 12, 4, '1', 8),
(1712, 161, 13, 4, '1', 8),
(1713, 161, 14, 4, '1', 8),
(1714, 161, 15, 4, '1', 8),
(1715, 161, 16, 4, '1', 8),
(1716, 161, 17, 4, '1', 8),
(1717, 162, 12, 4, '1', 8),
(1718, 162, 7, 4, '1', 8),
(1719, 162, 10, 4, '1', 8),
(1720, 162, 11, 4, '1', 8),
(1721, 162, 9, 4, '1', 8),
(1722, 162, 8, 4, '1', 8),
(1723, 162, 13, 4, '1', 8),
(1724, 162, 14, 4, '1', 8),
(1725, 162, 15, 4, '1', 8),
(1726, 162, 16, 4, '1', 8),
(1727, 162, 17, 4, '1', 8),
(1728, 163, 12, 4, '1', 8),
(1729, 163, 11, 4, '1', 8),
(1730, 163, 8, 4, '1', 8),
(1731, 163, 7, 4, '1', 8),
(1732, 163, 10, 4, '1', 8),
(1733, 163, 9, 4, '1', 8),
(1734, 163, 13, 4, '1', 8),
(1735, 163, 14, 4, '1', 8),
(1736, 163, 15, 4, '1', 8),
(1737, 163, 16, 4, '1', 8),
(1738, 163, 17, 4, '1', 8),
(1739, 164, 8, 4, '1', 8),
(1740, 164, 12, 4, '1', 8),
(1741, 164, 11, 4, '1', 8),
(1742, 164, 7, 4, '1', 8),
(1743, 164, 10, 4, '1', 8),
(1744, 164, 9, 4, '1', 8),
(1745, 164, 13, 4, '1', 8),
(1746, 164, 14, 4, '1', 8),
(1747, 164, 15, 4, '1', 8),
(1748, 164, 16, 4, '1', 8),
(1749, 164, 17, 4, '1', 8),
(1750, 165, 10, 4, '1', 8),
(1751, 165, 7, 4, '1', 8),
(1752, 165, 12, 4, '1', 8),
(1753, 165, 8, 4, '1', 8),
(1754, 165, 11, 4, '1', 8),
(1755, 165, 9, 4, '1', 8),
(1756, 165, 13, 4, '1', 8),
(1757, 165, 14, 4, '1', 8),
(1758, 165, 15, 4, '1', 8),
(1759, 165, 16, 4, '1', 8),
(1760, 165, 17, 4, '1', 8),
(1761, 166, 7, 4, '1', 8),
(1762, 166, 12, 4, '1', 8),
(1763, 166, 10, 4, '1', 8),
(1764, 166, 9, 4, '1', 8),
(1765, 166, 8, 4, '1', 8),
(1766, 166, 11, 4, '1', 8),
(1767, 166, 13, 4, '1', 8),
(1768, 166, 14, 4, '1', 8),
(1769, 166, 15, 4, '1', 8),
(1770, 166, 16, 4, '1', 8),
(1771, 166, 17, 4, '1', 8),
(1772, 167, 9, 4, '1', 8),
(1773, 167, 11, 4, '1', 8),
(1774, 167, 7, 4, '1', 8),
(1775, 167, 12, 4, '1', 8),
(1776, 167, 8, 4, '1', 8),
(1777, 167, 10, 4, '1', 8),
(1778, 167, 13, 4, '1', 8),
(1779, 167, 14, 4, '1', 8),
(1780, 167, 15, 4, '1', 8),
(1781, 167, 16, 4, '1', 8),
(1782, 167, 17, 4, '1', 8),
(1783, 168, 12, 4, '1', 8),
(1784, 168, 7, 4, '1', 8),
(1785, 168, 10, 4, '1', 8),
(1786, 168, 11, 4, '1', 8),
(1787, 168, 9, 4, '1', 8),
(1788, 168, 8, 4, '1', 8),
(1789, 168, 13, 4, '1', 8),
(1790, 168, 14, 4, '1', 8),
(1791, 168, 15, 4, '1', 8),
(1792, 168, 16, 4, '1', 8),
(1793, 168, 17, 4, '1', 8),
(1794, 169, 12, 4, '1', 8),
(1795, 169, 9, 4, '1', 8),
(1796, 169, 7, 4, '1', 8),
(1797, 169, 10, 4, '1', 8),
(1798, 169, 8, 4, '1', 8),
(1799, 169, 11, 4, '1', 8),
(1800, 169, 13, 4, '1', 8),
(1801, 169, 14, 4, '1', 8),
(1802, 169, 15, 4, '1', 8),
(1803, 169, 16, 4, '1', 8),
(1804, 169, 17, 4, '1', 8),
(1805, 170, 7, 4, '1', 8),
(1806, 170, 12, 4, '1', 8),
(1807, 170, 8, 4, '1', 8),
(1808, 170, 10, 4, '1', 8),
(1809, 170, 9, 4, '1', 8),
(1810, 170, 11, 4, '1', 8),
(1811, 170, 13, 4, '1', 8),
(1812, 170, 14, 4, '1', 8),
(1813, 170, 15, 4, '1', 8),
(1814, 170, 16, 4, '1', 8),
(1815, 170, 17, 4, '1', 8),
(1816, 171, 12, 4, '1', 8),
(1817, 171, 11, 4, '1', 8),
(1818, 171, 7, 4, '1', 8),
(1819, 171, 8, 4, '1', 8),
(1820, 171, 10, 4, '1', 8),
(1821, 171, 9, 4, '1', 8),
(1822, 171, 13, 4, '1', 8),
(1823, 171, 14, 4, '1', 8),
(1824, 171, 15, 4, '1', 8),
(1825, 171, 16, 4, '1', 8),
(1826, 171, 17, 4, '1', 8),
(1827, 172, 12, 4, '1', 8),
(1828, 172, 10, 4, '1', 8),
(1829, 172, 7, 4, '1', 8),
(1830, 172, 8, 4, '1', 8),
(1831, 172, 9, 4, '1', 8),
(1832, 172, 11, 4, '1', 8),
(1833, 172, 13, 4, '1', 8),
(1834, 172, 14, 4, '1', 8),
(1835, 172, 15, 4, '1', 8),
(1836, 172, 16, 4, '1', 8),
(1837, 172, 17, 4, '1', 8),
(1838, 173, 12, 4, '1', 8),
(1839, 173, 11, 4, '1', 8),
(1840, 173, 8, 4, '1', 8),
(1841, 173, 9, 4, '1', 8),
(1842, 173, 10, 4, '1', 8),
(1843, 173, 7, 4, '1', 8),
(1844, 173, 13, 4, '1', 8),
(1845, 173, 14, 4, '1', 8),
(1846, 173, 15, 4, '1', 8),
(1847, 173, 16, 4, '1', 8),
(1848, 173, 17, 4, '1', 8),
(1849, 174, 12, 4, '1', 8),
(1850, 174, 10, 4, '1', 8),
(1851, 174, 9, 4, '1', 8),
(1852, 174, 8, 4, '1', 8),
(1853, 174, 7, 4, '1', 8),
(1854, 174, 11, 4, '1', 8),
(1855, 174, 13, 4, '1', 8),
(1856, 174, 14, 4, '1', 8),
(1857, 174, 15, 4, '1', 8),
(1858, 174, 16, 4, '1', 8),
(1859, 174, 17, 4, '1', 8),
(1860, 175, 12, 4, '1', 8),
(1861, 175, 8, 4, '1', 8),
(1862, 175, 7, 4, '1', 8),
(1863, 175, 11, 4, '1', 8),
(1864, 175, 9, 4, '1', 8),
(1865, 175, 10, 4, '1', 8),
(1866, 175, 13, 4, '1', 8),
(1867, 175, 14, 4, '1', 8),
(1868, 175, 15, 4, '1', 8),
(1869, 175, 16, 4, '1', 8),
(1870, 175, 17, 4, '1', 8),
(1871, 176, 11, 4, '1', 8),
(1872, 176, 12, 4, '1', 8),
(1873, 176, 8, 4, '1', 8),
(1874, 176, 7, 4, '1', 8),
(1875, 176, 10, 4, '1', 8),
(1876, 176, 9, 4, '1', 8),
(1877, 176, 13, 4, '1', 8),
(1878, 176, 14, 4, '1', 8),
(1879, 176, 15, 4, '1', 8),
(1880, 176, 16, 4, '1', 8),
(1881, 176, 17, 4, '1', 8),
(1882, 177, 9, 4, '1', 8),
(1883, 177, 10, NULL, '3', 8),
(1884, 177, 7, 4, '1', 8),
(1885, 177, 8, 4, '1', 8),
(1886, 177, 12, NULL, '3', 8),
(1887, 177, 11, 4, '1', 8),
(1888, 177, 13, NULL, '3', 8),
(1889, 177, 14, NULL, '3', 8),
(1890, 177, 15, NULL, '3', 8),
(1891, 177, 16, NULL, '3', 8),
(1892, 177, 17, NULL, '3', 8),
(1893, 178, 10, 4, '1', 8),
(1894, 178, 9, 4, '1', 8),
(1895, 178, 11, 4, '1', 8),
(1896, 178, 7, NULL, '3', 8),
(1897, 178, 8, 4, '1', 8),
(1898, 178, 12, 4, '1', 8),
(1899, 178, 13, NULL, '3', 8),
(1900, 178, 14, 4, '1', 8),
(1901, 178, 15, NULL, '3', 8),
(1902, 178, 16, 4, '1', 8),
(1903, 178, 17, 4, '1', 8),
(1904, 179, 8, 4, '1', 8),
(1905, 179, 7, 4, '1', 8),
(1906, 179, 11, NULL, '3', 8),
(1907, 179, 9, 4, '1', 8),
(1908, 179, 10, NULL, '3', 8),
(1909, 179, 12, NULL, '3', 8),
(1910, 179, 13, 4, '1', 8),
(1911, 179, 14, NULL, '3', 8),
(1912, 179, 15, NULL, '3', 8),
(1913, 179, 16, NULL, '3', 8),
(1914, 179, 17, 4, '1', 8),
(1915, 180, 7, 4, '1', 8),
(1916, 180, 10, 4, '1', 8),
(1917, 180, 11, 4, '1', 8),
(1918, 180, 8, 4, '1', 8),
(1919, 180, 9, 4, '1', 8),
(1920, 180, 12, 4, '1', 8),
(1921, 180, 13, NULL, '3', 8),
(1922, 180, 14, 4, '1', 8),
(1923, 180, 15, 4, '1', 8),
(1924, 180, 16, 4, '1', 8),
(1925, 180, 17, 4, '1', 8),
(1926, 181, 7, 4, '1', 8),
(1927, 181, 9, NULL, '3', 8),
(1928, 181, 10, NULL, '3', 8),
(1929, 181, 12, NULL, '3', 8),
(1930, 181, 8, NULL, '3', 8),
(1931, 181, 11, NULL, '3', 8),
(1932, 181, 13, 4, '1', 8),
(1933, 181, 14, NULL, '3', 8),
(1934, 181, 15, NULL, '3', 8),
(1935, 181, 16, NULL, '3', 8),
(1936, 181, 17, NULL, '3', 8),
(1937, 182, 7, 4, '1', 8),
(1938, 182, 9, NULL, '3', 8),
(1939, 182, 10, NULL, '3', 8),
(1940, 182, 12, NULL, '3', 8),
(1941, 182, 11, NULL, '3', 8),
(1942, 182, 8, 4, '1', 8),
(1943, 182, 13, 4, '1', 8),
(1944, 182, 14, NULL, '3', 8),
(1945, 182, 15, NULL, '3', 8),
(1946, 182, 16, NULL, '3', 8),
(1947, 182, 17, NULL, '3', 8),
(1948, 183, 9, 4, '1', 8),
(1949, 183, 11, 4, '1', 8),
(1950, 183, 8, 4, '1', 8),
(1951, 183, 10, 4, '1', 8),
(1952, 183, 7, NULL, '3', 8),
(1953, 183, 12, 4, '1', 8),
(1954, 183, 13, 4, '1', 8),
(1955, 183, 14, 4, '1', 8),
(1956, 183, 15, 4, '1', 8),
(1957, 183, 16, 4, '1', 8),
(1958, 183, 17, 4, '1', 8),
(1959, 184, 7, 4, '1', 8),
(1960, 184, 9, 4, '1', 8),
(1961, 184, 8, 4, '1', 8),
(1962, 184, 10, 4, '1', 8),
(1963, 184, 11, 4, '1', 8),
(1964, 184, 12, NULL, '3', 8),
(1965, 184, 13, 4, '1', 8),
(1966, 184, 14, 4, '1', 8),
(1967, 184, 15, 4, '1', 8),
(1968, 184, 16, 4, '1', 8),
(1969, 184, 17, 4, '1', 8),
(1970, 185, 8, 4, '1', 8),
(1971, 185, 7, 4, '1', 8),
(1972, 185, 9, 4, '1', 8),
(1973, 185, 11, 4, '1', 8),
(1974, 185, 12, NULL, '3', 8),
(1975, 185, 10, NULL, '3', 8),
(1976, 185, 13, 4, '1', 8),
(1977, 185, 14, NULL, '3', 8),
(1978, 185, 15, 4, '1', 8),
(1979, 185, 16, NULL, '3', 8),
(1980, 185, 17, NULL, '3', 8),
(1981, 186, 7, 4, '1', 8),
(1982, 186, 9, 4, '1', 8),
(1983, 186, 11, 4, '1', 8),
(1984, 186, 10, 4, '1', 8),
(1985, 186, 12, NULL, '3', 8),
(1986, 186, 8, 4, '1', 8),
(1987, 186, 13, 4, '1', 8),
(1988, 186, 14, 4, '1', 8),
(1989, 186, 15, 4, '1', 8),
(1990, 186, 16, NULL, '3', 8),
(1991, 186, 17, NULL, '3', 8),
(1992, 187, 7, 4, '1', 8),
(1993, 187, 8, 4, '1', 8),
(1994, 187, 11, 4, '1', 8),
(1995, 187, 9, NULL, '3', 8),
(1996, 187, 10, NULL, '3', 8),
(1997, 187, 12, NULL, '3', 8),
(1998, 187, 13, 4, '1', 8),
(1999, 187, 14, 4, '1', 8),
(2000, 187, 15, NULL, '3', 8),
(2001, 187, 16, NULL, '3', 8),
(2002, 187, 17, NULL, '3', 8),
(2003, 188, 7, NULL, '2', 8),
(2004, 188, 9, NULL, '2', 8),
(2005, 188, 12, NULL, '2', 8),
(2006, 188, 11, NULL, '2', 8),
(2007, 188, 10, NULL, '2', 8),
(2008, 188, 8, NULL, '2', 8),
(2009, 188, 13, NULL, '2', 8),
(2010, 188, 14, NULL, '2', 8),
(2011, 188, 15, NULL, '2', 8),
(2012, 188, 16, NULL, '2', 8),
(2013, 188, 17, NULL, '2', 8),
(2014, 189, 8, NULL, '2', 8),
(2015, 189, 7, NULL, '2', 8),
(2016, 189, 9, NULL, '2', 8),
(2017, 189, 10, NULL, '2', 8),
(2018, 189, 11, NULL, '2', 8),
(2019, 189, 12, NULL, '2', 8),
(2020, 189, 13, NULL, '2', 8),
(2021, 189, 14, NULL, '2', 8),
(2022, 189, 15, NULL, '2', 8),
(2023, 189, 16, NULL, '2', 8),
(2024, 189, 17, NULL, '2', 8),
(2025, 190, 7, NULL, '2', 8),
(2026, 190, 8, NULL, '2', 8),
(2027, 190, 11, NULL, '2', 8),
(2028, 190, 9, NULL, '2', 8),
(2029, 190, 10, NULL, '2', 8),
(2030, 190, 12, NULL, '2', 8),
(2031, 190, 13, NULL, '2', 8),
(2032, 190, 14, NULL, '2', 8),
(2033, 190, 15, NULL, '2', 8),
(2034, 190, 16, NULL, '2', 8),
(2035, 190, 17, NULL, '2', 8),
(2036, 191, 7, 4, '1', 8),
(2037, 191, 8, 4, '1', 8),
(2038, 191, 9, 4, '1', 8),
(2039, 191, 11, 4, '1', 8),
(2040, 191, 10, 4, '1', 8),
(2041, 191, 12, 4, '1', 8),
(2042, 191, 13, 4, '1', 8),
(2043, 191, 14, 4, '1', 8),
(2044, 191, 15, 4, '1', 8),
(2045, 191, 16, 4, '1', 8),
(2046, 191, 17, 4, '1', 8),
(2047, 192, 9, 4, '1', 8),
(2048, 192, 8, 4, '1', 8),
(2049, 192, 10, 4, '1', 8),
(2050, 192, 7, 4, '1', 8),
(2051, 192, 11, 4, '1', 8),
(2052, 192, 12, 4, '1', 8),
(2053, 192, 13, 4, '1', 8),
(2054, 192, 14, 4, '1', 8),
(2055, 192, 15, 4, '1', 8),
(2056, 192, 16, 4, '1', 8),
(2057, 192, 17, 4, '1', 8),
(2058, 193, 8, 4, '1', 8),
(2059, 193, 7, 4, '1', 8),
(2060, 193, 10, 4, '1', 8),
(2061, 193, 12, 4, '1', 8),
(2062, 193, 9, 4, '1', 8),
(2063, 193, 11, 4, '1', 8),
(2064, 193, 13, 4, '1', 8),
(2065, 193, 14, 4, '1', 8),
(2066, 193, 15, 4, '1', 8),
(2067, 193, 16, 4, '1', 8),
(2068, 193, 17, 4, '1', 8),
(2069, 194, 8, 4, '1', 8),
(2070, 194, 11, 4, '1', 8),
(2071, 194, 12, 4, '1', 8),
(2072, 194, 9, 4, '1', 8),
(2073, 194, 7, 4, '1', 8),
(2074, 194, 10, 4, '1', 8),
(2075, 194, 13, 4, '1', 8),
(2076, 194, 14, 4, '1', 8),
(2077, 194, 15, 4, '1', 8),
(2078, 194, 16, 4, '1', 8),
(2079, 194, 17, 4, '1', 8),
(2080, 195, 9, 4, '1', 8),
(2081, 195, 11, 4, '1', 8),
(2082, 195, 8, 4, '1', 8),
(2083, 195, 10, 4, '1', 8),
(2084, 195, 7, 4, '1', 8),
(2085, 195, 12, 4, '1', 8),
(2086, 195, 13, 4, '1', 8),
(2087, 195, 14, 4, '1', 8),
(2088, 195, 15, 4, '1', 8),
(2089, 195, 16, 4, '1', 8),
(2090, 195, 17, 4, '1', 8),
(2091, 196, 11, 4, '1', 8),
(2092, 196, 7, 4, '1', 8),
(2093, 196, 10, 4, '1', 8),
(2094, 196, 12, 4, '1', 8),
(2095, 196, 8, 4, '1', 8),
(2096, 196, 9, 4, '1', 8),
(2097, 196, 13, 4, '1', 8),
(2098, 196, 14, 4, '1', 8),
(2099, 196, 15, 4, '1', 8),
(2100, 196, 16, 4, '1', 8),
(2101, 196, 17, 4, '1', 8),
(2102, 197, 9, 4, '1', 8),
(2103, 197, 12, 4, '1', 8),
(2104, 197, 8, 4, '1', 8),
(2105, 197, 11, 4, '1', 8),
(2106, 197, 10, 4, '1', 8),
(2107, 197, 7, 4, '1', 8),
(2108, 197, 13, 4, '1', 8),
(2109, 197, 14, 4, '1', 8),
(2110, 197, 15, 4, '1', 8),
(2111, 197, 16, 4, '1', 8),
(2112, 197, 17, 4, '1', 8),
(2113, 198, 12, 4, '1', 8),
(2114, 198, 11, 4, '1', 8),
(2115, 198, 10, 4, '1', 8),
(2116, 198, 9, 4, '1', 8),
(2117, 198, 7, 4, '1', 8),
(2118, 198, 8, 4, '1', 8),
(2119, 198, 13, 4, '1', 8),
(2120, 198, 14, 4, '1', 8),
(2121, 198, 15, 4, '1', 8),
(2122, 198, 16, 4, '1', 8),
(2123, 198, 17, 4, '1', 8),
(2124, 199, 8, 4, '1', 8),
(2125, 199, 7, 4, '1', 8),
(2126, 199, 11, 4, '1', 8),
(2127, 199, 9, 4, '1', 8),
(2128, 199, 10, 4, '1', 8),
(2129, 199, 12, 4, '1', 8),
(2130, 199, 13, 4, '1', 8),
(2131, 199, 14, 4, '1', 8),
(2132, 199, 15, 4, '1', 8),
(2133, 199, 16, 4, '1', 8),
(2134, 199, 17, 4, '1', 8),
(2135, 200, 8, 4, '1', 8),
(2136, 200, 10, 4, '1', 8),
(2137, 200, 7, 4, '1', 8),
(2138, 200, 11, 4, '1', 8),
(2139, 200, 9, 4, '1', 8),
(2140, 200, 12, 4, '1', 8),
(2141, 200, 13, 4, '1', 8),
(2142, 200, 14, 4, '1', 8),
(2143, 200, 15, 4, '1', 8),
(2144, 200, 16, 4, '1', 8),
(2145, 200, 17, 4, '1', 8),
(2146, 201, 11, 4, '1', 8),
(2147, 201, 12, 4, '1', 8),
(2148, 201, 8, 4, '1', 8),
(2149, 201, 7, 4, '1', 8),
(2150, 201, 9, 4, '1', 8),
(2151, 201, 10, 4, '1', 8),
(2152, 201, 13, 4, '1', 8),
(2153, 201, 14, 4, '1', 8),
(2154, 201, 15, 4, '1', 8),
(2155, 201, 16, 4, '1', 8),
(2156, 201, 17, 4, '1', 8),
(2157, 202, 8, 4, '1', 8),
(2158, 202, 9, 4, '1', 8),
(2159, 202, 11, 4, '1', 8),
(2160, 202, 7, 4, '1', 8),
(2161, 202, 12, 4, '1', 8),
(2162, 202, 10, 4, '1', 8),
(2163, 202, 13, 4, '1', 8),
(2164, 202, 14, 4, '1', 8),
(2165, 202, 15, 4, '1', 8),
(2166, 202, 16, 4, '1', 8),
(2167, 202, 17, 4, '1', 8),
(2168, 203, 9, 4, '1', 8),
(2169, 203, 8, 4, '1', 8),
(2170, 203, 10, 4, '1', 8),
(2171, 203, 7, 4, '1', 8),
(2172, 203, 11, 4, '1', 8),
(2173, 203, 12, 4, '1', 8),
(2174, 203, 13, 4, '1', 8),
(2175, 203, 14, 4, '1', 8),
(2176, 203, 15, 4, '1', 8),
(2177, 203, 16, 4, '1', 8),
(2178, 203, 17, 4, '1', 8),
(2179, 204, 8, 4, '1', 8),
(2180, 204, 12, 4, '1', 8),
(2181, 204, 10, 4, '1', 8),
(2182, 204, 11, 4, '1', 8),
(2183, 204, 7, 4, '1', 8),
(2184, 204, 9, 4, '1', 8),
(2185, 204, 13, 4, '1', 8),
(2186, 204, 14, 4, '1', 8),
(2187, 204, 15, 4, '1', 8),
(2188, 204, 16, 4, '1', 8),
(2189, 204, 17, 4, '1', 8),
(2190, 205, 8, 4, '1', 8),
(2191, 205, 9, 4, '1', 8),
(2192, 205, 7, 4, '1', 8),
(2193, 205, 11, 4, '1', 8),
(2194, 205, 12, 4, '1', 8),
(2195, 205, 10, 4, '1', 8),
(2196, 205, 13, 4, '1', 8),
(2197, 205, 14, 4, '1', 8),
(2198, 205, 15, 4, '1', 8),
(2199, 205, 16, 4, '1', 8),
(2200, 205, 17, 4, '1', 8),
(2201, 206, 9, 4, '1', 8),
(2202, 206, 12, 4, '1', 8),
(2203, 206, 11, 4, '1', 8),
(2204, 206, 8, 4, '1', 8),
(2205, 206, 7, 4, '1', 8),
(2206, 206, 10, 4, '1', 8),
(2207, 206, 13, 4, '1', 8),
(2208, 206, 14, 4, '1', 8),
(2209, 206, 15, 4, '1', 8),
(2210, 206, 16, 4, '1', 8),
(2211, 206, 17, 4, '1', 8),
(2212, 207, 12, 4, '1', 8),
(2213, 207, 10, 4, '1', 8),
(2214, 207, 7, 4, '1', 8),
(2215, 207, 8, 4, '1', 8),
(2216, 207, 9, 4, '1', 8),
(2217, 207, 11, 4, '1', 8),
(2218, 207, 13, 4, '1', 8),
(2219, 207, 14, 4, '1', 8),
(2220, 207, 15, 4, '1', 8),
(2221, 207, 16, 4, '1', 8),
(2222, 207, 17, 4, '1', 8),
(2223, 208, 11, 4, '1', 8),
(2224, 208, 10, 4, '1', 8),
(2225, 208, 8, 4, '1', 8),
(2226, 208, 12, 4, '1', 8),
(2227, 208, 7, 4, '1', 8),
(2228, 208, 9, 4, '1', 8),
(2229, 208, 13, 4, '1', 8),
(2230, 208, 14, 4, '1', 8),
(2231, 208, 15, 4, '1', 8),
(2232, 208, 16, 4, '1', 8),
(2233, 208, 17, 4, '1', 8),
(2234, 209, 12, 4, '1', 8),
(2235, 209, 11, 4, '1', 8),
(2236, 209, 10, 4, '1', 8),
(2237, 209, 7, 4, '1', 8),
(2238, 209, 8, 4, '1', 8),
(2239, 209, 9, 4, '1', 8),
(2240, 209, 13, 4, '1', 8),
(2241, 209, 14, 4, '1', 8),
(2242, 209, 15, 4, '1', 8),
(2243, 209, 16, 4, '1', 8),
(2244, 209, 17, 4, '1', 8),
(2245, 210, 12, 4, '1', 8),
(2246, 210, 10, 4, '1', 8),
(2247, 210, 11, 4, '1', 8),
(2248, 210, 9, 4, '1', 8),
(2249, 210, 8, 4, '1', 8),
(2250, 210, 7, 4, '1', 8),
(2251, 210, 13, 4, '1', 8),
(2252, 210, 14, 4, '1', 8),
(2253, 210, 15, 4, '1', 8),
(2254, 210, 16, 4, '1', 8),
(2255, 210, 17, 4, '1', 8),
(2256, 211, 11, 4, '1', 8),
(2257, 211, 12, 4, '1', 8),
(2258, 211, 8, 4, '1', 8);
INSERT INTO `det_votacion_socio` (`votsocdet_id`, `votsoc_id`, `cargopost_id`, `planilla_id`, `tipo_voto`, `votacion_id`) VALUES
(2259, 211, 9, 4, '1', 8),
(2260, 211, 7, 4, '1', 8),
(2261, 211, 10, 4, '1', 8),
(2262, 211, 13, 4, '1', 8),
(2263, 211, 14, 4, '1', 8),
(2264, 211, 15, 4, '1', 8),
(2265, 211, 16, 4, '1', 8),
(2266, 211, 17, 4, '1', 8),
(2267, 212, 12, 4, '1', 8),
(2268, 212, 7, 4, '1', 8),
(2269, 212, 9, 4, '1', 8),
(2270, 212, 10, 4, '1', 8),
(2271, 212, 11, 4, '1', 8),
(2272, 212, 8, 4, '1', 8),
(2273, 212, 13, 4, '1', 8),
(2274, 212, 14, 4, '1', 8),
(2275, 212, 15, 4, '1', 8),
(2276, 212, 16, 4, '1', 8),
(2277, 212, 17, 4, '1', 8),
(2278, 213, 12, 4, '1', 8),
(2279, 213, 10, 4, '1', 8),
(2280, 213, 8, 4, '1', 8),
(2281, 213, 7, 4, '1', 8),
(2282, 213, 11, 4, '1', 8),
(2283, 213, 9, 4, '1', 8),
(2284, 213, 13, 4, '1', 8),
(2285, 213, 14, 4, '1', 8),
(2286, 213, 15, 4, '1', 8),
(2287, 213, 16, 4, '1', 8),
(2288, 213, 17, 4, '1', 8),
(2289, 214, 12, 4, '1', 8),
(2290, 214, 10, 4, '1', 8),
(2291, 214, 8, 4, '1', 8),
(2292, 214, 11, 4, '1', 8),
(2293, 214, 7, 4, '1', 8),
(2294, 214, 9, 4, '1', 8),
(2295, 214, 13, 4, '1', 8),
(2296, 214, 14, 4, '1', 8),
(2297, 214, 15, 4, '1', 8),
(2298, 214, 16, 4, '1', 8),
(2299, 214, 17, 4, '1', 8),
(2300, 215, 12, 4, '1', 8),
(2301, 215, 8, 4, '1', 8),
(2302, 215, 9, 4, '1', 8),
(2303, 215, 7, 4, '1', 8),
(2304, 215, 10, 4, '1', 8),
(2305, 215, 11, 4, '1', 8),
(2306, 215, 13, 4, '1', 8),
(2307, 215, 14, 4, '1', 8),
(2308, 215, 15, 4, '1', 8),
(2309, 215, 16, 4, '1', 8),
(2310, 215, 17, 4, '1', 8),
(2311, 216, 11, 4, '1', 8),
(2312, 216, 7, 4, '1', 8),
(2313, 216, 8, 4, '1', 8),
(2314, 216, 10, 4, '1', 8),
(2315, 216, 9, 4, '1', 8),
(2316, 216, 12, 4, '1', 8),
(2317, 216, 13, 4, '1', 8),
(2318, 216, 14, 4, '1', 8),
(2319, 216, 15, 4, '1', 8),
(2320, 216, 16, 4, '1', 8),
(2321, 216, 17, 4, '1', 8),
(2322, 217, 9, 4, '1', 8),
(2323, 217, 8, 4, '1', 8),
(2324, 217, 7, 4, '1', 8),
(2325, 217, 12, 4, '1', 8),
(2326, 217, 11, 4, '1', 8),
(2327, 217, 10, 4, '1', 8),
(2328, 217, 13, 4, '1', 8),
(2329, 217, 14, 4, '1', 8),
(2330, 217, 15, 4, '1', 8),
(2331, 217, 16, 4, '1', 8),
(2332, 217, 17, 4, '1', 8),
(2333, 218, 8, 4, '1', 8),
(2334, 218, 10, 4, '1', 8),
(2335, 218, 12, 4, '1', 8),
(2336, 218, 7, 4, '1', 8),
(2337, 218, 9, 4, '1', 8),
(2338, 218, 11, 4, '1', 8),
(2339, 218, 13, 4, '1', 8),
(2340, 218, 14, 4, '1', 8),
(2341, 218, 15, 4, '1', 8),
(2342, 218, 16, 4, '1', 8),
(2343, 218, 17, 4, '1', 8),
(2344, 219, 8, 4, '1', 8),
(2345, 219, 9, 4, '1', 8),
(2346, 219, 7, 4, '1', 8),
(2347, 219, 11, 4, '1', 8),
(2348, 219, 10, 4, '1', 8),
(2349, 219, 12, 4, '1', 8),
(2350, 219, 13, 4, '1', 8),
(2351, 219, 14, 4, '1', 8),
(2352, 219, 15, 4, '1', 8),
(2353, 219, 16, 4, '1', 8),
(2354, 219, 17, 4, '1', 8),
(2355, 220, 8, 4, '1', 8),
(2356, 220, 9, 4, '1', 8),
(2357, 220, 7, 4, '1', 8),
(2358, 220, 10, 4, '1', 8),
(2359, 220, 12, 4, '1', 8),
(2360, 220, 11, 4, '1', 8),
(2361, 220, 13, 4, '1', 8),
(2362, 220, 14, 4, '1', 8),
(2363, 220, 15, 4, '1', 8),
(2364, 220, 16, 4, '1', 8),
(2365, 220, 17, 4, '1', 8),
(2366, 221, 8, 4, '1', 8),
(2367, 221, 12, 4, '1', 8),
(2368, 221, 7, 4, '1', 8),
(2369, 221, 9, 4, '1', 8),
(2370, 221, 10, 4, '1', 8),
(2371, 221, 11, 4, '1', 8),
(2372, 221, 13, 4, '1', 8),
(2373, 221, 14, 4, '1', 8),
(2374, 221, 15, 4, '1', 8),
(2375, 221, 16, 4, '1', 8),
(2376, 221, 17, 4, '1', 8),
(2377, 222, 7, 4, '1', 8),
(2378, 222, 9, 4, '1', 8),
(2379, 222, 11, 4, '1', 8),
(2380, 222, 12, 4, '1', 8),
(2381, 222, 10, 4, '1', 8),
(2382, 222, 8, NULL, '3', 8),
(2383, 222, 13, 4, '1', 8),
(2384, 222, 14, 4, '1', 8),
(2385, 222, 15, 4, '1', 8),
(2386, 222, 16, 4, '1', 8),
(2387, 222, 17, 4, '1', 8),
(2388, 223, 7, 4, '1', 8),
(2389, 223, 10, NULL, '3', 8),
(2390, 223, 9, NULL, '3', 8),
(2391, 223, 8, NULL, '3', 8),
(2392, 223, 11, NULL, '3', 8),
(2393, 223, 12, NULL, '3', 8),
(2394, 223, 13, NULL, '3', 8),
(2395, 223, 14, NULL, '3', 8),
(2396, 223, 15, NULL, '3', 8),
(2397, 223, 16, NULL, '3', 8),
(2398, 223, 17, NULL, '3', 8),
(2399, 224, 8, 4, '1', 8),
(2400, 224, 9, 4, '1', 8),
(2401, 224, 7, 4, '1', 8),
(2402, 224, 10, NULL, '3', 8),
(2403, 224, 12, 4, '1', 8),
(2404, 224, 11, 4, '1', 8),
(2405, 224, 13, 4, '1', 8),
(2406, 224, 14, 4, '1', 8),
(2407, 224, 15, 4, '1', 8),
(2408, 224, 16, NULL, '3', 8),
(2409, 224, 17, 4, '1', 8),
(2410, 225, 7, NULL, '3', 8),
(2411, 225, 10, 4, '1', 8),
(2412, 225, 8, NULL, '3', 8),
(2413, 225, 9, NULL, '3', 8),
(2414, 225, 11, NULL, '3', 8),
(2415, 225, 12, NULL, '3', 8),
(2416, 225, 13, NULL, '3', 8),
(2417, 225, 14, NULL, '3', 8),
(2418, 225, 15, NULL, '3', 8),
(2419, 225, 16, NULL, '3', 8),
(2420, 225, 17, 4, '1', 8),
(2421, 226, 10, NULL, '3', 8),
(2422, 226, 7, 4, '1', 8),
(2423, 226, 8, NULL, '3', 8),
(2424, 226, 9, NULL, '3', 8),
(2425, 226, 11, 4, '1', 8),
(2426, 226, 12, 4, '1', 8),
(2427, 226, 13, NULL, '3', 8),
(2428, 226, 14, 4, '1', 8),
(2429, 226, 15, NULL, '3', 8),
(2430, 226, 16, NULL, '3', 8),
(2431, 226, 17, 4, '1', 8),
(2432, 227, 11, NULL, '3', 8),
(2433, 227, 8, 4, '1', 8),
(2434, 227, 7, 4, '1', 8),
(2435, 227, 10, NULL, '3', 8),
(2436, 227, 12, 4, '1', 8),
(2437, 227, 9, NULL, '3', 8),
(2438, 227, 13, 4, '1', 8),
(2439, 227, 14, NULL, '3', 8),
(2440, 227, 15, 4, '1', 8),
(2441, 227, 16, 4, '1', 8),
(2442, 227, 17, 4, '1', 8),
(2443, 228, 11, NULL, '3', 8),
(2444, 228, 7, 4, '1', 8),
(2445, 228, 10, 4, '1', 8),
(2446, 228, 12, NULL, '3', 8),
(2447, 228, 8, 4, '1', 8),
(2448, 228, 9, 4, '1', 8),
(2449, 228, 13, 4, '1', 8),
(2450, 228, 14, 4, '1', 8),
(2451, 228, 15, 4, '1', 8),
(2452, 228, 16, 4, '1', 8),
(2453, 228, 17, 4, '1', 8),
(2454, 229, 7, 4, '1', 8),
(2455, 229, 9, 4, '1', 8),
(2456, 229, 8, NULL, '3', 8),
(2457, 229, 11, NULL, '3', 8),
(2458, 229, 10, 4, '1', 8),
(2459, 229, 12, NULL, '3', 8),
(2460, 229, 13, 4, '1', 8),
(2461, 229, 14, 4, '1', 8),
(2462, 229, 15, NULL, '3', 8),
(2463, 229, 16, 4, '1', 8),
(2464, 229, 17, NULL, '3', 8),
(2465, 230, 7, 4, '1', 8),
(2466, 230, 11, 4, '1', 8),
(2467, 230, 12, 4, '1', 8),
(2468, 230, 8, NULL, '3', 8),
(2469, 230, 9, NULL, '3', 8),
(2470, 230, 10, NULL, '3', 8),
(2471, 230, 13, NULL, '3', 8),
(2472, 230, 14, NULL, '3', 8),
(2473, 230, 15, NULL, '3', 8),
(2474, 230, 16, 4, '1', 8),
(2475, 230, 17, NULL, '3', 8),
(2476, 231, 7, 4, '1', 8),
(2477, 231, 11, 4, '1', 8),
(2478, 231, 12, 4, '1', 8),
(2479, 231, 8, 4, '1', 8),
(2480, 231, 9, 4, '1', 8),
(2481, 231, 10, 4, '1', 8),
(2482, 231, 13, 4, '1', 8),
(2483, 231, 14, 4, '1', 8),
(2484, 231, 15, 4, '1', 8),
(2485, 231, 16, NULL, '3', 8),
(2486, 231, 17, 4, '1', 8),
(2487, 232, 7, 4, '1', 8),
(2488, 232, 10, NULL, '3', 8),
(2489, 232, 8, NULL, '3', 8),
(2490, 232, 9, 4, '1', 8),
(2491, 232, 11, NULL, '3', 8),
(2492, 232, 12, 4, '1', 8),
(2493, 232, 13, NULL, '3', 8),
(2494, 232, 14, 4, '1', 8),
(2495, 232, 15, 4, '1', 8),
(2496, 232, 16, 4, '1', 8),
(2497, 232, 17, 4, '1', 8),
(2498, 233, 7, 4, '1', 8),
(2499, 233, 10, 4, '1', 8),
(2500, 233, 8, 4, '1', 8),
(2501, 233, 9, 4, '1', 8),
(2502, 233, 11, 4, '1', 8),
(2503, 233, 12, 4, '1', 8),
(2504, 233, 13, 4, '1', 8),
(2505, 233, 14, 4, '1', 8),
(2506, 233, 15, NULL, '3', 8),
(2507, 233, 16, 4, '1', 8),
(2508, 233, 17, 4, '1', 8),
(2509, 234, 7, 4, '1', 8),
(2510, 234, 10, 4, '1', 8),
(2511, 234, 9, 4, '1', 8),
(2512, 234, 8, 4, '1', 8),
(2513, 234, 12, 4, '1', 8),
(2514, 234, 11, 4, '1', 8),
(2515, 234, 13, 4, '1', 8),
(2516, 234, 14, 4, '1', 8),
(2517, 234, 15, NULL, '3', 8),
(2518, 234, 16, 4, '1', 8),
(2519, 234, 17, 4, '1', 8),
(2520, 235, 7, 4, '1', 8),
(2521, 235, 8, 4, '1', 8),
(2522, 235, 10, 4, '1', 8),
(2523, 235, 9, 4, '1', 8),
(2524, 235, 12, 4, '1', 8),
(2525, 235, 11, 4, '1', 8),
(2526, 235, 13, 4, '1', 8),
(2527, 235, 14, 4, '1', 8),
(2528, 235, 15, 4, '1', 8),
(2529, 235, 16, 4, '1', 8),
(2530, 235, 17, 4, '1', 8),
(2531, 236, 7, 4, '1', 8),
(2532, 236, 9, 4, '1', 8),
(2533, 236, 10, 4, '1', 8),
(2534, 236, 8, 4, '1', 8),
(2535, 236, 12, 4, '1', 8),
(2536, 236, 11, 4, '1', 8),
(2537, 236, 13, 4, '1', 8),
(2538, 236, 14, 4, '1', 8),
(2539, 236, 15, 4, '1', 8),
(2540, 236, 16, 4, '1', 8),
(2541, 236, 17, 4, '1', 8),
(2542, 237, 7, 4, '1', 8),
(2543, 237, 10, 4, '1', 8),
(2544, 237, 8, 4, '1', 8),
(2545, 237, 9, 4, '1', 8),
(2546, 237, 12, 4, '1', 8),
(2547, 237, 11, 4, '1', 8),
(2548, 237, 13, 4, '1', 8),
(2549, 237, 14, 4, '1', 8),
(2550, 237, 15, 4, '1', 8),
(2551, 237, 16, 4, '1', 8),
(2552, 237, 17, 4, '1', 8),
(2553, 238, 7, 4, '1', 8),
(2554, 238, 10, 4, '1', 8),
(2555, 238, 8, 4, '1', 8),
(2556, 238, 9, 4, '1', 8),
(2557, 238, 11, 4, '1', 8),
(2558, 238, 12, 4, '1', 8),
(2559, 238, 13, 4, '1', 8),
(2560, 238, 14, 4, '1', 8),
(2561, 238, 15, 4, '1', 8),
(2562, 238, 16, 4, '1', 8),
(2563, 238, 17, 4, '1', 8),
(2564, 239, 7, 4, '1', 8),
(2565, 239, 8, 4, '1', 8),
(2566, 239, 12, 4, '1', 8),
(2567, 239, 10, 4, '1', 8),
(2568, 239, 9, 4, '1', 8),
(2569, 239, 11, 4, '1', 8),
(2570, 239, 13, 4, '1', 8),
(2571, 239, 14, 4, '1', 8),
(2572, 239, 15, 4, '1', 8),
(2573, 239, 16, 4, '1', 8),
(2574, 239, 17, 4, '1', 8),
(2575, 240, 10, 4, '1', 8),
(2576, 240, 8, 4, '1', 8),
(2577, 240, 7, 4, '1', 8),
(2578, 240, 9, 4, '1', 8),
(2579, 240, 12, 4, '1', 8),
(2580, 240, 11, 4, '1', 8),
(2581, 240, 13, 4, '1', 8),
(2582, 240, 14, 4, '1', 8),
(2583, 240, 15, 4, '1', 8),
(2584, 240, 16, 4, '1', 8),
(2585, 240, 17, 4, '1', 8),
(2586, 241, 12, 4, '1', 8),
(2587, 241, 10, 4, '1', 8),
(2588, 241, 11, 4, '1', 8),
(2589, 241, 9, 4, '1', 8),
(2590, 241, 8, 4, '1', 8),
(2591, 241, 7, 4, '1', 8),
(2592, 241, 13, 4, '1', 8),
(2593, 241, 14, 4, '1', 8),
(2594, 241, 15, 4, '1', 8),
(2595, 241, 16, 4, '1', 8),
(2596, 241, 17, 4, '1', 8),
(2597, 242, 12, 4, '1', 8),
(2598, 242, 11, 4, '1', 8),
(2599, 242, 10, 4, '1', 8),
(2600, 242, 8, 4, '1', 8),
(2601, 242, 7, 4, '1', 8),
(2602, 242, 9, 4, '1', 8),
(2603, 242, 13, 4, '1', 8),
(2604, 242, 14, 4, '1', 8),
(2605, 242, 15, 4, '1', 8),
(2606, 242, 16, 4, '1', 8),
(2607, 242, 17, 4, '1', 8),
(2608, 243, 9, 4, '1', 8),
(2609, 243, 11, 4, '1', 8),
(2610, 243, 8, 4, '1', 8),
(2611, 243, 7, 4, '1', 8),
(2612, 243, 10, 4, '1', 8),
(2613, 243, 12, 4, '1', 8),
(2614, 243, 13, 4, '1', 8),
(2615, 243, 14, 4, '1', 8),
(2616, 243, 15, 4, '1', 8),
(2617, 243, 16, 4, '1', 8),
(2618, 243, 17, 4, '1', 8),
(2619, 244, 11, 4, '1', 8),
(2620, 244, 12, 4, '1', 8),
(2621, 244, 10, 4, '1', 8),
(2622, 244, 7, 4, '1', 8),
(2623, 244, 9, 4, '1', 8),
(2624, 244, 8, 4, '1', 8),
(2625, 244, 13, 4, '1', 8),
(2626, 244, 14, 4, '1', 8),
(2627, 244, 15, 4, '1', 8),
(2628, 244, 16, 4, '1', 8),
(2629, 244, 17, 4, '1', 8),
(2630, 245, 7, 4, '1', 8),
(2631, 245, 11, 4, '1', 8),
(2632, 245, 8, 4, '1', 8),
(2633, 245, 12, 4, '1', 8),
(2634, 245, 9, 4, '1', 8),
(2635, 245, 10, 4, '1', 8),
(2636, 245, 13, 4, '1', 8),
(2637, 245, 14, 4, '1', 8),
(2638, 245, 15, 4, '1', 8),
(2639, 245, 16, 4, '1', 8),
(2640, 245, 17, 4, '1', 8),
(2641, 246, 11, 4, '1', 8),
(2642, 246, 10, 4, '1', 8),
(2643, 246, 7, 4, '1', 8),
(2644, 246, 12, 4, '1', 8),
(2645, 246, 8, 4, '1', 8),
(2646, 246, 9, 4, '1', 8),
(2647, 246, 13, 4, '1', 8),
(2648, 246, 14, 4, '1', 8),
(2649, 246, 15, 4, '1', 8),
(2650, 246, 16, 4, '1', 8),
(2651, 246, 17, 4, '1', 8),
(2652, 247, 10, 4, '1', 8),
(2653, 247, 9, 4, '1', 8),
(2654, 247, 11, 4, '1', 8),
(2655, 247, 8, 4, '1', 8),
(2656, 247, 12, 4, '1', 8),
(2657, 247, 7, 4, '1', 8),
(2658, 247, 13, 4, '1', 8),
(2659, 247, 14, 4, '1', 8),
(2660, 247, 15, 4, '1', 8),
(2661, 247, 16, 4, '1', 8),
(2662, 247, 17, 4, '1', 8),
(2663, 248, 7, 4, '1', 8),
(2664, 248, 9, 4, '1', 8),
(2665, 248, 8, 4, '1', 8),
(2666, 248, 11, 4, '1', 8),
(2667, 248, 10, 4, '1', 8),
(2668, 248, 12, 4, '1', 8),
(2669, 248, 13, 4, '1', 8),
(2670, 248, 14, 4, '1', 8),
(2671, 248, 15, 4, '1', 8),
(2672, 248, 16, 4, '1', 8),
(2673, 248, 17, 4, '1', 8),
(2674, 249, 11, 4, '1', 8),
(2675, 249, 8, 4, '1', 8),
(2676, 249, 9, 4, '1', 8),
(2677, 249, 12, 4, '1', 8),
(2678, 249, 10, 4, '1', 8),
(2679, 249, 7, 4, '1', 8),
(2680, 249, 13, 4, '1', 8),
(2681, 249, 14, 4, '1', 8),
(2682, 249, 15, 4, '1', 8),
(2683, 249, 16, 4, '1', 8),
(2684, 249, 17, 4, '1', 8),
(2685, 250, 9, 4, '1', 8),
(2686, 250, 7, 4, '1', 8),
(2687, 250, 12, 4, '1', 8),
(2688, 250, 11, 4, '1', 8),
(2689, 250, 8, 4, '1', 8),
(2690, 250, 10, 4, '1', 8),
(2691, 250, 13, 4, '1', 8),
(2692, 250, 14, 4, '1', 8),
(2693, 250, 15, 4, '1', 8),
(2694, 250, 16, 4, '1', 8),
(2695, 250, 17, 4, '1', 8),
(2696, 251, 7, 4, '1', 8),
(2697, 251, 11, 4, '1', 8),
(2698, 251, 9, 4, '1', 8),
(2699, 251, 8, 4, '1', 8),
(2700, 251, 10, 4, '1', 8),
(2701, 251, 12, 4, '1', 8),
(2702, 251, 13, 4, '1', 8),
(2703, 251, 14, 4, '1', 8),
(2704, 251, 15, 4, '1', 8),
(2705, 251, 16, 4, '1', 8),
(2706, 251, 17, 4, '1', 8),
(2707, 252, 8, 4, '1', 8),
(2708, 252, 7, 4, '1', 8),
(2709, 252, 11, 4, '1', 8),
(2710, 252, 9, 4, '1', 8),
(2711, 252, 10, 4, '1', 8),
(2712, 252, 12, 4, '1', 8),
(2713, 252, 13, 4, '1', 8),
(2714, 252, 14, 4, '1', 8),
(2715, 252, 15, 4, '1', 8),
(2716, 252, 16, 4, '1', 8),
(2717, 252, 17, 4, '1', 8),
(2718, 253, 10, 4, '1', 8),
(2719, 253, 9, 4, '1', 8),
(2720, 253, 7, 4, '1', 8),
(2721, 253, 8, 4, '1', 8),
(2722, 253, 12, 4, '1', 8),
(2723, 253, 11, 4, '1', 8),
(2724, 253, 13, 4, '1', 8),
(2725, 253, 14, 4, '1', 8),
(2726, 253, 15, 4, '1', 8),
(2727, 253, 16, 4, '1', 8),
(2728, 253, 17, 4, '1', 8),
(2729, 254, 9, 4, '1', 8),
(2730, 254, 7, 4, '1', 8),
(2731, 254, 10, 4, '1', 8),
(2732, 254, 8, 4, '1', 8),
(2733, 254, 11, 4, '1', 8),
(2734, 254, 12, 4, '1', 8),
(2735, 254, 13, 4, '1', 8),
(2736, 254, 14, 4, '1', 8),
(2737, 254, 15, 4, '1', 8),
(2738, 254, 16, 4, '1', 8),
(2739, 254, 17, 4, '1', 8),
(2740, 255, 11, 4, '1', 8),
(2741, 255, 8, 4, '1', 8),
(2742, 255, 7, 4, '1', 8),
(2743, 255, 10, 4, '1', 8),
(2744, 255, 12, 4, '1', 8),
(2745, 255, 9, 4, '1', 8),
(2746, 255, 13, 4, '1', 8),
(2747, 255, 14, 4, '1', 8),
(2748, 255, 15, 4, '1', 8),
(2749, 255, 16, 4, '1', 8),
(2750, 255, 17, 4, '1', 8),
(2751, 256, 9, 4, '1', 8),
(2752, 256, 7, 4, '1', 8),
(2753, 256, 12, 4, '1', 8),
(2754, 256, 8, 4, '1', 8),
(2755, 256, 11, 4, '1', 8),
(2756, 256, 10, 4, '1', 8),
(2757, 256, 13, 4, '1', 8),
(2758, 256, 14, 4, '1', 8),
(2759, 256, 15, 4, '1', 8),
(2760, 256, 16, 4, '1', 8),
(2761, 256, 17, 4, '1', 8),
(2762, 257, 12, 4, '1', 8),
(2763, 257, 7, 4, '1', 8),
(2764, 257, 8, 4, '1', 8),
(2765, 257, 11, 4, '1', 8),
(2766, 257, 10, 4, '1', 8),
(2767, 257, 9, 4, '1', 8),
(2768, 257, 13, 4, '1', 8),
(2769, 257, 14, 4, '1', 8),
(2770, 257, 15, 4, '1', 8),
(2771, 257, 16, 4, '1', 8),
(2772, 257, 17, 4, '1', 8),
(2773, 258, 12, 4, '1', 8),
(2774, 258, 11, 4, '1', 8),
(2775, 258, 8, 4, '1', 8),
(2776, 258, 10, 4, '1', 8),
(2777, 258, 7, 4, '1', 8),
(2778, 258, 9, 4, '1', 8),
(2779, 258, 13, 4, '1', 8),
(2780, 258, 14, 4, '1', 8),
(2781, 258, 15, 4, '1', 8),
(2782, 258, 16, 4, '1', 8),
(2783, 258, 17, 4, '1', 8),
(2784, 259, 12, 4, '1', 8),
(2785, 259, 10, 4, '1', 8),
(2786, 259, 9, 4, '1', 8),
(2787, 259, 11, 4, '1', 8),
(2788, 259, 8, 4, '1', 8),
(2789, 259, 7, 4, '1', 8),
(2790, 259, 13, 4, '1', 8),
(2791, 259, 14, 4, '1', 8),
(2792, 259, 15, 4, '1', 8),
(2793, 259, 16, 4, '1', 8),
(2794, 259, 17, 4, '1', 8),
(2795, 260, 9, 4, '1', 8),
(2796, 260, 12, 4, '1', 8),
(2797, 260, 7, 4, '1', 8),
(2798, 260, 10, 4, '1', 8),
(2799, 260, 8, 4, '1', 8),
(2800, 260, 11, 4, '1', 8),
(2801, 260, 13, 4, '1', 8),
(2802, 260, 14, 4, '1', 8),
(2803, 260, 15, 4, '1', 8),
(2804, 260, 16, 4, '1', 8),
(2805, 260, 17, 4, '1', 8),
(2806, 261, 10, 4, '1', 8),
(2807, 261, 9, 4, '1', 8),
(2808, 261, 7, 4, '1', 8),
(2809, 261, 8, 4, '1', 8),
(2810, 261, 12, 4, '1', 8),
(2811, 261, 11, 4, '1', 8),
(2812, 261, 13, 4, '1', 8),
(2813, 261, 14, 4, '1', 8),
(2814, 261, 15, 4, '1', 8),
(2815, 261, 16, 4, '1', 8),
(2816, 261, 17, 4, '1', 8),
(2817, 262, 12, 4, '1', 8),
(2818, 262, 9, 4, '1', 8),
(2819, 262, 11, 4, '1', 8),
(2820, 262, 10, 4, '1', 8),
(2821, 262, 8, 4, '1', 8),
(2822, 262, 7, 4, '1', 8),
(2823, 262, 13, 4, '1', 8),
(2824, 262, 14, 4, '1', 8),
(2825, 262, 15, 4, '1', 8),
(2826, 262, 16, 4, '1', 8),
(2827, 262, 17, 4, '1', 8),
(2828, 263, 12, 4, '1', 8),
(2829, 263, 8, 4, '1', 8),
(2830, 263, 7, 4, '1', 8),
(2831, 263, 11, 4, '1', 8),
(2832, 263, 10, 4, '1', 8),
(2833, 263, 9, 4, '1', 8),
(2834, 263, 13, 4, '1', 8),
(2835, 263, 14, 4, '1', 8),
(2836, 263, 15, 4, '1', 8),
(2837, 263, 16, 4, '1', 8),
(2838, 263, 17, 4, '1', 8),
(2839, 264, 12, 4, '1', 8),
(2840, 264, 10, 4, '1', 8),
(2841, 264, 8, 4, '1', 8),
(2842, 264, 11, 4, '1', 8),
(2843, 264, 7, 4, '1', 8),
(2844, 264, 9, 4, '1', 8),
(2845, 264, 13, 4, '1', 8),
(2846, 264, 14, 4, '1', 8),
(2847, 264, 15, 4, '1', 8),
(2848, 264, 16, 4, '1', 8),
(2849, 264, 17, 4, '1', 8),
(2850, 265, 12, 4, '1', 8),
(2851, 265, 10, 4, '1', 8),
(2852, 265, 7, 4, '1', 8),
(2853, 265, 8, 4, '1', 8),
(2854, 265, 9, 4, '1', 8),
(2855, 265, 11, 4, '1', 8),
(2856, 265, 13, 4, '1', 8),
(2857, 265, 14, 4, '1', 8),
(2858, 265, 15, 4, '1', 8),
(2859, 265, 16, 4, '1', 8),
(2860, 265, 17, 4, '1', 8),
(2861, 266, 12, 4, '1', 8),
(2862, 266, 10, 4, '1', 8),
(2863, 266, 11, 4, '1', 8),
(2864, 266, 9, 4, '1', 8),
(2865, 266, 7, 4, '1', 8),
(2866, 266, 8, 4, '1', 8),
(2867, 266, 13, 4, '1', 8),
(2868, 266, 14, 4, '1', 8),
(2869, 266, 15, 4, '1', 8),
(2870, 266, 16, 4, '1', 8),
(2871, 266, 17, 4, '1', 8),
(2872, 267, 9, 4, '1', 8),
(2873, 267, 12, 4, '1', 8),
(2874, 267, 11, 4, '1', 8),
(2875, 267, 8, 4, '1', 8),
(2876, 267, 10, 4, '1', 8),
(2877, 267, 7, 4, '1', 8),
(2878, 267, 13, 4, '1', 8),
(2879, 267, 14, 4, '1', 8),
(2880, 267, 15, 4, '1', 8),
(2881, 267, 16, 4, '1', 8),
(2882, 267, 17, 4, '1', 8),
(2883, 268, 11, 4, '1', 8),
(2884, 268, 10, 4, '1', 8),
(2885, 268, 8, 4, '1', 8),
(2886, 268, 7, 4, '1', 8),
(2887, 268, 9, 4, '1', 8),
(2888, 268, 12, 4, '1', 8),
(2889, 268, 13, 4, '1', 8),
(2890, 268, 14, 4, '1', 8),
(2891, 268, 15, 4, '1', 8),
(2892, 268, 16, NULL, '3', 8),
(2893, 268, 17, 4, '1', 8),
(2894, 269, 11, NULL, '3', 8),
(2895, 269, 12, 4, '1', 8),
(2896, 269, 8, NULL, '3', 8),
(2897, 269, 9, NULL, '3', 8),
(2898, 269, 7, 4, '1', 8),
(2899, 269, 10, NULL, '3', 8),
(2900, 269, 13, NULL, '3', 8),
(2901, 269, 14, NULL, '3', 8),
(2902, 269, 15, NULL, '3', 8),
(2903, 269, 16, NULL, '3', 8),
(2904, 269, 17, 4, '1', 8),
(2905, 270, 7, 4, '1', 8),
(2906, 270, 11, NULL, '3', 8),
(2907, 270, 9, 4, '1', 8),
(2908, 270, 10, NULL, '3', 8),
(2909, 270, 8, 4, '1', 8),
(2910, 270, 12, 4, '1', 8),
(2911, 270, 13, 4, '1', 8),
(2912, 270, 14, 4, '1', 8),
(2913, 270, 15, 4, '1', 8),
(2914, 270, 16, 4, '1', 8),
(2915, 270, 17, NULL, '3', 8),
(2916, 271, 7, NULL, '3', 8),
(2917, 271, 9, NULL, '3', 8),
(2918, 271, 11, 4, '1', 8),
(2919, 271, 8, NULL, '3', 8),
(2920, 271, 10, NULL, '3', 8),
(2921, 271, 12, 4, '1', 8),
(2922, 271, 13, NULL, '3', 8),
(2923, 271, 14, NULL, '3', 8),
(2924, 271, 15, 4, '1', 8),
(2925, 271, 16, 4, '1', 8),
(2926, 271, 17, 4, '1', 8),
(2927, 272, 10, 4, '1', 8),
(2928, 272, 7, 4, '1', 8),
(2929, 272, 9, 4, '1', 8),
(2930, 272, 11, NULL, '3', 8),
(2931, 272, 12, 4, '1', 8),
(2932, 272, 8, 4, '1', 8),
(2933, 272, 13, NULL, '3', 8),
(2934, 272, 14, NULL, '3', 8),
(2935, 272, 15, NULL, '3', 8),
(2936, 272, 16, 4, '1', 8),
(2937, 272, 17, 4, '1', 8),
(2938, 273, 9, 4, '1', 8),
(2939, 273, 8, NULL, '3', 8),
(2940, 273, 7, NULL, '3', 8),
(2941, 273, 10, NULL, '3', 8),
(2942, 273, 12, NULL, '3', 8),
(2943, 273, 11, NULL, '3', 8),
(2944, 273, 13, NULL, '3', 8),
(2945, 273, 14, NULL, '3', 8),
(2946, 273, 15, NULL, '3', 8),
(2947, 273, 16, NULL, '3', 8),
(2948, 273, 17, NULL, '3', 8),
(2949, 274, 7, NULL, '3', 8),
(2950, 274, 12, 4, '1', 8),
(2951, 274, 10, 4, '1', 8),
(2952, 274, 11, NULL, '3', 8),
(2953, 274, 9, NULL, '3', 8),
(2954, 274, 8, 4, '1', 8),
(2955, 274, 13, 4, '1', 8),
(2956, 274, 14, NULL, '3', 8),
(2957, 274, 15, 4, '1', 8),
(2958, 274, 16, NULL, '3', 8),
(2959, 274, 17, 4, '1', 8),
(2960, 275, 9, 4, '1', 8),
(2961, 275, 7, NULL, '3', 8),
(2962, 275, 10, 4, '1', 8),
(2963, 275, 11, 4, '1', 8),
(2964, 275, 8, NULL, '3', 8),
(2965, 275, 12, 4, '1', 8),
(2966, 275, 13, 4, '1', 8),
(2967, 275, 14, 4, '1', 8),
(2968, 275, 15, 4, '1', 8),
(2969, 275, 16, 4, '1', 8),
(2970, 275, 17, 4, '1', 8),
(2971, 276, 7, 4, '1', 8),
(2972, 276, 10, NULL, '3', 8),
(2973, 276, 11, 4, '1', 8),
(2974, 276, 8, 4, '1', 8),
(2975, 276, 12, 4, '1', 8),
(2976, 276, 9, 4, '1', 8),
(2977, 276, 13, 4, '1', 8),
(2978, 276, 14, 4, '1', 8),
(2979, 276, 15, 4, '1', 8),
(2980, 276, 16, 4, '1', 8),
(2981, 276, 17, 4, '1', 8),
(2982, 277, 11, NULL, '3', 8),
(2983, 277, 10, 4, '1', 8),
(2984, 277, 8, NULL, '3', 8),
(2985, 277, 12, NULL, '3', 8),
(2986, 277, 7, 4, '1', 8),
(2987, 277, 9, NULL, '3', 8),
(2988, 277, 13, NULL, '3', 8),
(2989, 277, 14, NULL, '3', 8),
(2990, 277, 15, NULL, '3', 8),
(2991, 277, 16, NULL, '3', 8),
(2992, 277, 17, NULL, '3', 8),
(2993, 278, 12, 4, '1', 8),
(2994, 278, 10, NULL, '3', 8),
(2995, 278, 11, 4, '1', 8),
(2996, 278, 8, 4, '1', 8),
(2997, 278, 9, 4, '1', 8),
(2998, 278, 7, 4, '1', 8),
(2999, 278, 13, 4, '1', 8),
(3000, 278, 14, 4, '1', 8),
(3001, 278, 15, NULL, '3', 8),
(3002, 278, 16, 4, '1', 8),
(3003, 278, 17, 4, '1', 8),
(3004, 279, 9, NULL, '3', 8),
(3005, 279, 7, 4, '1', 8),
(3006, 279, 10, 4, '1', 8),
(3007, 279, 11, 4, '1', 8),
(3008, 279, 8, NULL, '3', 8),
(3009, 279, 12, 4, '1', 8),
(3010, 279, 13, NULL, '3', 8),
(3011, 279, 14, NULL, '3', 8),
(3012, 279, 15, NULL, '3', 8),
(3013, 279, 16, 4, '1', 8),
(3014, 279, 17, NULL, '3', 8),
(3015, 280, 7, 4, '1', 8),
(3016, 280, 10, 4, '1', 8),
(3017, 280, 8, 4, '1', 8),
(3018, 280, 12, 4, '1', 8),
(3019, 280, 9, 4, '1', 8),
(3020, 280, 11, NULL, '3', 8),
(3021, 280, 13, 4, '1', 8),
(3022, 280, 14, 4, '1', 8),
(3023, 280, 15, 4, '1', 8),
(3024, 280, 16, 4, '1', 8),
(3025, 280, 17, 4, '1', 8),
(3026, 281, 7, 4, '1', 8),
(3027, 281, 8, NULL, '3', 8),
(3028, 281, 9, NULL, '3', 8),
(3029, 281, 10, NULL, '3', 8),
(3030, 281, 11, NULL, '3', 8),
(3031, 281, 12, 4, '1', 8),
(3032, 281, 13, NULL, '3', 8),
(3033, 281, 14, NULL, '3', 8),
(3034, 281, 15, 4, '1', 8),
(3035, 281, 16, 4, '1', 8),
(3036, 281, 17, NULL, '3', 8),
(3037, 282, 8, 4, '1', 8),
(3038, 282, 7, 4, '1', 8),
(3039, 282, 9, 4, '1', 8),
(3040, 282, 11, 4, '1', 8),
(3041, 282, 10, NULL, '3', 8),
(3042, 282, 12, NULL, '3', 8),
(3043, 282, 13, 4, '1', 8),
(3044, 282, 14, NULL, '3', 8),
(3045, 282, 15, NULL, '3', 8),
(3046, 282, 16, 4, '1', 8),
(3047, 282, 17, 4, '1', 8),
(3048, 283, 7, NULL, '3', 8),
(3049, 283, 9, 4, '1', 8),
(3050, 283, 8, 4, '1', 8),
(3051, 283, 11, NULL, '3', 8),
(3052, 283, 10, 4, '1', 8),
(3053, 283, 12, 4, '1', 8),
(3054, 283, 13, 4, '1', 8),
(3055, 283, 14, 4, '1', 8),
(3056, 283, 15, 4, '1', 8),
(3057, 283, 16, 4, '1', 8),
(3058, 283, 17, 4, '1', 8),
(3059, 284, 7, 4, '1', 8),
(3060, 284, 9, 4, '1', 8),
(3061, 284, 10, 4, '1', 8),
(3062, 284, 11, 4, '1', 8),
(3063, 284, 8, 4, '1', 8),
(3064, 284, 12, 4, '1', 8),
(3065, 284, 13, 4, '1', 8),
(3066, 284, 14, 4, '1', 8),
(3067, 284, 15, 4, '1', 8),
(3068, 284, 16, NULL, '3', 8),
(3069, 284, 17, 4, '1', 8),
(3070, 285, 7, NULL, '2', 8),
(3071, 285, 9, NULL, '2', 8),
(3072, 285, 10, NULL, '2', 8),
(3073, 285, 11, NULL, '2', 8),
(3074, 285, 8, NULL, '2', 8),
(3075, 285, 12, NULL, '2', 8),
(3076, 285, 13, NULL, '2', 8),
(3077, 285, 14, NULL, '2', 8),
(3078, 285, 15, NULL, '2', 8),
(3079, 285, 16, NULL, '2', 8),
(3080, 285, 17, NULL, '2', 8),
(3081, 286, 10, NULL, '2', 8),
(3082, 286, 8, NULL, '2', 8),
(3083, 286, 11, NULL, '2', 8),
(3084, 286, 9, NULL, '2', 8),
(3085, 286, 7, NULL, '2', 8),
(3086, 286, 12, NULL, '2', 8),
(3087, 286, 13, NULL, '2', 8),
(3088, 286, 14, NULL, '2', 8),
(3089, 286, 15, NULL, '2', 8),
(3090, 286, 16, NULL, '2', 8),
(3091, 286, 17, NULL, '2', 8),
(3092, 287, 9, NULL, '2', 8),
(3093, 287, 8, NULL, '2', 8),
(3094, 287, 10, NULL, '2', 8),
(3095, 287, 11, NULL, '2', 8),
(3096, 287, 7, NULL, '2', 8),
(3097, 287, 12, NULL, '2', 8),
(3098, 287, 13, NULL, '2', 8),
(3099, 287, 14, NULL, '2', 8),
(3100, 287, 15, NULL, '2', 8),
(3101, 287, 16, NULL, '2', 8),
(3102, 287, 17, NULL, '2', 8),
(3103, 288, 12, NULL, '2', 8),
(3104, 288, 9, NULL, '2', 8),
(3105, 288, 7, NULL, '2', 8),
(3106, 288, 8, NULL, '2', 8),
(3107, 288, 10, NULL, '2', 8),
(3108, 288, 11, NULL, '2', 8),
(3109, 288, 13, NULL, '2', 8),
(3110, 288, 14, NULL, '2', 8),
(3111, 288, 15, NULL, '2', 8),
(3112, 288, 16, NULL, '2', 8),
(3113, 288, 17, NULL, '2', 8),
(3114, 289, 9, NULL, '2', 8),
(3115, 289, 10, NULL, '2', 8),
(3116, 289, 7, NULL, '2', 8),
(3117, 289, 11, NULL, '2', 8),
(3118, 289, 8, NULL, '2', 8),
(3119, 289, 12, NULL, '2', 8),
(3120, 289, 13, NULL, '2', 8),
(3121, 289, 14, NULL, '2', 8),
(3122, 289, 15, NULL, '2', 8),
(3123, 289, 16, NULL, '2', 8),
(3124, 289, 17, NULL, '2', 8),
(3125, 290, 11, 4, '1', 8),
(3126, 290, 8, 4, '1', 8),
(3127, 290, 12, 4, '1', 8),
(3128, 290, 10, 4, '1', 8),
(3129, 290, 7, 4, '1', 8),
(3130, 290, 9, 4, '1', 8),
(3131, 290, 13, 4, '1', 8),
(3132, 290, 14, 4, '1', 8),
(3133, 290, 15, 4, '1', 8),
(3134, 290, 16, 4, '1', 8),
(3135, 290, 17, 4, '1', 8),
(3136, 291, 7, 4, '1', 8),
(3137, 291, 8, 4, '1', 8),
(3138, 291, 9, 4, '1', 8),
(3139, 291, 12, 4, '1', 8),
(3140, 291, 10, 4, '1', 8),
(3141, 291, 11, 4, '1', 8),
(3142, 291, 13, 4, '1', 8),
(3143, 291, 14, 4, '1', 8),
(3144, 291, 15, 4, '1', 8),
(3145, 291, 16, 4, '1', 8),
(3146, 291, 17, 4, '1', 8),
(3147, 292, 8, 4, '1', 8),
(3148, 292, 7, 4, '1', 8),
(3149, 292, 9, 4, '1', 8),
(3150, 292, 12, 4, '1', 8),
(3151, 292, 11, 4, '1', 8),
(3152, 292, 10, 4, '1', 8),
(3153, 292, 13, 4, '1', 8),
(3154, 292, 14, 4, '1', 8),
(3155, 292, 15, 4, '1', 8),
(3156, 292, 16, 4, '1', 8),
(3157, 292, 17, 4, '1', 8),
(3158, 293, 7, 4, '1', 8),
(3159, 293, 8, 4, '1', 8),
(3160, 293, 10, 4, '1', 8),
(3161, 293, 9, 4, '1', 8),
(3162, 293, 12, 4, '1', 8),
(3163, 293, 11, 4, '1', 8),
(3164, 293, 13, 4, '1', 8),
(3165, 293, 14, 4, '1', 8),
(3166, 293, 15, 4, '1', 8),
(3167, 293, 16, 4, '1', 8),
(3168, 293, 17, 4, '1', 8),
(3169, 294, 8, 4, '1', 8),
(3170, 294, 11, 4, '1', 8),
(3171, 294, 10, 4, '1', 8),
(3172, 294, 9, 4, '1', 8),
(3173, 294, 12, 4, '1', 8),
(3174, 294, 7, 4, '1', 8),
(3175, 294, 13, 4, '1', 8),
(3176, 294, 14, 4, '1', 8),
(3177, 294, 15, 4, '1', 8),
(3178, 294, 16, 4, '1', 8),
(3179, 294, 17, 4, '1', 8),
(3180, 295, 11, 4, '1', 8),
(3181, 295, 12, 4, '1', 8),
(3182, 295, 9, 4, '1', 8),
(3183, 295, 8, 4, '1', 8),
(3184, 295, 10, 4, '1', 8),
(3185, 295, 7, 4, '1', 8),
(3186, 295, 13, 4, '1', 8),
(3187, 295, 14, 4, '1', 8),
(3188, 295, 15, 4, '1', 8),
(3189, 295, 16, 4, '1', 8),
(3190, 295, 17, 4, '1', 8),
(3191, 296, 12, 4, '1', 8),
(3192, 296, 11, 4, '1', 8),
(3193, 296, 7, 4, '1', 8),
(3194, 296, 9, 4, '1', 8),
(3195, 296, 10, 4, '1', 8),
(3196, 296, 8, 4, '1', 8),
(3197, 296, 13, 4, '1', 8),
(3198, 296, 14, 4, '1', 8),
(3199, 296, 15, 4, '1', 8),
(3200, 296, 16, 4, '1', 8),
(3201, 296, 17, 4, '1', 8),
(3202, 297, 8, 4, '1', 8),
(3203, 297, 9, 4, '1', 8),
(3204, 297, 12, 4, '1', 8),
(3205, 297, 11, 4, '1', 8),
(3206, 297, 7, 4, '1', 8),
(3207, 297, 10, 4, '1', 8),
(3208, 297, 13, 4, '1', 8),
(3209, 297, 14, 4, '1', 8),
(3210, 297, 15, 4, '1', 8),
(3211, 297, 16, 4, '1', 8),
(3212, 297, 17, 4, '1', 8),
(3213, 298, 10, 4, '1', 8),
(3214, 298, 7, 4, '1', 8),
(3215, 298, 8, 4, '1', 8),
(3216, 298, 12, 4, '1', 8),
(3217, 298, 11, 4, '1', 8),
(3218, 298, 9, 4, '1', 8),
(3219, 298, 13, 4, '1', 8),
(3220, 298, 14, 4, '1', 8),
(3221, 298, 15, 4, '1', 8),
(3222, 298, 16, 4, '1', 8),
(3223, 298, 17, 4, '1', 8),
(3224, 299, 7, 4, '1', 8),
(3225, 299, 9, 4, '1', 8),
(3226, 299, 8, 4, '1', 8),
(3227, 299, 11, 4, '1', 8),
(3228, 299, 12, 4, '1', 8),
(3229, 299, 10, 4, '1', 8),
(3230, 299, 13, 4, '1', 8),
(3231, 299, 14, 4, '1', 8),
(3232, 299, 15, 4, '1', 8),
(3233, 299, 16, 4, '1', 8),
(3234, 299, 17, 4, '1', 8),
(3235, 300, 7, 4, '1', 8),
(3236, 300, 9, 4, '1', 8),
(3237, 300, 8, 4, '1', 8),
(3238, 300, 11, 4, '1', 8),
(3239, 300, 12, 4, '1', 8),
(3240, 300, 10, 4, '1', 8),
(3241, 300, 13, 4, '1', 8),
(3242, 300, 14, 4, '1', 8),
(3243, 300, 15, 4, '1', 8),
(3244, 300, 16, 4, '1', 8),
(3245, 300, 17, 4, '1', 8),
(3246, 301, 9, 4, '1', 8),
(3247, 301, 7, 4, '1', 8),
(3248, 301, 8, 4, '1', 8),
(3249, 301, 10, 4, '1', 8),
(3250, 301, 11, 4, '1', 8),
(3251, 301, 12, 4, '1', 8),
(3252, 301, 13, 4, '1', 8),
(3253, 301, 14, 4, '1', 8),
(3254, 301, 15, 4, '1', 8),
(3255, 301, 16, 4, '1', 8),
(3256, 301, 17, 4, '1', 8),
(3257, 302, 10, 4, '1', 8),
(3258, 302, 11, 4, '1', 8),
(3259, 302, 9, 4, '1', 8),
(3260, 302, 7, NULL, '3', 8),
(3261, 302, 8, 4, '1', 8),
(3262, 302, 12, 4, '1', 8),
(3263, 302, 13, 4, '1', 8),
(3264, 302, 14, 4, '1', 8),
(3265, 302, 15, 4, '1', 8),
(3266, 302, 16, 4, '1', 8),
(3267, 302, 17, 4, '1', 8),
(3268, 303, 9, NULL, '3', 8),
(3269, 303, 7, 4, '1', 8),
(3270, 303, 8, 4, '1', 8),
(3271, 303, 11, NULL, '3', 8),
(3272, 303, 10, NULL, '3', 8),
(3273, 303, 12, 4, '1', 8),
(3274, 303, 13, NULL, '3', 8),
(3275, 303, 14, 4, '1', 8),
(3276, 303, 15, NULL, '3', 8),
(3277, 303, 16, NULL, '3', 8),
(3278, 303, 17, NULL, '3', 8),
(3279, 304, 8, 4, '1', 8),
(3280, 304, 10, 4, '1', 8),
(3281, 304, 11, 4, '1', 8),
(3282, 304, 7, 4, '1', 8),
(3283, 304, 9, 4, '1', 8),
(3284, 304, 12, 4, '1', 8),
(3285, 304, 13, NULL, '3', 8),
(3286, 304, 14, 4, '1', 8),
(3287, 304, 15, 4, '1', 8),
(3288, 304, 16, 4, '1', 8),
(3289, 304, 17, 4, '1', 8),
(3290, 305, 7, 4, '1', 8),
(3291, 305, 9, 4, '1', 8),
(3292, 305, 10, 4, '1', 8),
(3293, 305, 8, 4, '1', 8),
(3294, 305, 11, 4, '1', 8),
(3295, 305, 12, 4, '1', 8),
(3296, 305, 13, 4, '1', 8),
(3297, 305, 14, 4, '1', 8),
(3298, 305, 15, 4, '1', 8),
(3299, 305, 16, NULL, '3', 8),
(3300, 305, 17, 4, '1', 8),
(3301, 306, 7, 4, '1', 8),
(3302, 306, 10, NULL, '3', 8),
(3303, 306, 9, NULL, '3', 8),
(3304, 306, 11, 4, '1', 8),
(3305, 306, 12, 4, '1', 8),
(3306, 306, 8, 4, '1', 8),
(3307, 306, 13, NULL, '3', 8),
(3308, 306, 14, 4, '1', 8),
(3309, 306, 15, 4, '1', 8),
(3310, 306, 16, NULL, '3', 8),
(3311, 306, 17, 4, '1', 8),
(3312, 307, 12, 4, '1', 8),
(3313, 307, 10, 4, '1', 8),
(3314, 307, 7, 4, '1', 8),
(3315, 307, 9, 4, '1', 8),
(3316, 307, 11, 4, '1', 8),
(3317, 307, 8, 4, '1', 8),
(3318, 307, 13, 4, '1', 8),
(3319, 307, 14, 4, '1', 8),
(3320, 307, 15, 4, '1', 8),
(3321, 307, 16, 4, '1', 8),
(3322, 307, 17, 4, '1', 8),
(3323, 308, 10, 4, '1', 8),
(3324, 308, 8, 4, '1', 8),
(3325, 308, 9, 4, '1', 8),
(3326, 308, 11, 4, '1', 8),
(3327, 308, 12, 4, '1', 8),
(3328, 308, 7, 4, '1', 8),
(3329, 308, 13, 4, '1', 8),
(3330, 308, 14, 4, '1', 8),
(3331, 308, 15, 4, '1', 8),
(3332, 308, 16, 4, '1', 8),
(3333, 308, 17, 4, '1', 8),
(3334, 309, 10, 4, '1', 8),
(3335, 309, 7, 4, '1', 8),
(3336, 309, 11, 4, '1', 8),
(3337, 309, 9, 4, '1', 8),
(3338, 309, 12, 4, '1', 8),
(3339, 309, 8, 4, '1', 8),
(3340, 309, 13, 4, '1', 8),
(3341, 309, 14, 4, '1', 8),
(3342, 309, 15, 4, '1', 8),
(3343, 309, 16, 4, '1', 8),
(3344, 309, 17, 4, '1', 8),
(3345, 310, 7, 4, '1', 8),
(3346, 310, 12, 4, '1', 8),
(3347, 310, 11, 4, '1', 8),
(3348, 310, 8, 4, '1', 8),
(3349, 310, 9, 4, '1', 8),
(3350, 310, 10, 4, '1', 8),
(3351, 310, 13, 4, '1', 8),
(3352, 310, 14, 4, '1', 8),
(3353, 310, 15, 4, '1', 8),
(3354, 310, 16, 4, '1', 8),
(3355, 310, 17, 4, '1', 8),
(3356, 311, 9, 4, '1', 8),
(3357, 311, 12, 4, '1', 8),
(3358, 311, 8, 4, '1', 8),
(3359, 311, 11, 4, '1', 8),
(3360, 311, 10, 4, '1', 8),
(3361, 311, 7, 4, '1', 8),
(3362, 311, 13, 4, '1', 8),
(3363, 311, 14, 4, '1', 8),
(3364, 311, 15, 4, '1', 8),
(3365, 311, 16, 4, '1', 8),
(3366, 311, 17, 4, '1', 8),
(3367, 312, 11, 4, '1', 8),
(3368, 312, 12, 4, '1', 8),
(3369, 312, 9, 4, '1', 8),
(3370, 312, 10, 4, '1', 8),
(3371, 312, 8, 4, '1', 8),
(3372, 312, 7, 4, '1', 8),
(3373, 312, 13, 4, '1', 8),
(3374, 312, 14, 4, '1', 8),
(3375, 312, 15, 4, '1', 8),
(3376, 312, 16, 4, '1', 8),
(3377, 312, 17, 4, '1', 8),
(3378, 313, 9, 4, '1', 8),
(3379, 313, 11, 4, '1', 8),
(3380, 313, 7, 4, '1', 8),
(3381, 313, 10, 4, '1', 8),
(3382, 313, 12, 4, '1', 8),
(3383, 313, 8, 4, '1', 8),
(3384, 313, 13, 4, '1', 8),
(3385, 313, 14, 4, '1', 8),
(3386, 313, 15, 4, '1', 8),
(3387, 313, 16, 4, '1', 8),
(3388, 313, 17, 4, '1', 8),
(3389, 314, 7, 4, '1', 8),
(3390, 314, 8, 4, '1', 8),
(3391, 314, 9, 4, '1', 8),
(3392, 314, 10, 4, '1', 8),
(3393, 314, 11, 4, '1', 8),
(3394, 314, 12, 4, '1', 8),
(3395, 314, 13, 4, '1', 8),
(3396, 314, 14, 4, '1', 8),
(3397, 314, 15, 4, '1', 8),
(3398, 314, 16, 4, '1', 8),
(3399, 314, 17, 4, '1', 8),
(3400, 315, 9, 4, '1', 8),
(3401, 315, 11, 4, '1', 8),
(3402, 315, 7, 4, '1', 8),
(3403, 315, 8, 4, '1', 8),
(3404, 315, 12, 4, '1', 8),
(3405, 315, 10, 4, '1', 8),
(3406, 315, 13, 4, '1', 8),
(3407, 315, 14, 4, '1', 8),
(3408, 315, 15, 4, '1', 8),
(3409, 315, 16, 4, '1', 8),
(3410, 315, 17, 4, '1', 8),
(3411, 316, 12, 4, '1', 8),
(3412, 316, 9, 4, '1', 8),
(3413, 316, 7, 4, '1', 8),
(3414, 316, 11, 4, '1', 8),
(3415, 316, 10, 4, '1', 8),
(3416, 316, 8, 4, '1', 8),
(3417, 316, 13, 4, '1', 8),
(3418, 316, 14, 4, '1', 8),
(3419, 316, 15, 4, '1', 8),
(3420, 316, 16, 4, '1', 8),
(3421, 316, 17, 4, '1', 8),
(3422, 317, 7, 4, '1', 8),
(3423, 317, 12, NULL, '3', 8),
(3424, 317, 11, 4, '1', 8),
(3425, 317, 10, NULL, '3', 8),
(3426, 317, 9, NULL, '3', 8),
(3427, 317, 8, 4, '1', 8),
(3428, 317, 13, 4, '1', 8),
(3429, 317, 14, 4, '1', 8),
(3430, 317, 15, 4, '1', 8),
(3431, 317, 16, NULL, '3', 8),
(3432, 317, 17, NULL, '3', 8),
(3433, 318, 8, 4, '1', 8),
(3434, 318, 9, NULL, '3', 8),
(3435, 318, 7, NULL, '3', 8),
(3436, 318, 11, NULL, '3', 8),
(3437, 318, 10, NULL, '3', 8),
(3438, 318, 12, NULL, '3', 8),
(3439, 318, 13, NULL, '3', 8),
(3440, 318, 14, NULL, '3', 8),
(3441, 318, 15, NULL, '3', 8),
(3442, 318, 16, NULL, '3', 8),
(3443, 318, 17, NULL, '3', 8),
(3444, 319, 8, 4, '1', 8),
(3445, 319, 7, 4, '1', 8),
(3446, 319, 9, 4, '1', 8),
(3447, 319, 10, 4, '1', 8),
(3448, 319, 11, NULL, '3', 8),
(3449, 319, 12, 4, '1', 8),
(3450, 319, 13, 4, '1', 8),
(3451, 319, 14, 4, '1', 8),
(3452, 319, 15, NULL, '3', 8),
(3453, 319, 16, NULL, '3', 8),
(3454, 319, 17, 4, '1', 8),
(3455, 320, 10, 4, '1', 8),
(3456, 320, 9, 4, '1', 8),
(3457, 320, 7, 4, '1', 8),
(3458, 320, 8, 4, '1', 8),
(3459, 320, 11, 4, '1', 8),
(3460, 320, 12, 4, '1', 8),
(3461, 320, 13, 4, '1', 8),
(3462, 320, 14, 4, '1', 8),
(3463, 320, 15, 4, '1', 8),
(3464, 320, 16, 4, '1', 8),
(3465, 320, 17, 4, '1', 8),
(3466, 321, 8, 4, '1', 8),
(3467, 321, 10, 4, '1', 8),
(3468, 321, 11, 4, '1', 8),
(3469, 321, 9, 4, '1', 8),
(3470, 321, 7, 4, '1', 8),
(3471, 321, 12, 4, '1', 8),
(3472, 321, 13, 4, '1', 8),
(3473, 321, 14, 4, '1', 8),
(3474, 321, 15, 4, '1', 8),
(3475, 321, 16, 4, '1', 8),
(3476, 321, 17, 4, '1', 8),
(3477, 322, 10, 4, '1', 8),
(3478, 322, 7, 4, '1', 8),
(3479, 322, 9, 4, '1', 8),
(3480, 322, 8, 4, '1', 8),
(3481, 322, 12, 4, '1', 8),
(3482, 322, 11, 4, '1', 8),
(3483, 322, 13, 4, '1', 8),
(3484, 322, 14, 4, '1', 8),
(3485, 322, 15, 4, '1', 8),
(3486, 322, 16, 4, '1', 8),
(3487, 322, 17, 4, '1', 8),
(3488, 323, 11, 4, '1', 8),
(3489, 323, 10, 4, '1', 8),
(3490, 323, 9, 4, '1', 8),
(3491, 323, 8, 4, '1', 8),
(3492, 323, 7, 4, '1', 8),
(3493, 323, 12, 4, '1', 8),
(3494, 323, 13, 4, '1', 8),
(3495, 323, 14, 4, '1', 8),
(3496, 323, 15, 4, '1', 8),
(3497, 323, 16, 4, '1', 8),
(3498, 323, 17, 4, '1', 8),
(3499, 324, 10, 4, '1', 8),
(3500, 324, 9, 4, '1', 8),
(3501, 324, 8, 4, '1', 8),
(3502, 324, 12, 4, '1', 8),
(3503, 324, 7, 4, '1', 8),
(3504, 324, 11, 4, '1', 8),
(3505, 324, 13, 4, '1', 8),
(3506, 324, 14, 4, '1', 8),
(3507, 324, 15, 4, '1', 8),
(3508, 324, 16, 4, '1', 8),
(3509, 324, 17, 4, '1', 8),
(3510, 325, 11, 4, '1', 8),
(3511, 325, 8, 4, '1', 8),
(3512, 325, 7, 4, '1', 8),
(3513, 325, 10, 4, '1', 8),
(3514, 325, 12, 4, '1', 8),
(3515, 325, 9, 4, '1', 8),
(3516, 325, 13, 4, '1', 8),
(3517, 325, 14, 4, '1', 8),
(3518, 325, 15, 4, '1', 8),
(3519, 325, 16, 4, '1', 8),
(3520, 325, 17, 4, '1', 8),
(3521, 326, 7, 4, '1', 8),
(3522, 326, 10, 4, '1', 8),
(3523, 326, 12, 4, '1', 8),
(3524, 326, 9, 4, '1', 8),
(3525, 326, 11, 4, '1', 8),
(3526, 326, 8, 4, '1', 8),
(3527, 326, 13, 4, '1', 8),
(3528, 326, 14, 4, '1', 8),
(3529, 326, 15, 4, '1', 8),
(3530, 326, 16, 4, '1', 8),
(3531, 326, 17, 4, '1', 8),
(3532, 327, 8, 4, '1', 8),
(3533, 327, 9, 4, '1', 8),
(3534, 327, 7, 4, '1', 8),
(3535, 327, 12, 4, '1', 8),
(3536, 327, 10, 4, '1', 8),
(3537, 327, 11, 4, '1', 8),
(3538, 327, 13, NULL, '3', 8),
(3539, 327, 14, 4, '1', 8),
(3540, 327, 15, 4, '1', 8),
(3541, 327, 16, 4, '1', 8),
(3542, 327, 17, 4, '1', 8),
(3543, 328, 7, 4, '1', 8),
(3544, 328, 8, 4, '1', 8),
(3545, 328, 9, 4, '1', 8),
(3546, 328, 11, 4, '1', 8),
(3547, 328, 10, 4, '1', 8),
(3548, 328, 12, 4, '1', 8),
(3549, 328, 13, 4, '1', 8),
(3550, 328, 14, 4, '1', 8),
(3551, 328, 15, 4, '1', 8),
(3552, 328, 16, 4, '1', 8),
(3553, 328, 17, 4, '1', 8),
(3554, 329, 9, 4, '1', 8),
(3555, 329, 8, 4, '1', 8),
(3556, 329, 12, 4, '1', 8),
(3557, 329, 7, 4, '1', 8),
(3558, 329, 11, 4, '1', 8),
(3559, 329, 10, 4, '1', 8),
(3560, 329, 13, 4, '1', 8),
(3561, 329, 14, 4, '1', 8),
(3562, 329, 15, 4, '1', 8),
(3563, 329, 16, 4, '1', 8),
(3564, 329, 17, 4, '1', 8),
(3565, 330, 8, 4, '1', 8),
(3566, 330, 11, 4, '1', 8),
(3567, 330, 10, 4, '1', 8),
(3568, 330, 7, 4, '1', 8),
(3569, 330, 12, 4, '1', 8),
(3570, 330, 9, 4, '1', 8),
(3571, 330, 13, 4, '1', 8),
(3572, 330, 14, 4, '1', 8),
(3573, 330, 15, 4, '1', 8),
(3574, 330, 16, 4, '1', 8),
(3575, 330, 17, 4, '1', 8),
(3576, 331, 8, 4, '1', 8),
(3577, 331, 10, 4, '1', 8),
(3578, 331, 11, 4, '1', 8),
(3579, 331, 7, 4, '1', 8),
(3580, 331, 12, 4, '1', 8),
(3581, 331, 9, 4, '1', 8),
(3582, 331, 13, 4, '1', 8),
(3583, 331, 14, 4, '1', 8),
(3584, 331, 15, 4, '1', 8),
(3585, 331, 16, 4, '1', 8),
(3586, 331, 17, 4, '1', 8),
(3587, 332, 7, 4, '1', 8),
(3588, 332, 10, 4, '1', 8),
(3589, 332, 9, 4, '1', 8),
(3590, 332, 8, 4, '1', 8),
(3591, 332, 11, 4, '1', 8),
(3592, 332, 12, 4, '1', 8),
(3593, 332, 13, 4, '1', 8),
(3594, 332, 14, 4, '1', 8),
(3595, 332, 15, 4, '1', 8),
(3596, 332, 16, 4, '1', 8),
(3597, 332, 17, 4, '1', 8),
(3598, 333, 12, 4, '1', 8),
(3599, 333, 7, 4, '1', 8),
(3600, 333, 8, 4, '1', 8),
(3601, 333, 10, 4, '1', 8),
(3602, 333, 11, 4, '1', 8),
(3603, 333, 9, 4, '1', 8),
(3604, 333, 13, 4, '1', 8),
(3605, 333, 14, 4, '1', 8),
(3606, 333, 15, 4, '1', 8),
(3607, 333, 16, 4, '1', 8),
(3608, 333, 17, 4, '1', 8),
(3609, 334, 8, 4, '1', 8),
(3610, 334, 12, 4, '1', 8),
(3611, 334, 9, 4, '1', 8),
(3612, 334, 7, 4, '1', 8),
(3613, 334, 11, 4, '1', 8),
(3614, 334, 10, 4, '1', 8),
(3615, 334, 13, 4, '1', 8),
(3616, 334, 14, 4, '1', 8),
(3617, 334, 15, 4, '1', 8),
(3618, 334, 16, 4, '1', 8),
(3619, 334, 17, 4, '1', 8),
(3620, 335, 7, 4, '1', 8),
(3621, 335, 8, 4, '1', 8),
(3622, 335, 12, 4, '1', 8),
(3623, 335, 11, NULL, '3', 8),
(3624, 335, 10, 4, '1', 8),
(3625, 335, 9, NULL, '3', 8),
(3626, 335, 13, 4, '1', 8),
(3627, 335, 14, 4, '1', 8),
(3628, 335, 15, 4, '1', 8),
(3629, 335, 16, 4, '1', 8),
(3630, 335, 17, NULL, '3', 8),
(3631, 336, 11, 4, '1', 8),
(3632, 336, 9, 4, '1', 8),
(3633, 336, 10, 4, '1', 8),
(3634, 336, 8, 4, '1', 8),
(3635, 336, 7, 4, '1', 8),
(3636, 336, 12, 4, '1', 8),
(3637, 336, 13, 4, '1', 8),
(3638, 336, 14, 4, '1', 8),
(3639, 336, 15, 4, '1', 8),
(3640, 336, 16, 4, '1', 8),
(3641, 336, 17, 4, '1', 8),
(3642, 337, 7, 4, '1', 8),
(3643, 337, 12, 4, '1', 8),
(3644, 337, 9, 4, '1', 8),
(3645, 337, 11, 4, '1', 8),
(3646, 337, 8, 4, '1', 8),
(3647, 337, 10, 4, '1', 8),
(3648, 337, 13, 4, '1', 8),
(3649, 337, 14, 4, '1', 8),
(3650, 337, 15, 4, '1', 8),
(3651, 337, 16, 4, '1', 8),
(3652, 337, 17, 4, '1', 8),
(3653, 338, 10, 4, '1', 8),
(3654, 338, 9, 4, '1', 8),
(3655, 338, 12, 4, '1', 8),
(3656, 338, 8, 4, '1', 8),
(3657, 338, 11, 4, '1', 8),
(3658, 338, 7, 4, '1', 8),
(3659, 338, 13, 4, '1', 8),
(3660, 338, 14, 4, '1', 8),
(3661, 338, 15, 4, '1', 8),
(3662, 338, 16, 4, '1', 8),
(3663, 338, 17, 4, '1', 8),
(3664, 339, 12, 4, '1', 8),
(3665, 339, 10, 4, '1', 8),
(3666, 339, 8, 4, '1', 8),
(3667, 339, 11, 4, '1', 8),
(3668, 339, 7, 4, '1', 8),
(3669, 339, 9, 4, '1', 8),
(3670, 339, 13, 4, '1', 8),
(3671, 339, 14, 4, '1', 8),
(3672, 339, 15, 4, '1', 8),
(3673, 339, 16, 4, '1', 8),
(3674, 339, 17, 4, '1', 8),
(3675, 340, 8, 4, '1', 8),
(3676, 340, 10, 4, '1', 8),
(3677, 340, 7, 4, '1', 8),
(3678, 340, 12, 4, '1', 8),
(3679, 340, 11, 4, '1', 8),
(3680, 340, 9, 4, '1', 8),
(3681, 340, 13, 4, '1', 8),
(3682, 340, 14, 4, '1', 8),
(3683, 340, 15, 4, '1', 8),
(3684, 340, 16, 4, '1', 8),
(3685, 340, 17, 4, '1', 8),
(3686, 341, 11, 4, '1', 8),
(3687, 341, 10, 4, '1', 8),
(3688, 341, 7, 4, '1', 8),
(3689, 341, 9, 4, '1', 8),
(3690, 341, 8, 4, '1', 8),
(3691, 341, 12, 4, '1', 8),
(3692, 341, 13, 4, '1', 8),
(3693, 341, 14, 4, '1', 8),
(3694, 341, 15, 4, '1', 8),
(3695, 341, 16, 4, '1', 8),
(3696, 341, 17, 4, '1', 8),
(3697, 342, 9, 4, '1', 8),
(3698, 342, 12, 4, '1', 8),
(3699, 342, 8, 4, '1', 8),
(3700, 342, 11, 4, '1', 8),
(3701, 342, 7, 4, '1', 8),
(3702, 342, 10, 4, '1', 8),
(3703, 342, 13, 4, '1', 8),
(3704, 342, 14, 4, '1', 8),
(3705, 342, 15, 4, '1', 8),
(3706, 342, 16, 4, '1', 8),
(3707, 342, 17, 4, '1', 8),
(3708, 343, 8, 4, '1', 8),
(3709, 343, 11, 4, '1', 8),
(3710, 343, 7, 4, '1', 8),
(3711, 343, 12, 4, '1', 8),
(3712, 343, 10, 4, '1', 8),
(3713, 343, 9, 4, '1', 8),
(3714, 343, 13, 4, '1', 8),
(3715, 343, 14, 4, '1', 8),
(3716, 343, 15, 4, '1', 8),
(3717, 343, 16, 4, '1', 8),
(3718, 343, 17, 4, '1', 8),
(3719, 344, 7, 4, '1', 8),
(3720, 344, 11, 4, '1', 8),
(3721, 344, 10, 4, '1', 8),
(3722, 344, 12, 4, '1', 8),
(3723, 344, 8, 4, '1', 8),
(3724, 344, 9, 4, '1', 8),
(3725, 344, 13, 4, '1', 8),
(3726, 344, 14, 4, '1', 8),
(3727, 344, 15, 4, '1', 8),
(3728, 344, 16, 4, '1', 8),
(3729, 344, 17, 4, '1', 8),
(3730, 345, 8, 4, '1', 8),
(3731, 345, 10, 4, '1', 8),
(3732, 345, 7, 4, '1', 8),
(3733, 345, 9, 4, '1', 8),
(3734, 345, 12, 4, '1', 8),
(3735, 345, 11, 4, '1', 8),
(3736, 345, 13, 4, '1', 8),
(3737, 345, 14, 4, '1', 8),
(3738, 345, 15, 4, '1', 8),
(3739, 345, 16, 4, '1', 8),
(3740, 345, 17, 4, '1', 8),
(3741, 346, 9, 4, '1', 8),
(3742, 346, 10, 4, '1', 8),
(3743, 346, 12, 4, '1', 8),
(3744, 346, 7, 4, '1', 8),
(3745, 346, 11, 4, '1', 8),
(3746, 346, 8, 4, '1', 8),
(3747, 346, 13, 4, '1', 8),
(3748, 346, 14, 4, '1', 8),
(3749, 346, 15, 4, '1', 8),
(3750, 346, 16, 4, '1', 8),
(3751, 346, 17, 4, '1', 8),
(3752, 347, 7, 4, '1', 8),
(3753, 347, 8, 4, '1', 8),
(3754, 347, 9, 4, '1', 8),
(3755, 347, 10, 4, '1', 8),
(3756, 347, 11, 4, '1', 8),
(3757, 347, 12, 4, '1', 8),
(3758, 347, 13, 4, '1', 8),
(3759, 347, 14, 4, '1', 8),
(3760, 347, 15, 4, '1', 8),
(3761, 347, 16, 4, '1', 8),
(3762, 347, 17, 4, '1', 8),
(3763, 348, 7, 4, '1', 8),
(3764, 348, 10, 4, '1', 8),
(3765, 348, 11, 4, '1', 8),
(3766, 348, 8, 4, '1', 8),
(3767, 348, 9, 4, '1', 8),
(3768, 348, 12, 4, '1', 8),
(3769, 348, 13, 4, '1', 8),
(3770, 348, 14, 4, '1', 8),
(3771, 348, 15, 4, '1', 8),
(3772, 348, 16, 4, '1', 8),
(3773, 348, 17, 4, '1', 8),
(3774, 349, 11, 4, '1', 8),
(3775, 349, 10, 4, '1', 8),
(3776, 349, 9, 4, '1', 8),
(3777, 349, 8, 4, '1', 8),
(3778, 349, 12, 4, '1', 8),
(3779, 349, 7, 4, '1', 8),
(3780, 349, 13, 4, '1', 8),
(3781, 349, 14, 4, '1', 8),
(3782, 349, 15, 4, '1', 8),
(3783, 349, 16, 4, '1', 8),
(3784, 349, 17, 4, '1', 8),
(3785, 350, 9, NULL, '2', 8),
(3786, 350, 8, NULL, '2', 8),
(3787, 350, 12, NULL, '2', 8),
(3788, 350, 7, NULL, '2', 8),
(3789, 350, 10, NULL, '2', 8),
(3790, 350, 11, NULL, '2', 8),
(3791, 350, 13, NULL, '2', 8),
(3792, 350, 14, NULL, '2', 8),
(3793, 350, 15, NULL, '2', 8),
(3794, 350, 16, NULL, '2', 8),
(3795, 350, 17, NULL, '2', 8),
(3796, 351, 7, 4, '1', 9),
(3797, 351, 10, 5, '1', 9),
(3798, 351, 11, 4, '1', 9),
(3799, 351, 12, 4, '1', 9),
(3800, 351, 9, 4, '1', 9),
(3801, 351, 8, 4, '1', 9),
(3802, 351, 13, 5, '1', 9),
(3803, 351, 14, 4, '1', 9),
(3804, 351, 15, NULL, '2', 9),
(3805, 351, 16, 4, '1', 9),
(3806, 351, 17, 4, '1', 9),
(3807, 352, 10, 5, '1', 9),
(3808, 352, 7, 4, '1', 9),
(3809, 352, 11, 4, '1', 9),
(3810, 352, 12, 4, '1', 9),
(3811, 352, 8, 5, '1', 9),
(3812, 352, 9, 4, '1', 9),
(3813, 352, 13, 4, '1', 9),
(3814, 352, 14, 5, '1', 9),
(3815, 352, 15, 4, '1', 9),
(3816, 352, 16, 4, '1', 9),
(3817, 352, 17, 4, '1', 9),
(3818, 353, 7, NULL, '3', 9),
(3819, 353, 8, 6, '1', 9),
(3820, 353, 11, 6, '1', 9),
(3821, 353, 10, NULL, '2', 9),
(3822, 353, 12, 6, '1', 9),
(3823, 353, 9, 5, '1', 9),
(3824, 353, 13, 6, '1', 9),
(3825, 353, 14, 6, '1', 9),
(3826, 353, 15, NULL, '2', 9),
(3827, 353, 16, 6, '1', 9),
(3828, 353, 17, NULL, '2', 9),
(3829, 354, 10, 5, '1', 9),
(3830, 354, 9, 5, '1', 9),
(3831, 354, 7, NULL, '2', 9),
(3832, 354, 8, NULL, '3', 9),
(3833, 354, 12, 5, '1', 9),
(3834, 354, 11, 5, '1', 9),
(3835, 354, 13, 5, '1', 9),
(3836, 354, 14, NULL, '3', 9),
(3837, 354, 15, NULL, '2', 9),
(3838, 354, 16, NULL, '2', 9),
(3839, 354, 17, NULL, '2', 9),
(3840, 355, 10, NULL, '2', 9),
(3841, 355, 7, NULL, '2', 9),
(3842, 355, 8, NULL, '2', 9),
(3843, 355, 9, NULL, '2', 9),
(3844, 355, 11, NULL, '2', 9),
(3845, 355, 12, NULL, '2', 9),
(3846, 355, 13, NULL, '2', 9),
(3847, 355, 14, NULL, '2', 9),
(3848, 355, 15, NULL, '2', 9),
(3849, 355, 16, NULL, '2', 9),
(3850, 355, 17, NULL, '2', 9),
(3851, 356, 12, 6, '1', 9),
(3852, 356, 8, 5, '1', 9),
(3853, 356, 7, 6, '1', 9),
(3854, 356, 11, 5, '1', 9),
(3855, 356, 9, 6, '1', 9),
(3856, 356, 10, 5, '1', 9),
(3857, 356, 13, 6, '1', 9),
(3858, 356, 14, 5, '1', 9),
(3859, 356, 15, 6, '1', 9),
(3860, 356, 16, 5, '1', 9),
(3861, 356, 17, 6, '1', 9),
(3862, 357, 12, 6, '1', 9),
(3863, 357, 11, 6, '1', 9),
(3864, 357, 9, 6, '1', 9),
(3865, 357, 7, 6, '1', 9),
(3866, 357, 8, 6, '1', 9),
(3867, 357, 10, 6, '1', 9),
(3868, 357, 13, 6, '1', 9),
(3869, 357, 14, 6, '1', 9),
(3870, 357, 15, 6, '1', 9),
(3871, 357, 16, 6, '1', 9),
(3872, 357, 17, 6, '1', 9),
(3873, 358, 11, 5, '1', 9),
(3874, 358, 9, 5, '1', 9),
(3875, 358, 10, 5, '1', 9),
(3876, 358, 12, 5, '1', 9),
(3877, 358, 7, 5, '1', 9),
(3878, 358, 8, 5, '1', 9),
(3879, 358, 13, 5, '1', 9),
(3880, 358, 14, 5, '1', 9),
(3881, 358, 15, 5, '1', 9),
(3882, 358, 16, 5, '1', 9),
(3883, 358, 17, 5, '1', 9),
(3884, 359, 7, 5, '1', 9),
(3885, 359, 10, 5, '1', 9),
(3886, 359, 8, 5, '1', 9),
(3887, 359, 11, 5, '1', 9),
(3888, 359, 9, 5, '1', 9),
(3889, 359, 12, 5, '1', 9),
(3890, 359, 13, 5, '1', 9),
(3891, 359, 14, 5, '1', 9),
(3892, 359, 15, 5, '1', 9),
(3893, 359, 16, 5, '1', 9),
(3894, 359, 17, 5, '1', 9),
(3895, 360, 10, 5, '1', 9),
(3896, 360, 8, 5, '1', 9),
(3897, 360, 12, 5, '1', 9),
(3898, 360, 11, 5, '1', 9),
(3899, 360, 7, 5, '1', 9),
(3900, 360, 9, 5, '1', 9),
(3901, 360, 13, 5, '1', 9),
(3902, 360, 14, 5, '1', 9),
(3903, 360, 15, 5, '1', 9),
(3904, 360, 16, 5, '1', 9),
(3905, 360, 17, 5, '1', 9),
(3906, 361, 8, 6, '1', 9),
(3907, 361, 7, 6, '1', 9),
(3908, 361, 10, 6, '1', 9),
(3909, 361, 9, 6, '1', 9),
(3910, 361, 12, 6, '1', 9),
(3911, 361, 11, 6, '1', 9),
(3912, 361, 13, 6, '1', 9),
(3913, 361, 14, 6, '1', 9),
(3914, 361, 15, 6, '1', 9),
(3915, 361, 16, 6, '1', 9),
(3916, 361, 17, 6, '1', 9),
(3917, 362, 7, 5, '1', 9),
(3918, 362, 12, 5, '1', 9),
(3919, 362, 9, 5, '1', 9),
(3920, 362, 10, 5, '1', 9),
(3921, 362, 8, 5, '1', 9),
(3922, 362, 11, 5, '1', 9),
(3923, 362, 13, 5, '1', 9),
(3924, 362, 14, 5, '1', 9),
(3925, 362, 15, 5, '1', 9),
(3926, 362, 16, 5, '1', 9),
(3927, 362, 17, 5, '1', 9),
(3928, 363, 12, 6, '1', 9),
(3929, 363, 9, 6, '1', 9),
(3930, 363, 10, 6, '1', 9),
(3931, 363, 7, 6, '1', 9),
(3932, 363, 11, 6, '1', 9),
(3933, 363, 8, 6, '1', 9),
(3934, 363, 13, 6, '1', 9),
(3935, 363, 14, 6, '1', 9),
(3936, 363, 15, 6, '1', 9),
(3937, 363, 16, 6, '1', 9),
(3938, 363, 17, 6, '1', 9),
(3939, 364, 7, 5, '1', 9),
(3940, 364, 10, 5, '1', 9),
(3941, 364, 9, 5, '1', 9),
(3942, 364, 8, 5, '1', 9),
(3943, 364, 11, 5, '1', 9),
(3944, 364, 12, 5, '1', 9),
(3945, 364, 13, 5, '1', 9),
(3946, 364, 14, 5, '1', 9),
(3947, 364, 15, 5, '1', 9),
(3948, 364, 16, 5, '1', 9),
(3949, 364, 17, 5, '1', 9),
(3950, 365, 10, 5, '1', 9),
(3951, 365, 12, 5, '1', 9),
(3952, 365, 7, 5, '1', 9),
(3953, 365, 11, 5, '1', 9),
(3954, 365, 8, 5, '1', 9),
(3955, 365, 9, 5, '1', 9),
(3956, 365, 13, 5, '1', 9),
(3957, 365, 14, 5, '1', 9),
(3958, 365, 15, 5, '1', 9),
(3959, 365, 16, 5, '1', 9),
(3960, 365, 17, 5, '1', 9),
(3961, 366, 7, NULL, '3', 9),
(3962, 366, 9, 5, '1', 9),
(3963, 366, 8, 5, '1', 9),
(3964, 366, 10, NULL, '3', 9),
(3965, 366, 11, 6, '1', 9),
(3966, 366, 12, NULL, '2', 9),
(3967, 366, 13, 5, '1', 9),
(3968, 366, 14, 5, '1', 9),
(3969, 366, 15, NULL, '2', 9),
(3970, 366, 16, NULL, '2', 9),
(3971, 366, 17, 5, '1', 9),
(3972, 367, 9, 6, '1', 9),
(3973, 367, 8, 5, '1', 9),
(3974, 367, 7, 6, '1', 9),
(3975, 367, 10, 6, '1', 9),
(3976, 367, 11, NULL, '3', 9),
(3977, 367, 12, NULL, '2', 9),
(3978, 367, 13, NULL, '2', 9),
(3979, 367, 14, 6, '1', 9),
(3980, 367, 15, 6, '1', 9),
(3981, 367, 16, 5, '1', 9),
(3982, 367, 17, 5, '1', 9),
(3983, 368, 8, 5, '1', 9),
(3984, 368, 11, 5, '1', 9),
(3985, 368, 9, NULL, '3', 9),
(3986, 368, 10, 5, '1', 9),
(3987, 368, 7, 6, '1', 9),
(3988, 368, 12, NULL, '2', 9),
(3989, 368, 13, 5, '1', 9),
(3990, 368, 14, 5, '1', 9),
(3991, 368, 15, 5, '1', 9),
(3992, 368, 16, NULL, '3', 9),
(3993, 368, 17, 6, '1', 9),
(3994, 370, 7, 6, '1', 9),
(3995, 370, 9, NULL, '2', 9),
(3996, 370, 8, NULL, '3', 9),
(3997, 370, 11, 5, '1', 9),
(3998, 370, 12, 5, '1', 9),
(3999, 370, 10, 5, '1', 9),
(4000, 370, 13, 5, '1', 9),
(4001, 370, 14, 5, '1', 9),
(4002, 370, 15, NULL, '2', 9),
(4003, 370, 16, NULL, '3', 9),
(4004, 370, 17, 6, '1', 9),
(4005, 371, 9, NULL, '2', 9),
(4006, 371, 7, 5, '1', 9),
(4007, 371, 10, 6, '1', 9),
(4008, 371, 11, 6, '1', 9),
(4009, 371, 12, 6, '1', 9),
(4010, 371, 8, NULL, '3', 9),
(4011, 371, 13, 6, '1', 9),
(4012, 371, 14, 6, '1', 9),
(4013, 371, 15, NULL, '2', 9),
(4014, 371, 16, NULL, '3', 9),
(4015, 371, 17, 5, '1', 9),
(4016, 372, 7, 5, '1', 9),
(4017, 372, 9, 5, '1', 9),
(4018, 372, 8, 5, '1', 9),
(4019, 372, 11, 5, '1', 9),
(4020, 372, 10, 5, '1', 9),
(4021, 372, 12, 5, '1', 9),
(4022, 372, 13, 5, '1', 9),
(4023, 372, 14, 5, '1', 9),
(4024, 372, 15, 5, '1', 9),
(4025, 372, 16, 5, '1', 9),
(4026, 372, 17, 5, '1', 9),
(4027, 373, 7, 6, '1', 9),
(4028, 373, 12, NULL, '3', 9),
(4029, 373, 11, NULL, '3', 9),
(4030, 373, 9, 6, '1', 9),
(4031, 373, 10, NULL, '2', 9),
(4032, 373, 8, 5, '1', 9),
(4033, 373, 13, NULL, '2', 9),
(4034, 373, 14, 6, '1', 9),
(4035, 373, 15, 6, '1', 9),
(4036, 373, 16, 5, '1', 9),
(4037, 373, 17, 6, '1', 9),
(4038, 374, 8, 5, '1', 9),
(4039, 374, 10, 5, '1', 9),
(4040, 374, 11, NULL, '3', 9),
(4041, 374, 9, 6, '1', 9),
(4042, 374, 7, NULL, '2', 9),
(4043, 374, 12, NULL, '3', 9),
(4044, 374, 13, 6, '1', 9),
(4045, 374, 14, 5, '1', 9),
(4046, 374, 15, 5, '1', 9),
(4047, 374, 16, 5, '1', 9),
(4048, 374, 17, NULL, '2', 9),
(4049, 375, 11, 5, '1', 9),
(4050, 375, 7, 5, '1', 9),
(4051, 375, 9, 6, '1', 9),
(4052, 375, 12, 6, '1', 9),
(4053, 375, 10, 5, '1', 9),
(4054, 375, 8, 6, '1', 9),
(4055, 375, 13, 6, '1', 9),
(4056, 375, 14, 6, '1', 9),
(4057, 375, 15, 6, '1', 9),
(4058, 375, 16, 6, '1', 9),
(4059, 375, 17, 5, '1', 9),
(4060, 376, 10, 5, '1', 9),
(4061, 376, 8, 5, '1', 9),
(4062, 376, 9, 5, '1', 9),
(4063, 376, 7, 5, '1', 9),
(4064, 376, 11, 5, '1', 9),
(4065, 376, 12, 5, '1', 9),
(4066, 376, 13, 5, '1', 9),
(4067, 376, 14, 5, '1', 9),
(4068, 376, 15, 5, '1', 9),
(4069, 376, 16, 5, '1', 9),
(4070, 376, 17, 5, '1', 9),
(4071, 377, 12, 6, '1', 9),
(4072, 377, 7, 6, '1', 9),
(4073, 377, 10, 6, '1', 9),
(4074, 377, 9, 6, '1', 9),
(4075, 377, 8, 6, '1', 9),
(4076, 377, 11, 6, '1', 9),
(4077, 377, 13, 6, '1', 9),
(4078, 377, 14, 6, '1', 9),
(4079, 377, 15, 6, '1', 9),
(4080, 377, 16, 6, '1', 9),
(4081, 377, 17, 6, '1', 9),
(4082, 379, 7, 5, '1', 9),
(4083, 379, 9, 5, '1', 9),
(4084, 379, 11, 5, '1', 9),
(4085, 379, 12, 5, '1', 9),
(4086, 379, 8, 5, '1', 9),
(4087, 379, 10, 5, '1', 9),
(4088, 379, 13, 5, '1', 9),
(4089, 379, 14, 5, '1', 9),
(4090, 379, 15, 5, '1', 9),
(4091, 379, 16, 5, '1', 9),
(4092, 379, 17, 5, '1', 9),
(4093, 381, 7, 5, '1', 9),
(4094, 381, 9, 5, '1', 9),
(4095, 381, 8, 5, '1', 9),
(4096, 381, 12, 5, '1', 9),
(4097, 381, 11, 5, '1', 9),
(4098, 381, 10, 5, '1', 9),
(4099, 381, 13, 5, '1', 9),
(4100, 381, 14, 5, '1', 9),
(4101, 381, 15, 5, '1', 9),
(4102, 381, 16, 5, '1', 9),
(4103, 381, 17, 5, '1', 9),
(4104, 382, 7, NULL, '3', 9),
(4105, 382, 8, 5, '1', 9),
(4106, 382, 9, 6, '1', 9),
(4107, 382, 10, NULL, '3', 9),
(4108, 382, 12, 6, '1', 9),
(4109, 382, 11, 6, '1', 9),
(4110, 382, 13, 5, '1', 9),
(4111, 382, 14, NULL, '2', 9),
(4112, 382, 15, NULL, '2', 9),
(4113, 382, 16, 5, '1', 9),
(4114, 382, 17, 6, '1', 9),
(4115, 383, 7, 6, '1', 9),
(4116, 383, 9, 6, '1', 9),
(4117, 383, 8, 6, '1', 9),
(4118, 383, 11, 6, '1', 9),
(4119, 383, 10, 6, '1', 9),
(4120, 383, 12, 6, '1', 9),
(4121, 383, 13, 6, '1', 9),
(4122, 383, 14, 6, '1', 9),
(4123, 383, 15, 6, '1', 9),
(4124, 383, 16, 6, '1', 9),
(4125, 383, 17, 6, '1', 9);

-- --------------------------------------------------------

--
-- Estructura de tabla para la tabla `opcion_menu`
--

CREATE TABLE `opcion_menu` (
  `idopm` int(10) UNSIGNED NOT NULL COMMENT 'ID',
  `etiqueta` varchar(50) NOT NULL COMMENT 'Nombre de la opcion de menu',
  `orden` tinyint(3) UNSIGNED NOT NULL COMMENT 'Orden para imprimir las opciones',
  `url` varchar(100) DEFAULT NULL COMMENT 'URL de la opcion de menu',
  `opcion_padre` int(10) UNSIGNED DEFAULT NULL COMMENT 'Si es una sub opcion, aqui sale su papa'
) ENGINE=InnoDB DEFAULT CHARSET=latin1 COMMENT='Catalogo de las opciones de menu del sistema';

--
-- Volcado de datos para la tabla `opcion_menu`
--

INSERT INTO `opcion_menu` (`idopm`, `etiqueta`, `orden`, `url`, `opcion_padre`) VALUES
(1, 'Seguridad', 1, '', NULL),
(3, 'Usuarios', 10, '/usuario/lstUsuarios', 1),
(4, 'Roles', 20, '/rol/lstRoles', 1),
(5, 'Opciones de menu', 30, '/opcionmenu/lstOpcionesMenu', 1),
(17, 'Cambio de clave', 19, '/usuario/loadCambioClave', 1),
(111, 'Catalogos', 4, '', NULL),
(112, 'Planillas', 20, '/planilla/lstPlanillas', 111),
(113, 'Apertura de votaciones', 10, '/votacion/lstVotaciones', 129),
(114, 'Centros de Votacion', 10, '/centrovotacion/lstCentroVotaciones', 111),
(115, 'Cargos Postulados', 30, '/cargopostulado/lstCargosPostulados', 111),
(116, 'Candidatos', 40, '/candidato/lstCandidatos', 111),
(117, 'Registrar voto', 40, '/votacionsocio/loadvotacionsocio', 129),
(118, 'Informes', 40, '', NULL),
(119, 'Rep. Padrón Electoral', 7, '/reporte/repVotnsSocios/', 118),
(120, 'Votos por planilla', 7, '/reporte/repvotPlanll/', 118),
(121, 'Conteo por Cargo', 7, '/reporte/repContPorCargo', 118),
(122, 'Conteo por Cargo Detallado', 7, '/reporte/repContPorCargoDet', 118),
(123, 'Resultados de la votación', 50, '/escrutinio/loadEscrutinio', 129),
(124, 'Votos por Centro de Votacion', 7, '/reporte/repVotsPorCntVtcn/', 118),
(125, 'Lista de votos', 20, '/votacionsocio/lstvotacionessocio', 129),
(126, 'Socios registrados', 50, '/socio/lstsocios', 111),
(127, 'Padron electoral', 30, '/padronelectoral/lstpadroneselectorales', 129),
(128, 'Votos por centro de votacionx', 7, '/reporte/repvotsporcntvtcn1/', 118),
(129, 'Votaciones', 30, '', NULL),
(130, 'Reporte de planillas', 199, '/reporte/repContPorCargoPorPnll', 118),
(131, 'Limpieza de datos', 60, '/limpdato/loadLimp', 1);

-- --------------------------------------------------------

--
-- Estructura de tabla para la tabla `padron_electoral`
--

CREATE TABLE `padron_electoral` (
  `pdrele_id` int(10) UNSIGNED NOT NULL COMMENT 'ID',
  `socio_id` int(10) UNSIGNED NOT NULL COMMENT 'ID del socio',
  `centrovot_id` int(10) UNSIGNED NOT NULL COMMENT 'ID del Centro de Votacion',
  `votacion_id` int(10) UNSIGNED DEFAULT NULL COMMENT 'Votacion Activa',
  `fecha_hora` datetime DEFAULT NULL COMMENT 'Fecha y hora de registro de la votación del socio'
) ENGINE=InnoDB DEFAULT CHARSET=latin1 COMMENT='Catalogo del padron electoral';

--
-- Volcado de datos para la tabla `padron_electoral`
--

INSERT INTO `padron_electoral` (`pdrele_id`, `socio_id`, `centrovot_id`, `votacion_id`, `fecha_hora`) VALUES
(1, 1867, 24, 8, '2014-01-09 19:10:31'),
(2, 1870, 24, 8, '2014-01-09 19:10:46'),
(3, 1901, 24, 8, '2014-01-09 19:11:01'),
(4, 1928, 24, 8, '2014-01-09 19:11:15'),
(5, 1977, 24, 8, '2014-01-09 19:11:27'),
(6, 1987, 24, 8, '2014-01-09 19:11:35'),
(7, 2006, 24, 8, '2014-01-09 19:11:43'),
(8, 2039, 24, 8, '2014-01-09 19:11:54'),
(9, 2051, 24, 8, '2014-01-09 19:12:03'),
(10, 2073, 24, 8, '2014-01-09 19:12:11'),
(11, 2097, 24, 8, '2014-01-09 19:12:22'),
(12, 2117, 24, 8, '2014-01-09 19:12:31'),
(13, 2121, 24, 8, '2014-01-09 19:12:40'),
(14, 2129, 24, 8, '2014-01-09 19:12:49'),
(15, 2137, 24, 8, '2014-01-09 19:13:02'),
(16, 2142, 24, 8, '2014-01-09 19:13:11'),
(17, 2146, 24, 8, '2014-01-09 19:13:23'),
(18, 2151, 24, 8, '2014-01-09 19:13:44'),
(19, 2164, 24, 8, '2014-01-09 19:13:56'),
(20, 2278, 24, 8, '2014-01-09 19:14:09'),
(21, 2307, 24, 8, '2014-01-09 19:14:16'),
(22, 2381, 24, 8, '2014-01-09 19:14:29'),
(23, 2386, 24, 8, '2014-01-09 19:14:36'),
(24, 2388, 24, 8, '2014-01-09 19:14:45'),
(25, 2452, 24, 8, '2014-01-09 19:14:53'),
(26, 2478, 24, 8, '2014-01-09 19:15:03'),
(27, 2501, 24, 8, '2014-01-09 19:15:14'),
(28, 2503, 24, 8, '2014-01-09 19:15:40'),
(29, 2504, 24, 8, '2014-01-09 19:15:48'),
(30, 2521, 24, 8, '2014-01-09 19:15:57'),
(31, 2542, 24, 8, '2014-01-09 19:16:09'),
(32, 2613, 24, 8, '2014-01-09 19:16:21'),
(33, 2657, 24, 8, '2014-01-09 19:16:32'),
(34, 2813, 24, 8, '2014-01-09 19:17:03'),
(35, 2830, 24, 8, '2014-01-09 19:17:14'),
(36, 2886, 24, 8, '2014-01-09 19:17:27'),
(37, 2900, 24, 8, '2014-01-09 19:17:36'),
(38, 2950, 24, 8, '2014-01-09 19:17:45'),
(39, 2957, 24, 8, '2014-01-09 19:17:53'),
(40, 2963, 24, 8, '2014-01-09 19:18:01'),
(41, 2976, 24, 8, '2014-01-09 19:18:09'),
(42, 2994, 24, 8, '2014-01-09 19:18:17'),
(43, 3007, 24, 8, '2014-01-09 19:18:27'),
(44, 3010, 24, 8, '2014-01-09 19:18:33'),
(45, 3053, 24, 8, '2014-01-09 19:18:44'),
(46, 3093, 24, 8, '2014-01-09 19:18:50'),
(47, 3155, 24, 8, '2014-01-09 19:18:59'),
(48, 3189, 24, 8, '2014-01-09 19:19:08'),
(49, 3296, 24, 8, '2014-01-09 19:19:21'),
(50, 3331, 24, 8, '2014-01-09 19:19:30'),
(51, 3362, 24, 8, '2014-01-09 19:19:38'),
(52, 3401, 24, 8, '2014-01-09 19:19:51'),
(53, 3454, 24, 8, '2014-01-09 19:19:57'),
(54, 3533, 24, 8, '2014-01-09 19:20:07'),
(55, 3537, 24, 8, '2014-01-09 19:20:14'),
(56, 3551, 24, 8, '2014-01-09 19:20:20'),
(57, 3591, 24, 8, '2014-01-09 19:20:28'),
(58, 3650, 24, 8, '2014-01-09 19:20:37'),
(59, 3666, 24, 8, '2014-01-09 19:20:44'),
(60, 3690, 24, 8, '2014-01-09 19:20:53'),
(61, 3779, 24, 8, '2014-01-09 19:21:05'),
(62, 3806, 24, 8, '2014-01-09 19:21:14'),
(63, 3820, 24, 8, '2014-01-09 19:21:39'),
(64, 3871, 24, 8, '2014-01-09 19:21:54'),
(65, 3872, 24, 8, '2014-01-09 19:22:00'),
(66, 3913, 24, 8, '2014-01-09 19:22:12'),
(67, 3930, 24, 8, '2014-01-09 19:22:18'),
(68, 3941, 24, 8, '2014-01-09 19:22:24'),
(69, 3962, 24, 8, '2014-01-09 19:22:37'),
(70, 3995, 24, 8, '2014-01-09 19:22:46'),
(71, 2523, 27, 8, '2014-01-09 19:32:56'),
(72, 3231, 27, 8, '2014-01-09 19:33:19'),
(73, 3547, 27, 8, '2014-01-09 19:33:31'),
(74, 3847, 27, 8, '2014-01-09 19:33:41'),
(75, 1978, 28, 8, '2014-01-09 19:38:21'),
(76, 2267, 28, 8, '2014-01-09 19:38:35'),
(77, 2407, 28, 8, '2014-01-09 19:38:44'),
(78, 2412, 28, 8, '2014-01-09 19:38:52'),
(79, 2454, 28, 8, '2014-01-09 19:39:00'),
(80, 2459, 28, 8, '2014-01-09 19:39:11'),
(81, 2746, 28, 8, '2014-01-09 19:39:27'),
(82, 3061, 28, 8, '2014-01-09 19:39:49'),
(83, 3224, 28, 8, '2014-01-09 19:40:00'),
(84, 3343, 28, 8, '2014-01-09 19:40:11'),
(85, 3659, 28, 8, '2014-01-09 19:40:26'),
(86, 3839, 28, 8, '2014-01-09 19:40:35'),
(87, 3914, 28, 8, '2014-01-09 19:40:47'),
(88, 1913, 36, 8, '2014-01-09 19:42:06'),
(89, 1991, 36, 8, '2014-01-09 19:42:20'),
(90, 2211, 36, 8, '2014-01-09 19:42:34'),
(91, 2550, 36, 8, '2014-01-09 19:42:45'),
(92, 2674, 36, 8, '2014-01-09 19:42:54'),
(93, 2908, 36, 8, '2014-01-09 19:43:05'),
(94, 2936, 36, 8, '2014-01-09 19:43:16'),
(95, 2999, 36, 8, '2014-01-09 19:43:27'),
(96, 3009, 36, 8, '2014-01-09 19:43:34'),
(97, 3047, 36, 8, '2014-01-09 19:43:44'),
(98, 3131, 36, 8, '2014-01-09 19:43:53'),
(99, 3225, 36, 8, '2014-01-09 19:44:04'),
(100, 3305, 36, 8, '2014-01-09 19:44:12'),
(101, 3435, 36, 8, '2014-01-09 19:44:24'),
(102, 3455, 36, 8, '2014-01-09 19:44:32'),
(103, 3498, 36, 8, '2014-01-09 19:44:41'),
(104, 3584, 36, 8, '2014-01-09 19:44:52'),
(105, 3660, 36, 8, '2014-01-09 19:45:01'),
(106, 3692, 36, 8, '2014-01-09 19:45:12'),
(107, 3788, 36, 8, '2014-01-09 19:45:31'),
(108, 3842, 36, 8, '2014-01-09 19:45:41'),
(109, 3967, 36, 8, '2014-01-09 19:46:06'),
(110, 4022, 36, 8, '2014-01-09 19:46:40'),
(111, 4025, 36, 8, '2014-01-09 19:46:51'),
(112, 4038, 36, 8, '2014-01-09 19:46:59'),
(113, 2012, 34, 8, '2014-01-09 20:14:12'),
(114, 2382, 34, 8, '2014-01-09 20:14:27'),
(115, 2516, 34, 8, '2014-01-09 20:14:35'),
(116, 2804, 34, 8, '2014-01-09 20:14:48'),
(117, 2929, 34, 8, '2014-01-09 20:14:57'),
(118, 3190, 34, 8, '2014-01-09 20:15:08'),
(119, 3308, 34, 8, '2014-01-09 20:15:17'),
(120, 3389, 34, 8, '2014-01-09 20:15:27'),
(121, 3552, 34, 8, '2014-01-09 20:15:36'),
(122, 3592, 34, 8, '2014-01-09 20:15:44'),
(123, 3747, 34, 8, '2014-01-09 20:15:53'),
(124, 3802, 34, 8, '2014-01-09 20:16:07'),
(125, 3862, 34, 8, '2014-01-09 20:16:15'),
(126, 3966, 34, 8, '2014-01-09 20:16:24'),
(128, 1869, 37, 8, '2014-01-09 20:22:36'),
(129, 1984, 37, 8, '2014-01-09 20:23:12'),
(130, 2106, 37, 8, '2014-01-09 20:23:23'),
(131, 2133, 37, 8, '2014-01-09 20:23:39'),
(132, 2136, 37, 8, '2014-01-09 20:24:00'),
(133, 2165, 37, 8, '2014-01-09 20:24:14'),
(134, 2192, 37, 8, '2014-01-09 20:24:28'),
(135, 2339, 37, 8, '2014-01-09 20:24:41'),
(136, 2455, 37, 8, '2014-01-09 20:25:00'),
(137, 2493, 37, 8, '2014-01-09 20:25:13'),
(138, 2515, 37, 8, '2014-01-09 20:25:24'),
(139, 2520, 37, 8, '2014-01-09 20:25:39'),
(140, 2541, 37, 8, '2014-01-09 20:25:53'),
(141, 2602, 37, 8, '2014-01-09 20:26:09'),
(142, 2822, 37, 8, '2014-01-09 20:26:25'),
(143, 2853, 37, 8, '2014-01-09 20:26:44'),
(144, 2932, 37, 8, '2014-01-09 20:26:52'),
(145, 2955, 37, 8, '2014-01-09 20:27:07'),
(146, 3084, 37, 8, '2014-01-09 20:27:21'),
(147, 3174, 37, 8, '2014-01-09 20:27:35'),
(148, 3453, 37, 8, '2014-01-09 20:27:48'),
(149, 3542, 37, 8, '2014-01-09 20:28:05'),
(150, 3580, 37, 8, '2014-01-09 20:28:15'),
(151, 3594, 37, 8, '2014-01-09 20:28:22'),
(152, 3602, 37, 8, '2014-01-09 20:28:31'),
(153, 3634, 37, 8, '2014-01-09 20:28:44'),
(154, 3673, 37, 8, '2014-01-09 20:28:52'),
(155, 3674, 37, 8, '2014-01-09 20:29:05'),
(156, 3702, 37, 8, '2014-01-09 20:29:15'),
(157, 3756, 37, 8, '2014-01-09 20:29:26'),
(158, 3844, 37, 8, '2014-01-09 20:29:34'),
(159, 3875, 37, 8, '2014-01-09 20:29:46'),
(160, 3970, 37, 8, '2014-01-09 20:29:56'),
(161, 1883, 35, 8, '2014-01-09 20:30:26'),
(162, 1908, 35, 8, '2014-01-09 20:30:43'),
(163, 1933, 35, 8, '2014-01-09 20:30:52'),
(164, 2017, 35, 8, '2014-01-09 20:31:11'),
(165, 2034, 35, 8, '2014-01-09 20:31:19'),
(166, 2072, 35, 8, '2014-01-09 20:31:31'),
(167, 2087, 35, 8, '2014-01-09 20:31:41'),
(168, 2116, 35, 8, '2014-01-09 20:31:56'),
(169, 2203, 35, 8, '2014-01-09 20:32:05'),
(170, 2204, 35, 8, '2014-01-09 20:32:13'),
(171, 2242, 35, 8, '2014-01-09 20:32:23'),
(172, 2265, 35, 8, '2014-01-09 20:32:31'),
(173, 2274, 35, 8, '2014-01-09 20:32:48'),
(174, 2392, 35, 8, '2014-01-09 20:32:58'),
(175, 2441, 35, 8, '2014-01-09 20:33:05'),
(176, 2545, 35, 8, '2014-01-09 20:33:16'),
(177, 2568, 35, 8, '2014-01-09 20:33:24'),
(178, 2628, 35, 8, '2014-01-09 20:33:36'),
(179, 2631, 35, 8, '2014-01-09 20:33:50'),
(180, 2643, 35, 8, '2014-01-09 20:33:59'),
(181, 2678, 35, 8, '2014-01-09 20:34:12'),
(182, 2707, 35, 8, '2014-01-09 20:34:23'),
(183, 2774, 35, 8, '2014-01-09 20:34:32'),
(184, 3008, 35, 8, '2014-01-09 20:34:43'),
(185, 3078, 35, 8, '2014-01-09 20:34:53'),
(186, 3100, 35, 8, '2014-01-09 20:35:01'),
(187, 3153, 35, 8, '2014-01-09 20:35:09'),
(188, 3182, 35, 8, '2014-01-09 20:35:20'),
(189, 3187, 35, 8, '2014-01-09 20:35:27'),
(190, 3192, 35, 8, '2014-01-09 20:35:38'),
(191, 3311, 35, 8, '2014-01-09 20:35:57'),
(192, 3321, 35, 8, '2014-01-09 20:36:05'),
(193, 3433, 35, 8, '2014-01-09 20:36:16'),
(194, 3555, 35, 8, '2014-01-09 20:36:30'),
(195, 3561, 35, 8, '2014-01-09 20:36:39'),
(196, 3615, 35, 8, '2014-01-09 20:36:48'),
(197, 3645, 35, 8, '2014-01-09 20:36:56'),
(198, 3656, 35, 8, '2014-01-09 20:37:16'),
(199, 3675, 35, 8, '2014-01-09 20:37:22'),
(200, 3765, 35, 8, '2014-01-09 20:37:37'),
(201, 3823, 35, 8, '2014-01-09 20:37:45'),
(202, 3833, 35, 8, '2014-01-09 20:37:50'),
(203, 3856, 35, 8, '2014-01-09 20:38:02'),
(204, 3880, 35, 8, '2014-01-09 20:38:11'),
(205, 1860, 38, 8, '2014-01-09 20:38:33'),
(206, 1897, 38, 8, '2014-01-09 20:38:41'),
(207, 1935, 38, 8, '2014-01-09 20:38:53'),
(208, 1951, 38, 8, '2014-01-09 20:39:01'),
(209, 2103, 38, 8, '2014-01-09 20:40:12'),
(210, 2105, 38, 8, '2014-01-09 20:40:19'),
(211, 2167, 38, 8, '2014-01-09 20:40:29'),
(212, 2199, 38, 8, '2014-01-09 20:40:36'),
(213, 2227, 38, 8, '2014-01-09 20:40:44'),
(214, 2240, 38, 8, '2014-01-09 20:40:52'),
(215, 2249, 38, 8, '2014-01-09 20:41:03'),
(216, 2269, 38, 8, '2014-01-09 20:41:11'),
(217, 2310, 38, 8, '2014-01-09 20:41:24'),
(218, 2432, 38, 8, '2014-01-09 20:41:33'),
(219, 2442, 38, 8, '2014-01-09 20:41:38'),
(220, 2482, 38, 8, '2014-01-09 20:42:03'),
(221, 2489, 38, 8, '2014-01-09 20:42:12'),
(222, 2492, 38, 8, '2014-01-09 20:42:20'),
(223, 2564, 38, 8, '2014-01-09 20:42:29'),
(224, 2584, 38, 8, '2014-01-09 20:42:36'),
(225, 2683, 38, 8, '2014-01-09 20:42:47'),
(226, 2684, 38, 8, '2014-01-09 20:43:00'),
(227, 2723, 38, 8, '2014-01-09 20:43:16'),
(228, 2740, 38, 8, '2014-01-09 20:43:27'),
(229, 2748, 38, 8, '2014-01-09 20:43:35'),
(230, 2767, 38, 8, '2014-01-09 20:43:45'),
(231, 2829, 38, 8, '2014-01-09 20:43:56'),
(232, 2852, 38, 8, '2014-01-09 20:44:04'),
(233, 2876, 38, 8, '2014-01-09 20:44:21'),
(234, 2892, 38, 8, '2014-01-09 20:44:51'),
(235, 3024, 38, 8, '2014-01-09 20:45:00'),
(236, 3045, 38, 8, '2014-01-09 20:45:16'),
(237, 3082, 38, 8, '2014-01-09 20:45:28'),
(238, 3103, 38, 8, '2014-01-09 20:45:33'),
(239, 3121, 38, 8, '2014-01-09 20:45:40'),
(240, 3124, 38, 8, '2014-01-09 20:45:47'),
(241, 3256, 38, 8, '2014-01-09 20:45:58'),
(242, 3264, 38, 8, '2014-01-09 20:46:06'),
(243, 3382, 38, 8, '2014-01-09 20:46:17'),
(244, 3440, 38, 8, '2014-01-09 20:46:27'),
(245, 3466, 38, 8, '2014-01-09 20:46:37'),
(246, 3467, 38, 8, '2014-01-09 20:46:46'),
(247, 3524, 38, 8, '2014-01-09 20:47:06'),
(248, 3560, 38, 8, '2014-01-09 20:47:24'),
(249, 3636, 38, 8, '2014-01-09 20:47:33'),
(250, 3657, 38, 8, '2014-01-09 20:47:40'),
(251, 3663, 38, 8, '2014-01-09 20:47:59'),
(252, 3755, 38, 8, '2014-01-09 20:48:09'),
(253, 3828, 38, 8, '2014-01-09 20:48:19'),
(254, 3861, 38, 8, '2014-01-09 20:49:12'),
(255, 3897, 38, 8, '2014-01-09 20:49:26'),
(256, 3918, 38, 8, '2014-01-09 20:49:41'),
(257, 3945, 38, 8, '2014-01-09 20:49:47'),
(258, 4009, 38, 8, '2014-01-09 20:49:54'),
(259, 1949, 33, 8, '2014-01-09 20:52:24'),
(260, 2053, 33, 8, '2014-01-09 20:52:45'),
(261, 2397, 33, 8, '2014-01-09 20:52:56'),
(262, 2567, 33, 8, '2014-01-09 20:53:05'),
(263, 2659, 33, 8, '2014-01-09 20:53:29'),
(264, 3198, 33, 8, '2014-01-09 20:53:43'),
(265, 3205, 33, 8, '2014-01-09 20:53:52'),
(266, 3262, 33, 8, '2014-01-09 20:53:57'),
(267, 3294, 33, 8, '2014-01-09 20:54:08'),
(268, 3472, 33, 8, '2014-01-09 20:54:16'),
(269, 3565, 33, 8, '2014-01-09 20:54:24'),
(270, 3599, 33, 8, '2014-01-09 20:54:30'),
(271, 3621, 33, 8, '2014-01-09 20:54:39'),
(272, 3684, 33, 8, '2014-01-09 20:54:55'),
(273, 3695, 33, 8, '2014-01-09 20:55:02'),
(274, 3769, 33, 8, '2014-01-09 20:55:11'),
(275, 3911, 33, 8, '2014-01-09 20:55:23'),
(276, 1858, 26, 8, '2014-01-09 20:55:43'),
(277, 2027, 26, 8, '2014-01-09 20:55:57'),
(278, 2031, 26, 8, '2014-01-09 20:56:09'),
(279, 2500, 26, 8, '2014-01-09 20:56:22'),
(280, 2581, 26, 8, '2014-01-09 20:56:29'),
(281, 2713, 26, 8, '2014-01-09 20:56:45'),
(282, 2715, 26, 8, '2014-01-09 20:56:54'),
(283, 2851, 26, 8, '2014-01-09 20:57:09'),
(284, 2964, 26, 8, '2014-01-09 20:57:23'),
(285, 2981, 26, 8, '2014-01-09 20:57:30'),
(286, 3248, 26, 8, '2014-01-09 20:57:40'),
(287, 3515, 26, 8, '2014-01-09 20:57:53'),
(288, 4029, 26, 8, '2014-01-09 20:58:12'),
(289, 2293, 30, 8, '2014-01-09 20:58:36'),
(290, 3940, 30, 8, '2014-01-09 20:58:56'),
(291, 1893, 29, 8, '2014-01-09 20:59:20'),
(292, 1894, 29, 8, '2014-01-09 20:59:27'),
(293, 2524, 29, 8, '2014-01-09 20:59:43'),
(294, 3516, 29, 8, '2014-01-09 21:00:02'),
(295, 3681, 29, 8, '2014-01-09 21:00:11'),
(296, 3724, 29, 8, '2014-01-09 21:00:19'),
(297, 2243, 32, 8, '2014-01-09 21:00:40'),
(298, 2302, 32, 8, '2014-01-09 21:00:48'),
(299, 2426, 32, 8, '2014-01-09 21:00:58'),
(300, 2571, 32, 8, '2014-01-09 21:01:04'),
(301, 2606, 32, 8, '2014-01-09 21:01:11'),
(302, 2658, 32, 8, '2014-01-09 21:01:20'),
(303, 3479, 32, 8, '2014-01-09 21:01:36'),
(304, 3691, 32, 8, '2014-01-09 21:01:47'),
(305, 1900, 25, 8, '2014-01-09 21:02:21'),
(306, 2183, 25, 8, '2014-01-09 21:02:35'),
(307, 2273, 25, 8, '2014-01-09 21:02:44'),
(308, 2514, 25, 8, '2014-01-09 21:02:59'),
(309, 2632, 25, 8, '2014-01-09 21:03:10'),
(310, 2703, 25, 8, '2014-01-09 21:03:17'),
(311, 2842, 25, 8, '2014-01-09 21:03:24'),
(312, 2901, 25, 8, '2014-01-09 21:03:31'),
(313, 2949, 25, 8, '2014-01-09 21:03:38'),
(314, 3037, 25, 8, '2014-01-09 21:03:45'),
(315, 3265, 25, 8, '2014-01-09 21:03:54'),
(316, 3272, 25, 8, '2014-01-09 21:04:02'),
(317, 3328, 25, 8, '2014-01-09 21:04:13'),
(318, 3685, 25, 8, '2014-01-09 21:04:24'),
(319, 3748, 25, 8, '2014-01-09 21:04:32'),
(320, 4039, 38, 8, '2014-01-09 21:18:31');

-- --------------------------------------------------------

--
-- Estructura de tabla para la tabla `planilla`
--

CREATE TABLE `planilla` (
  `planilla_id` int(10) UNSIGNED NOT NULL COMMENT 'ID',
  `codigo` varchar(5) NOT NULL COMMENT 'Código de la planilla',
  `nombre` varchar(40) NOT NULL COMMENT 'Nombre de la planilla',
  `estado` varchar(3) NOT NULL COMMENT 'Estado de la planilla, ACTIVO e INACTIVO, por default ACT',
  `votacion_id` int(10) UNSIGNED DEFAULT NULL COMMENT 'Votacion Activa'
) ENGINE=InnoDB DEFAULT CHARSET=latin1 COMMENT='Catalogos de Palnillas de Votacion';

--
-- Volcado de datos para la tabla `planilla`
--

INSERT INTO `planilla` (`planilla_id`, `codigo`, `nombre`, `estado`, `votacion_id`) VALUES
(4, 'PL1', 'Planilla 1 - Uniendo al Gremio Médico', 'INA', 7),
(5, 'P-01', 'Planilla 1', 'ACT', 9),
(6, 'P-02', 'Planilla 2', 'ACT', 9);

-- --------------------------------------------------------

--
-- Estructura de tabla para la tabla `rol`
--

CREATE TABLE `rol` (
  `idrol` int(10) UNSIGNED NOT NULL COMMENT 'ID',
  `nombre` varchar(30) NOT NULL COMMENT 'Nombre del rol',
  `estado` varchar(3) NOT NULL DEFAULT 'INA' COMMENT 'Estado del rol, (INA = Inactivo, ACT = Activo)',
  `edit_emb` tinyint(1) DEFAULT '0' COMMENT 'Define si se puede modificar la informacion de la embarcacion',
  `edit_doc` tinyint(1) DEFAULT '0' COMMENT 'Define si se puede editar la informacion de los documentos FAL',
  `edit_arr` tinyint(1) DEFAULT '0' COMMENT 'Define si se puede modificar la informacion del arribo'
) ENGINE=InnoDB DEFAULT CHARSET=latin1 COMMENT='Catalogo de roles de usuario';

--
-- Volcado de datos para la tabla `rol`
--

INSERT INTO `rol` (`idrol`, `nombre`, `estado`, `edit_emb`, `edit_doc`, `edit_arr`) VALUES
(1, 'Administrador', 'ACT', 1, 1, 1),
(5, 'Ingreso de votos', 'ACT', NULL, NULL, NULL),
(6, 'Registro de padron', 'ACT', NULL, NULL, NULL),
(7, 'Administrador negocio', 'ACT', NULL, NULL, NULL);

-- --------------------------------------------------------

--
-- Estructura de tabla para la tabla `rol_opm`
--

CREATE TABLE `rol_opm` (
  `idrolopm` int(10) UNSIGNED NOT NULL COMMENT 'ID',
  `idrol` int(10) UNSIGNED NOT NULL COMMENT 'ID del rol asociado',
  `idopm` int(10) UNSIGNED NOT NULL COMMENT 'ID de la opcion de menu del rol'
) ENGINE=InnoDB DEFAULT CHARSET=latin1 COMMENT='Registro de las opciones de menu asociadas a un rol';

--
-- Volcado de datos para la tabla `rol_opm`
--

INSERT INTO `rol_opm` (`idrolopm`, `idrol`, `idopm`) VALUES
(1, 1, 1),
(3420, 1, 120),
(3421, 1, 124),
(3422, 1, 122),
(3423, 1, 121),
(3424, 1, 119),
(3425, 1, 3),
(3426, 1, 114),
(3427, 1, 113),
(3428, 1, 17),
(3429, 1, 112),
(3430, 1, 125),
(3431, 1, 4),
(3432, 1, 5),
(3433, 1, 115),
(3434, 1, 127),
(3435, 1, 117),
(3436, 1, 116),
(3437, 1, 126),
(3438, 1, 123),
(3439, 1, 131),
(3440, 1, 130),
(3441, 7, 120),
(3442, 7, 124),
(3443, 7, 122),
(3444, 7, 121),
(3445, 7, 119),
(3446, 7, 3),
(3447, 7, 114),
(3448, 7, 113),
(3449, 7, 17),
(3450, 7, 112),
(3451, 7, 125),
(3452, 7, 4),
(3453, 7, 5),
(3454, 7, 115),
(3455, 7, 127),
(3456, 7, 117),
(3457, 7, 116),
(3458, 7, 126),
(3459, 7, 123),
(3460, 7, 131),
(3461, 7, 130),
(3466, 5, 120),
(3467, 5, 117),
(3468, 6, 120),
(3469, 6, 127);

-- --------------------------------------------------------

--
-- Estructura de tabla para la tabla `socio`
--

CREATE TABLE `socio` (
  `socio_id` int(10) UNSIGNED NOT NULL COMMENT 'ID',
  `nombres` varchar(40) NOT NULL COMMENT 'Nombre del socio',
  `apellidos` varchar(40) NOT NULL COMMENT 'Apellidos del socio',
  `codigo` varchar(15) DEFAULT NULL COMMENT 'Codigo',
  `jvpm` varchar(10) DEFAULT NULL COMMENT 'JVPM',
  `dui` varchar(10) DEFAULT NULL COMMENT 'DUI',
  `estado` varchar(6) DEFAULT NULL
) ENGINE=InnoDB DEFAULT CHARSET=latin1 COMMENT='Catalogos de Socios';

--
-- Volcado de datos para la tabla `socio`
--

INSERT INTO `socio` (`socio_id`, `nombres`, `apellidos`, `codigo`, `jvpm`, `dui`, `estado`) VALUES
(1854, 'CELINA ESPERANZA', 'DE PLEITEZ', '2101', '3329', '6-2-012842', 'AC'),
(1855, 'MARTHA DINORA', 'DE AVENDAÑO', '9003', '0', '', 'AC'),
(1856, 'MARTA NELLY DEL SOCORR', 'ABARCA SANCHEZ ', '2447', '4306', '2-1-151785', 'AC'),
(1857, 'JOSE ORLANDO', 'ABDALAH CASTELLON ', '4320', '7315', '02377844-4', 'AC'),
(1858, 'MARIA ', 'ABREGO  DE IRAHETA', '4062', '1606', '1-1-000013', 'AC'),
(1859, 'RAMON ANTONIO', 'ABREGO GONZALEZ ', '4403', '3065', '4-2-005454', 'AC'),
(1860, 'SUSANA DEL CARMEN', 'ABREGO TOBAR ', '4706', '4892', '01838123-2', 'AC'),
(1861, 'EVA ', 'ABREGO ABREGO ', '2399', '1605', '1-1-001689', 'AC'),
(1862, 'EDUARDO MANFREDO', 'ABREGO  ', '2800', '4594', '00483667-3', 'AC'),
(1863, 'MERCEDES HAYDEE', 'ABREGO  DE AGUILAR', '55', '0', '02495258-8', 'AC'),
(1864, 'SABINA ELENA', 'ABULLARADE QUIÑONEZ DE LOPEZ', '3346', '4049', '', 'AC'),
(1865, 'JOSE ERNESTO', 'ACEVEDO BANDEK ', '5236', '8484', '02522837-2', 'AC'),
(1866, 'OMAR ', 'ACOSTA CABRERA ', '49', '1338', '02211410-0', 'BJ'),
(1867, 'MARTIN ERNESTO', 'ADRIAN ALVAREZ ', '3748', '5668', '01997563-6', 'AC'),
(1868, 'MARCO RICARDO', 'AFANE ZARZAR ', '142', '285', '', 'BJ'),
(1869, 'HENRY HUMBERTO', 'AGREDA RODRIGUEZ ', '4', '1611', '00533780-0', 'BJ'),
(1870, 'SIMON BALTAZAR', 'AGREDA  ', '61', '2167', '00952097-6', 'AC'),
(1871, 'MIGUEL ANGEL', 'AGUILAR OLIVA ', '98', '337', '', 'BJ'),
(1872, 'MANUEL ENRIQUE', 'AGUILAR MAGAÑA ', '56', '2168', '02495167-1', 'AC'),
(1873, 'SANTOS ADAN', 'AGUILAR GARCIA ', '38', '1196', '00889687-9', 'BJ'),
(1874, 'CARLOS ANTONIO', 'AGUILAR CHAVARRIA ', '1939', '4033', '02620402-1', 'AC'),
(1875, 'ROLANDO HUMBERTO', 'AGUILAR CHAVEZ ', '1946', '2787', '00590454-2', 'AC'),
(1876, 'JOSE RIGOBERTO', 'AGUILAR HERNANDEZ ', '1626', '3302', '00361820-0', 'AC'),
(1877, 'MANUEL ERNESTO', 'AGUILAR ESTRADA ', '2729', '4545', '02521415-3', 'AC'),
(1878, 'JOSE MARIO', 'AGUILAR RIVERA ', '2570', '2816', '04-01-0020', 'AC'),
(1879, 'ARNOLDO ', 'AGUILAR VASQUEZ ', '2694', '1921', '1-1-191442', 'AC'),
(1880, 'ROXANA CAROLINA', 'AGUILAR FIGUEROA ', '5179', '10314', '01797717-9', 'AC'),
(1881, 'JUAN CARLOS', 'AGUILAR ALVAREZ ', '4837', '7527', '00070010-5', 'AF'),
(1882, 'YURY VLADIMIR', 'AGUILAR GUEVARA ', '5011', '8718', '01210326-2', 'AC'),
(1883, 'LETICIA ESMERALDA', 'AGUILAR SOSA ', '5122', '9169', '01294025-8', 'AC'),
(1884, 'ANA LIZBETH', 'AGUILAR ALAS DE BONILLA', '4664', '8047', '00335396-5', 'AC'),
(1885, 'JAIME NELSON', 'AGUILAR GUEVARA ', '4641', '8642', '01157474-5', 'AF'),
(1886, 'JOSE ADAN', 'AGUILAR UMAÑA ', '5609', '8012', '01050746-0', 'AC'),
(1887, 'LUIS ROBERTO', 'AGUILUZ LAZO ', '59', '1744', '02385598-7', 'AC'),
(1888, 'LUIS ALONSO', 'AGUILUZ RAMOS ', '73', '0', '', 'AC'),
(1889, 'JOSE FRANCISCO', 'AGUIRRE GONZALEZ ', '12', '0', '', 'BJ'),
(1890, 'FELIX GUILLERMO', 'AGUIRRE CASTRO ', '1976', '3417', '1-1-183117', 'AC'),
(1891, 'ARACELY ALEXANDRA', 'AGUIRRE MONGE ', '5718', '10955', '01182126-5', 'AC'),
(1892, 'ROBERTO ENRIQUE', 'AHUES VASQUEZ ', '27', '687', '', 'BJ'),
(1893, 'FLOR DEL CARMEN', 'ALABI QUINTANILLA ', '3637', '5227', '02-01-1395', 'AC'),
(1894, 'JORGE ALBERTO', 'ALARCON LEMUS ', '36', '1266', '00220330-3', 'BJ'),
(1895, 'OSCAR ROBERTO', 'ALAS CASTILLO ', '86', '2260', '01498416-9', 'AC'),
(1896, 'ALICIA ', 'ALAS RIVERA DE CEPEDA', '245', '545', '1-1-177301', 'BJ'),
(1897, 'GLADYS JAKELIN', 'ALAS  DE ALVARENGA', '2652', '4502', '02485017-6', 'AC'),
(1898, 'CARLOS EDUARDO', 'ALAS GUDIEL ', '2843', '4630', '01-01-3033', 'AC'),
(1899, 'ROBERTO ERNESTO', 'ALAS CARBAJAL ', '4970', '10126', '00228797-5', 'AC'),
(1900, 'MARIA ISABEL', 'ALCANTARA HERNADEZ ', '124', '2445', '01170841-7', 'AC'),
(1901, 'MILTON DANIEL', 'ALEMAN ROSALES ', '4933', '9915', '02484458-1', 'AC'),
(1902, 'MARINA ISABEL', 'ALEMAN RAMIREZ ', '3323', '1938', '01274515-3', 'AC'),
(1903, 'ELIZABETH ANTONIA', 'ALENS UMAÑA ', '1616', '3600', '1-1-088814', 'AC'),
(1904, 'LORENA DEL CARMEN', 'ALFARO MEJIA ', '1635', '3258', 'DUI 003733', 'AC'),
(1905, 'ROMAN ', 'ALFARO GUTIERREZ ', '1845', '3048', '01046229-6', 'AC'),
(1906, 'JUDITH ', 'ALFARO CASTILLO DE RICO', '1848', '1968', '01-01-1611', 'AC'),
(1907, 'FRANCISCO JAVIER', 'ALFARO AVILES ', '123', '3072', '00015962-1', 'AC'),
(1908, 'JUAN ANTONIO', 'ALFARO RODRIGUEZ ', '71', '2559', '00561299-1', 'AC'),
(1909, 'RICARDO OSCAR', 'ALFARO BARAHONA ', '39', '0', '01797300-2', 'BJ'),
(1910, 'LUIS CARLOS', 'ALFARO  ', '5', '0', '', 'BJ'),
(1911, 'ELIZABETH ', 'ALFARO BACARO DE CENTENO', '243', '1024', '01230548-2', 'BJ'),
(1912, 'ANA MARIA', 'ALFARO  DE GAMERO', '535', '1686', '01430227-8', 'AC'),
(1913, 'JOSE MAURICIO', 'ALFARO MONGE ', '3701', '5537', '02408182-4', 'AC'),
(1914, 'SARA MARIA', 'ALFARO CRISTALES DE MORENO', '2478', '4456', '01785780-8', 'AC'),
(1915, 'SAMUEL ANTONIO', 'ALFARO CASTRO ', '4679', '7319', '00940885-7', 'AC'),
(1916, 'ANA MARIA', 'ALFARO GARCIA DE FLORES', '4098', '6156', '01485766-3', 'AC'),
(1917, 'JOSE GERMAN', 'ALFEREZ AYALA ', '2506', '4729', '01-01-1202', 'BJ'),
(1918, 'ALVARO RONALD', 'ALFONSO OSORIO ', '2867', '4341', '08-10-0030', 'AC'),
(1919, 'AMANDA MERCEDES', 'ALONZO  DE RODRIGUEZ', '1823', '3436', '1-1-124345', 'AC'),
(1920, 'CARLOS MARIANO', 'ALVARADO VIERA ', '33', '2856', '00862798-7', 'AC'),
(1921, 'FERNANDO ', 'ALVARADO PIZA ', '100', '0', '', 'BJ'),
(1922, 'JOSE ROBERTO', 'ALVARADO LOPEZ ', '112', '2549', '02552106-3', 'AC'),
(1923, 'JOSE ARMANDO', 'ALVARADO VELA ', '121', '2177', '00486459-5', 'AC'),
(1924, 'LEONEL DE JESUS', 'ALVARADO MAGAÑA ', '127', '2478', '00814787-2', 'AC'),
(1925, 'GUILLERMO ARMANDO', 'ALVARADO MORAN ', '141', '598', '01392361-5', 'BJ'),
(1926, 'DELMY CECILIA', 'ALVARADO BERNABE DE MENDOZA', '2856', '4198', '03-01-0173', 'AC'),
(1927, 'JEANNETTE ', 'ALVARADO CHEVEZ DE RODRIGUEZ', '2797', '4219', '1-2-005853', 'AC'),
(1928, 'JOSE NAPOLEON', 'ALVARADO RENDEROS ', '3681', '5534', '01-01-3239', 'AC'),
(1929, 'MARIA ANGELA', 'ALVARADO VILLATORO DE CORDOVA', '4714', '6399', '00329243-6', 'AC'),
(1930, 'RENE ERNESTO', 'ALVARADO SOTO ', '4410', '6578', '00511789-4', 'AC'),
(1931, 'MARIA LUZ', 'ALVARADO  DE DIAZ', '5509', '9737', '02562781-9', 'AC'),
(1932, 'ROSA LORENA', 'ALVARENGA CARDONA ', '4550', '5813', '01549204-2', 'AC'),
(1933, 'JORGE EDUARDO', 'ALVARENGA TICAS ', '4999', '7706', '01179479-3', 'AC'),
(1934, 'NELSON VLADIMIR', 'ALVARENGA JOVEL ', '3479', '5209', '1-1-248265', 'AC'),
(1935, 'CARLOS GABRIEL', 'ALVARENGA CARDOZA ', '2917', '4020', '4-1-008878', 'AC'),
(1936, 'JAIME ANTONIO', 'ALVARENGA YAN ', '2651', '3596', '02408979-1', 'AC'),
(1937, 'RICARDO ANTONIO', 'ALVARENGA QUEZADA ', '1913', '2485', '01-01-4608', 'AC'),
(1938, 'RICARDO BENJAMIN', 'ALVAREZ VASQUEZ ', '140', '3464', '03682418-5', 'AC'),
(1939, 'JAIME EDGARDO', 'ALVAREZ BERMUDEZ ', '106', '1245', '02344466-3', 'AC'),
(1940, 'CARLOS EMILIO', 'ALVAREZ GEOFFROY ', '97', '954', '00025044-3', 'BJ'),
(1941, 'CARLOS ARTURO', 'ALVAREZ HERNANDEZ ', '40', '2096', '00020243-2', 'AC'),
(1942, 'DAYSI NOHEMY', 'ALVAREZ AGUILAR ', '3092', '3758', '15093628', 'AC'),
(1943, 'JENSY MARGARITA', 'ALVAREZ ALVAREZ ', '5385', '7317', '01736683-1', 'AC'),
(1944, 'JUVENTINO ', 'ALVAYERO  ', '37', '0', '00004234-5', 'BJ'),
(1945, 'ANDRES ', 'AMADOR VELASCO ', '21', '431', '', 'BJ'),
(1946, 'BERTA VIOLETA', 'AMADOR  DE FUENTES', '489', '1578', '01-01-1323', 'AC'),
(1947, 'OSCAR ANTONIO', 'AMADOR HERNANDEZ ', '3843', '5898', '02202227-2', 'AC'),
(1948, 'LOURDES DEL CARMEN', 'AMATO DOMINGUEZ DE LOPEZ', '4494', '7672', '00572105-9', 'AC'),
(1949, 'JUAN CARLOS', 'AMAYA GUZMAN ', '4110', '5956', '01649736-2', 'AC'),
(1950, 'ROBERTO PABLO', 'AMAYA RAMIREZ ', '5386', '12637', '00222216-1', 'AC'),
(1951, 'NELSON ODIR', 'AMAYA RODRIGUEZ ', '5147', '8798', '02349181-4', 'AC'),
(1952, 'ENOC FRANCISCO', 'AMAYA RAMOS ', '5052', '9182', '00415003-5', 'AC'),
(1953, 'MARCELO ANTONIO', 'AMAYA ARAUJO ', '4962', '10208', '02345921-0', 'AC'),
(1954, 'RENE ANTONIO', 'AMAYA MARTINEZ ', '3810', '5150', '02527926-8', 'AC'),
(1955, 'JOSE ARMANDO', 'AMAYA CAMPOS ', '2706', '2263', '01770276-0', 'AC'),
(1956, 'RICARDO JOAQUIN', 'AMAYA CORRALES ', '22', '0', '', 'BJ'),
(1957, 'ABRAHAM ALFREDO', 'AMAYA MENDOZA ', '93', '0', '01033117-8', 'AC'),
(1958, 'CARLOS ALBERTO', 'AMAYA GUEVARA ', '103', '2819', '00933398-9', 'AC'),
(1959, 'CARLOS NAPOLEON', 'AMAYA CAMPOS ', '69', '2548', '00937274-7', 'AC'),
(1960, 'PEDRO FRANCISCO', 'AMAYA LOVO ', '84', '2771', '01081283-1', 'AC'),
(1961, 'ANTONIO RICARDO', 'AMAYA ESPINO ', '134', '0', '01213259-6', 'AC'),
(1962, 'ROBERTO ANTONIO', 'AMAYA SOLORZANO ', '1956', '3945', '00984454-0', 'AC'),
(1963, 'RUBEN EDUARDO', 'AMAYA CONTRERAS ', '5557', '8040', '00949841-2', 'AC'),
(1964, 'OSMAN MARIO', 'AMAYA GUARDADO ', '5721', '13963', '01536034-2', 'AC'),
(1965, 'ANA LUZ', 'ANAYA  DE VAQUERANO', '1497', '1175', '01764907-7', 'BJ'),
(1966, 'IRIAN LILLY', 'ANAYA ANAYA ', '5170', '10805', '00227607-1', 'AC'),
(1967, 'MAIRA YANIRA', 'ANDRADE  DE LUNA', '5670', '6583', '02387557-1', 'AC'),
(1968, 'MARIA LIDIA', 'ANZORA VANEGAS ', '2305', '3475', '01-04-0731', 'AC'),
(1969, 'JUAN PIO', 'APARICIO FUENTES ', '2801', '4335', '00612146-4', 'AC'),
(1970, 'CLAUDIA ELENA', 'APARICIO GARCILAZO ', '5114', '8590', '01276582-8', 'AC'),
(1971, 'RICARDO DONATO', 'APARICIO MILLA ', '6', '576', '01006810-7', 'BJ'),
(1972, 'JOSE SANTIAGO', 'AQUINO BARAHONA ', '1899', '2057', '00236624-0', 'BJ'),
(1973, 'NELSON ALEXANDER', 'AQUINO AGUILAR ', '4537', '8165', '02491348-7', 'AC'),
(1974, 'MIRNA ', 'ARAGON  DE SEGURA MAZA', '1376', '2198', '01715538-7', 'AC'),
(1975, 'BEATRIZ IVONNE', 'ARANA GUTIERREZ DE ARTIGA', '4931', '8901', '00738357-2', 'AC'),
(1976, 'ANA JULIA', 'ARANA VELASQUEZ ', '2364', '3765', '01-01-2549', 'AC'),
(1977, 'ROBERTO ANTONIO', 'ARANIVA VALLADARES ', '4902', '6946', '01335884-4', 'AC'),
(1978, 'FRANCISCO ANTONIO', 'ARANIVA GARCIA ', '5359', '12618', '01176190-2', 'AC'),
(1979, 'CARLOS ENRIQUE', 'ARAUJO  ', '54', '2116', '01016274-9', 'AC'),
(1980, 'CARLOS ANTONIO', 'ARAUJO GRIMALDI ', '138', '2923', '00754295-6', 'AC'),
(1981, 'FLOR DE MARIA', 'ARAUJO  DE PADILLA', '5649', '10428', '02076126-0', 'AC'),
(1982, 'LORENA IVETTE', 'ARAUJO MORALES ', '5714', '9136', '02076094-7', 'AC'),
(1983, 'WENDY LORENA', 'ARAUJO ROCHAC ', '5732', '9086', '02250103-0', 'AC'),
(1984, 'RHINA ELIZABETH', 'ARAUZ  DE AMAYA', '116', '3056', '00883743-5', 'AC'),
(1985, 'GUILLERMO NAPOLEON', 'ARAYA FLORES ', '3922', '5751', '00288193-1', 'AC'),
(1986, 'MARIA MARGARITA', 'ARBIZU  DE PALOMO', '5697', '5884', '02484500-8', 'AC'),
(1987, 'ROSA ELIZABETH', 'ARDON ESPINOZA ', '2188', '3911', '01802170-1', 'AC'),
(1988, 'JOSE ROBERTO', 'AREVALO BARRIOS ', '2836', '2965', '02000293-3', 'AC'),
(1989, 'MANUELA DE JESUS', 'AREVALO CORNEJO ', '2719', '3402', '4-7-002304', 'AC'),
(1990, 'ANA EUGENIA', 'AREVALO  ', '2680', '4257', '00170879-0', 'AC'),
(1991, 'MOISES AMILCAR', 'AREVALO SERRANO ', '2575', '4146', '1-1-49920', 'AC'),
(1992, 'EUGENIA BEATRIZ', 'AREVALO  DE ALVARADO', '4300', '5591', '01207012-6', 'AC'),
(1993, 'MERCEDES DEL CARMEN', 'AREVALO PEÑATE ', '5338', '4362', '00822611-3', 'AC'),
(1994, 'ROMMEL WILFREDO', 'AREVALO PERLA ', '5191', '10453', '00214715-4', 'AC'),
(1995, 'TANIA LIZETH', 'AREVALO SAADE ', '4942', '7578', '00910995-8', 'AC'),
(1996, 'OLIVERIO ANTONIO', 'AREVALO GUZMAN ', '30', '1299', '01760457-2', 'BJ'),
(1997, 'JORGE ', 'AREVALO MATASOL ', '18', '1691', '04548334-0', 'BJ'),
(1998, 'FRANCISCO JOSE', 'AREVALO MOLINA ', '13', '1079', '01648641-8', 'AC'),
(1999, 'ENRIQUE ', 'AREVALO GUTIERREZ ', '62', '2321', '00322633-8', 'AC'),
(2000, 'FEDERICO JOSE APOLONIO', 'AREVALO SOLORZANO ', '110', '2862', '00826606-6', 'AC'),
(2001, 'WILFREDO ', 'AREVALO CASTANEDA ', '96', '950', '00848960-6', 'BJ'),
(2002, 'DANILO ALFONSO', 'AREVALO LEON ', '85', '2668', '00954330-6', 'AC'),
(2003, 'GLORIA DE LA PAZ', 'AREVALO  DE CEVALLOS', '371', '3050', '01606386-2', 'AC'),
(2004, 'ALEJANDRO JOSE', 'AREVALO CAÑAS ', '5719', '14106', '01439778-6', 'AC'),
(2005, 'FRANCISCO JOSE ANTONIO', 'ARGUELLO ZELAYA ', '3', '1126', '02019050-8', 'BJ'),
(2006, 'JUAN CARLOS', 'ARGUELLO TELLES ', '4462', '5259', '01376315-4', 'AC'),
(2007, 'ALFREDO ANTONIO', 'ARGUETA CUBAS ', '4444', '7234', '1-1-317782', 'AC'),
(2008, 'SANDRA PATRICIA', 'ARGUETA JOYA ', '5264', '8452', '02349653-9', 'AC'),
(2009, 'OSCAR EUSEBIO', 'ARGUETA MANZANO ', '2116', '3764', '01087563-5', 'AC'),
(2010, 'LILIAN MARLENE', 'ARGUETA MARTINEZ ', '2310', '4124', '01456199-5', 'AC'),
(2011, 'CARLOS MANUEL', 'ARGUETA PEREIRA ', '2389', '4093', '1-1-281393', 'AC'),
(2012, 'JAIME ', 'ARGUETA OSORIO ', '65', '1456', '02303486-6', 'AC'),
(2013, 'MARCO ANTONIO', 'ARGUETA AGUIRRE ', '126', '2182', '00730520-7', 'AC'),
(2014, 'MARTA DINORA', 'ARGUETA  DE MAZA', '925', '1961', '01-01-1629', 'AC'),
(2015, 'GUILLERMINA DEL ROSARIO', 'ARIAS GUZMAN ', '1815', '3513', '02460764-6', 'AC'),
(2016, 'RINA ESPERANZA', 'ARIAS AVILES ', '2202', '4260', '00557264-6', 'AC'),
(2017, 'ISRAEL ENRIQUE', 'ARIAS RAMIREZ ', '5099', '9756', '02677182-3', 'AC'),
(2018, 'NORMA ANGELICA', 'ARRIAGA  DE RODRIGUEZ', '2360', '3574', '12-335', 'AC'),
(2019, 'MAXIMILIANO EDUARDO', 'ARRIAZA ASTURIAS ', '128', '3243', '01937517-9', 'AC'),
(2020, 'JULIA OFELIA VERONICA', 'ARRIAZA ORELLANA ', '5487', '6942', '01156602-7', 'AC'),
(2021, 'MARIA DEL SOCORRO', 'ARTEAGA LARA ', '107', '2844', '01507123-6', 'AC'),
(2022, 'CARLOS MAURICIO', 'ARTEAGA CASTRO ', '52', '1471', '01156358-2', 'BJ'),
(2023, 'RODOLFO JOSE', 'ARTIGA GOCHEZ ', '5520', '6353', '00102259-2', 'AC'),
(2024, 'CARLOS ANTONIO', 'ASCENCIO GIRON ', '2916', '4427', '01-0600123', 'AC'),
(2025, 'JOSE ENRIQUE', 'ASCENCIO CARRILLO ', '4989', '8102', '01210107-4', 'AF'),
(2026, 'MARITZA ', 'ASCENCIO  PALACIOS', '5366', '9806', '02244713-9', 'AC'),
(2027, 'CLAUDIA VERONICA', 'ASCENCIO HERNANDEZ ', '4660', '8531', '01711273-7', 'AC'),
(2028, 'CARLOS JOEL', 'ASCENCIO QUINTANILLA ', '4071', '4199', '00381377-9', 'AC'),
(2029, 'JOSE NICOLAS', 'ASTACIO SORIA ', '7', '0', '00856133-5', 'BJ'),
(2030, 'JOSE RAMON', 'AVALOS NAVARRETE ', '23', '620', '', 'BJ'),
(2031, 'CLAUDIA MARIA', 'AVALOS RECINOS DE ENGELHARD', '4195', '7029', '02201388-3', 'AC'),
(2032, 'SANDRA YANIRA', 'AVALOS RODRIGUEZ DE FLORES', '4793', '7432', '01299714-0', 'AC'),
(2033, 'JORGE ALBERTO', 'AVELAR AVELAR ', '74', '1170', '00468603-6', 'BJ'),
(2034, 'MARITZA MORENA', 'AVELAR  DE RAMOS', '1214', '821', '00197001-2', 'BJ'),
(2035, 'LEOPOLDO SALVADOR', 'AVILA GUERRA ', '1875', '3897', '01-01-1120', 'AC'),
(2036, 'IVONNE DEL CARMEN', 'AVILA REVELO DEL CID', '2020', '3675', '00727794-1', 'AC'),
(2037, 'ROBERTO ', 'AVILA MOREIRA ', '15', '0', '', 'BJ'),
(2038, 'LEOPOLDO ', 'AVILA RAMOS ', '11', '229', '', 'BJ'),
(2039, 'ELMER ANTONIO', 'AVILA ROSALES ', '31', '843', '02060972-7', 'BJ'),
(2040, 'HECTOR ALFREDO', 'AVILA GONZALEZ ', '136', '0', '02376679-8', 'AC'),
(2041, 'JAIME RICARDO', 'AVILA GUERRA ', '2756', '4582', '011055962-', 'AC'),
(2042, 'TERESA ISABEL', 'AVILES  DE LARA', '2611', '1887', '1-1-184909', 'AC'),
(2043, 'ROSA ESTELA', 'AVILES HUEZO DE AVILA', '4576', '5243', '01-06-0380', 'AC'),
(2044, 'RODOLFO ANTONIO', 'AVILES RAMIREZ ', '78', '2285', '00708616-2', 'BJ'),
(2045, 'JOSE ABRAHAM', 'AVILES HIDALGO ', '72', '2567', '01-01-0027', 'AC'),
(2046, 'ARTURO EMILIO', 'AVILES TORRES ', '2065', '694', '(214) 6618', 'BJ'),
(2047, 'JOSE EDUARDO', 'AVILES FLORES ', '1893', '1056', '04-01-0167', 'BJ'),
(2048, 'GLADYS ', 'AVILES CANTOR DE MOLINA', '1859', '2339', '01757511-3', 'AC'),
(2049, 'RICARDO JAVIER', 'AVILES AVALOS ', '5681', '13585', '03301420-8', 'AC'),
(2050, 'GUILLERMO EDGARDO', 'AVILES OLIVARES ', '5735', '8129', '00889475-4', 'AC'),
(2051, 'GLADYS EUGENIA', 'AYALA  DE FLAMENCO', '5478', '5774', '00492419-1', 'AC'),
(2052, 'ANA ROSARIO', 'AYALA CASTILLO DE VEGA', '2066', '4023', '02603236-8', 'AC'),
(2053, 'NELSON ALBERTO', 'AYALA REYES ', '66', '1467', '00293769-3', 'AC'),
(2054, 'RODOLFO SALVADOR', 'AYALA DELGADO ', '67', '2626', '02340333-2', 'AC'),
(2055, 'JOSE HERBERT', 'AYALA REYES ', '104', '1708', '00185234-5', 'AC'),
(2056, 'NESTOR GODOFREDO', 'AYALA GOMEZ ', '4470', '7245', '02308878-4', 'AC'),
(2057, 'DOUGLAS DARIO', 'AYALA MONGE ', '4591', '8465', '01476756-7', 'AC'),
(2058, 'JOSE HERBERT', 'AYALA VASQUEZ ', '5137', '11056', '00773064-8', 'AC'),
(2059, 'MIRIAM ELEONORA', 'AYALA FUENTES ', '2391', '4921', '03405066-3', 'AC'),
(2060, 'BONY ELIZABETH', 'AYON RODRIGUEZ ', '1568', '3645', '00626176-9', 'AC'),
(2061, 'SILVIA ORBELINA', 'AZCUNAGA  DE RIVAS', '1235', '0', '1-1-34790', 'AC'),
(2062, 'MARIA MILENA', 'AZUCENA GARCIA DE GUERRA', '5398', '5043', '01857548-3', 'AC'),
(2063, 'CARLOS EDUARDO', 'BALETTE GONZALEZ ', '188', '2655', '01854345-2', 'AC'),
(2064, 'JUAN PABLO', 'BALSEIRO BERRIO ', '5669', '7616', '32084', 'AC'),
(2065, 'JULIO EDUARDO', 'BAÑOS AREVALO ', '154', '1344', '00236961-2', 'BJ'),
(2066, 'JOSE MANUEL', 'BAÑOS MANCIA ', '2812', '4585', '00543337-1', 'AC'),
(2067, 'MARCEL ', 'BARA WEIL ', '4178', '0', '', 'AC'),
(2068, 'ROQUE ALEJANDRO', 'BARAHONA JORGE ', '5111', '8235', '02291120-1', 'AC'),
(2069, 'CLAUDIA BEATRIZ', 'BARAHONA NAVARRETE ', '2436', '4209', '01936582-3', 'AC'),
(2070, 'TIRZA MAGDALENA', 'BARAHONA QUINTANILLA DE VIDAL', '2947', '4541', '01387776-7', 'AC'),
(2071, 'JILMA ESTELA', 'BARAHONA CONTRERAS DE CARCAMO', '349', '2736', '01412638-9', 'AC'),
(2072, 'FLOR DE MARIA', 'BARAHONA GONZALEZ ', '1355', '1647', '01142604-9', 'AC'),
(2073, 'FRANCISCO ', 'BARBA ZAMORA ', '2427', '3826', '01245617-8', 'AC'),
(2074, 'GERARDO RENE', 'BARILLAS  ', '3667', '5423', '01-01-0024', 'AC'),
(2075, 'CARLOS ', 'BARILLAS CUELLAR ', '150', '0', '01402600-0', 'BJ'),
(2076, 'HERBERTH WILFREDO', 'BARILLAS ACOSTA ', '172', '1341', '01678391-7', 'BJ'),
(2077, 'OSCAR WILFREDO', 'BARRAZA RIVERA ', '185', '2561', '02391162-8', 'AC'),
(2078, 'OSWALDO ', 'BARRAZA HERNANDEZ ', '3217', '3728', '00575748-2', 'AC'),
(2079, 'SONIA ELIZABETH', 'BARRERA CRUZ DE GUARDADO', '3048', '4832', '00915254-5', 'AC'),
(2080, 'JORGE ERNESTO', 'BARRIENTOS LAUCEL ', '4813', '8549', '02142205-5', 'AC'),
(2081, 'HECTOR MILTON', 'BARRIENTOS SANCHEZ ', '1650', '2463', '1-1-205862', 'AC'),
(2082, 'MARCO OBDULIO', 'BARRIENTOS BOLAÑOS ', '2072', '3457', '01440441-0', 'AC'),
(2083, 'ANA MARIA', 'BASAGOITIA GARCIA ', '1794', '2588', '02-01-0427', 'AC'),
(2084, 'JOSE SIMON', 'BASAGOITIA  ', '194', '0', '', 'BJ'),
(2085, 'MARIO EDUARDO', 'BASAGOITIA AVILES ', '156', '676', '', 'BJ'),
(2086, 'SIGFREDO ', 'BASAGOITIA AVILES ', '163', '691', '01826128-8', 'BJ'),
(2087, 'MANUEL ANTONIO', 'BATRES MIRANDA ', '173', '1720', '01896260-6', 'AC'),
(2088, 'FRANCISCA GUADALUPE', 'BATRES VASQUEZ ', '5711', '12846', '00847599-0', 'AC'),
(2089, 'JOSE DEL CARMEN', 'BAUTISTA GUEVARA ', '177', '0', '01329497-7', 'AC'),
(2090, 'JOSE CARMELO', 'BAUTISTA GUEVARA ', '4922', '9710', '02682303-6', 'AC'),
(2091, 'JOSEPH DANIEL', 'BAYONA AREVALO ', '3173', '5101', '1-1-329900', 'AC'),
(2092, 'MARIA TERESA', 'BELLEGARRIGUE  DE SOSA', '1347', '0', '', 'BJ'),
(2093, 'JOSE ANGEL', 'BELTRAN HERNANDEZ ', '1965', '3317', '01301510-3', 'AC'),
(2094, 'GONZALO ', 'BELTRAN CASTRO ', '192', '806', '00179759-5', 'BJ'),
(2095, 'GERMAN ANTONIO', 'BENAVIDES  ', '146', '1197', '02394698-2', 'BJ'),
(2096, 'EDUARDO ', 'BENAVIDES  ', '147', '0', '', 'BJ'),
(2097, 'CRISTOBAL REYNALDO', 'BENDECK DIAZ ', '205', '3037', '00757508-0', 'AC'),
(2098, 'RICARDO ERNESTO', 'BENDEK JIMENEZ ', '3014', '4794', '01599095-1', 'AC'),
(2099, 'MARIA DE LOS ANGELES', 'BENGOA  ', '159', '0', '', 'BJ'),
(2100, 'RENE ALFREDO', 'BENITEZ CAMPOS ', '176', '2159', '1-1-140288', 'AC'),
(2101, 'WALLY CECILIA', 'BENITEZ  DE GUTIERREZ', '629', '3240', '01412355-1', 'AC'),
(2102, 'BLANCA DELMY', 'BENITEZ FLORES DE PANIAGUA', '1139', '1352', '1-1-076751', 'BJ'),
(2103, 'JOSE DEL TRANSITO', 'BENITEZ CABRERA ', '2437', '2306', '01684507-8', 'AC'),
(2104, 'ANA LIDIA', 'BENITEZ  DE CRUZ', '5134', '8482', '02560110-6', 'AC'),
(2105, 'CARMEN HERMINIA', 'BERMUDEZ URRUTIA ', '4394', '5203', '01-01-2933', 'AC'),
(2106, 'ANA CELINA', 'BERMUDEZ RODRIGUEZ DE ESTRADA', '2306', '3720', '01-03-0006', 'AC'),
(2107, 'ADELA ELIZABETH', 'BERMUDEZ ANAYA DE ORELLANA', '206', '2989', '00111063-8', 'AC'),
(2108, 'RENE WILFREDO', 'BERMUDEZ RAMOS ', '170', '2045', '00560894-2', 'AC'),
(2109, 'MARCELA ARELY', 'BERRIOS SIBRIAN ', '5687', '13549', '02861205-9', 'AC'),
(2110, 'ANGEL ', 'BETTAGLIO MILLA ', '157', '0', '', 'BJ'),
(2111, 'MOISES ELIAS', 'BICHARA B. ', '158', '0', '00531490-5', 'BJ'),
(2112, 'SAMUEL ORLANDO MARTIN', 'BICHARA RIVERA ', '2980', '4508', '01-01-2182', 'AC'),
(2113, 'FRIDA ELIZABETH', 'BICHARA  DE CALVO', '5433', '9584', '01689710-6', 'AC'),
(2114, 'JAIME ARNOLDO', 'BICHARA TOBAR ', '5617', '11417', '01317023-8', 'AC'),
(2115, 'DAISY MARGARITA', 'BLANCO TOLEDO ', '3572', '4824', '01967271-1', 'AC'),
(2116, 'JUAN RICARDO', 'BLANCO LUNA ', '181', '1810', '000858554-', 'AC'),
(2117, 'DAYSI ', 'BOLAÑOS NAVARRETE ', '213', '3108', '01954983-3', 'AC'),
(2118, 'ADELA ESPERANZA', 'BOLAÑOS MARTINEZ ', '749', '0', '', 'BJ'),
(2119, 'GIL ', 'BONET BORONAT ', '144', '1637', '01792561-9', 'AC'),
(2120, 'JOSE ANTONIO', 'BONET MIRO ', '2681', '4202', '00290573-5', 'AC'),
(2121, 'SONIA BEATRIZ', 'BONILLA MUÑOZ ', '2304', '3869', '01951586-8', 'AC'),
(2122, 'RAFAEL ANTONIO', 'BONILLA DIAZ ', '2357', '3995', '1-4-016476', 'AC'),
(2123, 'EMELI ROSARIO', 'BONILLA FLORES ', '3655', '2064', '02035069-5', 'AC'),
(2124, 'SILVIA ESTELA', 'BONILLA MARCIA DE VIVAS', '3053', '3843', '01120567-1', 'AC'),
(2125, 'MIGUEL EDGARDO', 'BONILLA MAJANO ', '3179', '3533', '1-1-000012', 'AC'),
(2126, 'ANA CECILIA', 'BONILLA ZUNIGA ', '5445', '9805', '02265651-8', 'AC'),
(2127, 'BEATRIZ EUGENIA', 'BONILLA RODAS ', '5342', '9449', '02355711-5', 'AC'),
(2128, 'FIDELIA GUADALUPE', 'BONILLA MALDONADO DE FLORES', '5161', '5365', '02089742-7', 'AC'),
(2129, 'YANIRA BEATRIZ', 'BONILLA GAMEZ DE AVILES', '4698', '6514', '02155983-6', 'AC'),
(2130, 'JOSE ROBERTO', 'BONILLA HENRIQUEZ ', '148', '1105', '01719605-8', 'BJ'),
(2131, 'EFRAIN ', 'BONILLA TEJADA ', '212', '3361', '00210912-7', 'AC'),
(2132, 'OSCAR RICARDO', 'BONILLA MENA ', '186', '2693', '00052767-0', 'AF'),
(2133, 'ALEXANDER ', 'BONILLA CANALES ', '198', '2726', '00910286-7', 'AC'),
(2134, 'ZONIA ASTRID', 'BONILLA  DE MARTINEZ', '1013', '2319', '00534958-0', 'AC'),
(2135, 'JORGE ALBERTO', 'BORJA CUELLAR ', '201', '2542', '02048434-7', 'AC'),
(2136, 'ELBA DOMITILA', 'BRAN CASTRO ', '1831', '3784', '1-1-240885', 'AC'),
(2137, 'MARITZA HERMINIA', 'BRAN BARRERA DE FLORES', '4184', '5347', '01245726-3', 'AC'),
(2138, 'MARIO ADOLFO', 'BRITO GUERRA ', '196', '1006', '00446554-5', 'BJ'),
(2139, 'RODRIGO ALFONSO', 'BRITO LARA ', '165', '824', '00211234-0', 'BJ'),
(2140, 'JOSE ROBERTO', 'BRITO NAVARRO ', '5477', '9249', '01856192-1', 'AC'),
(2141, 'JULIO CESAR', 'BRIZUELA ROMERO ', '4570', '7374', '02511448-4', 'AC'),
(2142, 'MILTON DAGOBERTO', 'BRIZUELA RAMON ', '3654', '5555', '02508243-3', 'AC'),
(2143, 'SANDRA GUADALUPE', 'BRUNO ZAVALA ', '4599', '5361', '00664831-9', 'AC'),
(2144, 'FELIX ANTONIO', 'BUCARO  ', '145', '1904', '01580311-2', 'AC'),
(2145, 'CLAUDIA SOFIA', 'BUCARO SALVADOR ', '5682', '12136', '00605428-5', 'AC'),
(2146, 'RENE ANDRES', 'BURGOS AREVALO ', '189', '2514', '02547373-1', 'AC'),
(2147, 'HECTOR ALFREDO', 'BURGOS SILVA ', '1785', '3459', '11-02-0019', 'AC'),
(2148, 'JUDITH YANIRA', 'BURGOS MONTANO ', '4339', '5763', '13-01-0358', 'AC'),
(2149, 'ROLANDO AUGUSTO ORANTES ALVAREZ', 'C/P  ROLANDO AUG BARRIENTOS ALVAR ', '143', '1819', '01996510-2', 'AC'),
(2150, 'EMANUEL AUGUSTO  SALGADO', 'C/P ENMANUEL AUG SALGADO ', '1324', '1735', '02752046-1', 'AC'),
(2151, 'HECTOR RICARDO FRANKLIN URRUTIA', 'C/P HECTOR RICAR FRANKLIN MARIONA ', '4944', '8929', '00519952-9', 'AC'),
(2152, 'IVONNE GUADALUPE TORRES FERNANDEZ', 'C/P IVONNE GUADA MERLOS FERNANDEZ ', '4988', '10363', '01670149-4', 'AC'),
(2153, 'ANA LUZ', 'CABALLERO SIBRIAN ', '4785', '6554', '01738650-6', 'AC'),
(2154, 'JUAN BAUTISTA', 'CABALLERO SIBRIAN ', '333', '2864', '1-1-165259', 'AC'),
(2155, 'JUAN DE DIOS', 'CABALLERO  ', '260', '0', '', 'BJ'),
(2156, 'ADELA ', 'CABEZAS  ALLWOOD', '28', '0', '01-01-0045', 'BJ'),
(2157, 'CARMEN JOSEFINA', 'CABEZAS  DE SANCHEZ', '2187', '2043', '02071618-4', 'AC'),
(2158, 'EDUARDO JOSE', 'CABRALES SIMO ', '257', '864', '01-01-0687', 'BJ'),
(2159, 'RENE ENRIQUE', 'CABRERA ARIAS ', '2769', '4319', '01790563-5', 'AC'),
(2160, 'ELSY ELIZABETH', 'CABRERA  DE LANGENEGGER', '2896', '4658', '00064615-7', 'AC'),
(2161, 'FLOR DE MARIA', 'CABRERA DIAZ ', '4222', '7001', '01000426-8', 'AC'),
(2162, 'DANIEL ERNESTO', 'CABRERA  ', '4396', '6410', '01683708-3', 'AC'),
(2163, 'NOHEMY ROSICELY', 'CACERES AGREDA DE MIRANDA', '3919', '5363', '00585764-8', 'AC'),
(2164, 'ADDISON RICKELMY', 'CACERES PAZ ', '3562', '5421', '01030783-6', 'AC'),
(2165, 'MARTA LILIAM', 'CACERES  DE GUEVARA', '2759', '3673', '00361530-9', 'AC'),
(2166, 'REINA ARGENTINA', 'CACERES SILVA ', '2657', '4254', '03-01-0058', 'AC'),
(2167, 'CARLOS HUMBERTO', 'CACERES POLIO ', '2508', '2637', '00684801-6', 'AC'),
(2168, 'NESTOR NICOLAS', 'CACERES AGREDA ', '2092', '4074', '01702656-2', 'AC'),
(2169, 'EDITH MARINA', 'CADENAS MONTOYA ', '5001', '6817', '02917711-7', 'AC'),
(2170, 'PEDRO MAURICIO GUILLERMO', 'CADER ACUÑA ', '1570', '3547', '00888874-5', 'AC'),
(2171, 'MAURICIO ', 'CADER RAMOS ', '256', '0', '', 'BJ'),
(2172, 'JOAQUIN GUILLERMO', 'CALDERON PUENTE ', '285', '585', '01-01-1195', 'BJ'),
(2173, 'PEDRO ALFREDO', 'CALDERON MORAN ', '288', '2682', '00957779-5', 'AC'),
(2174, 'RODOLFO ARMANDO', 'CALDERON MENDEZ ', '237', '775', '01687686-7', 'BJ'),
(2175, 'ZULMA ARGENTINA', 'CALDERON CASTILLO DE CABRERA', '4991', '8548', '01949691-7', 'AF'),
(2176, 'JAIME SALVADOR', 'CALDERON RIVERA ', '5080', '6960', '01704153-8', 'AC'),
(2177, 'ALFREDO ANTONIO', 'CALDERON ARGUETA ', '2501', '3790', '01-01-2655', 'AC'),
(2178, 'JOSE ROBERTO', 'CALDERON ROSA ', '2724', '3133', '01479212-2', 'AC'),
(2179, 'ANA MARIA', 'CALDERON  DE  ALVAREZ', '2416', '2354', '11-01-0006', 'AC'),
(2180, 'JOSE ROBERTO', 'CALDERON MAGAÑA ', '3334', '5223', '02028255-9', 'AC'),
(2181, 'ANA PATRICIA', 'CALEDONIO ESCOBAR ', '4094', '5923', '01847183-3', 'AC'),
(2182, 'ANA ALICIA YANIRA', 'CALERO  DE GONZALEZ', '581', '0', '', 'BJ'),
(2183, 'JUAN JOSE', 'CALIX MELENDEZ ', '265', '0', '', 'BJ'),
(2184, 'JUAN JOSE', 'CALIX LOPEZ ', '4845', '8536', '01599369-0', 'AC'),
(2185, 'CARLA SUSANA', 'CALLEJAS DE GOMEZ ', '4587', '5705', '01-01-3238', 'AC'),
(2186, 'MARIO HERNANY', 'CALLEJAS CASTRO ', '2224', '6136', '01945938-9', 'AC'),
(2187, 'JULIO ALFREDO', 'CALLES GONZALEZ ', '2287', '3538', '02287648-5', 'AC'),
(2188, 'MARIA CONCEPCION', 'CALLES MONGE DE BURGOS', '1805', '3570', '00097746-9', 'AC'),
(2189, 'GUSTAVO JOSE', 'CALVO GUZMAN ', '4603', '7844', '02418074-1', 'AC'),
(2190, 'DORA ELIZABETH', 'CAMPONUEVO  ', '770', '1211', '02302378-4', 'AC'),
(2191, 'GLORIA DEL CARMEN', 'CAMPOS PALOMARES ', '282', '0', '', 'BJ'),
(2192, 'WALTER ANTONIO', 'CAMPOS RIVAS ', '1844', '2958', '02098648-8', 'AC'),
(2193, 'JOSE MAURICIO', 'CAMPOS ARTIGA ', '1645', '3670', '1-1-50187', 'AC'),
(2194, 'RHINA DEL CARMEN', 'CAMPOS GOMEZ ', '1669', '3382', '01426032-9', 'AC'),
(2195, 'ISABEL CRISTINA', 'CAMPOS RAMOS ', '4545', '8010', '02550713-2', 'AC'),
(2196, 'AGUSTIN ALFREDO', 'CAMPOS DIAZ ', '4501', '7830', '02409286-7', 'AC'),
(2197, 'IRIS GUADALUPE', 'CAMPOS VDA DE ROMERO ', '2938', '4748', '01659783-7', 'AC'),
(2198, 'JUAN CARLOS', 'CAMPOS ROSALES ', '3421', '5277', '00732825-5', 'AC'),
(2199, 'JUAN FRANCISCO', 'CAMPOS RODEZNO ', '5541', '6678', '02429001-7', 'AC'),
(2200, 'GUILLERMO ARTURO', 'CANALES TABLAS ', '2699', '4533', '02111637-9', 'AF'),
(2201, 'OSCAR AUGUSTO', 'CA?AS GONZALEZ ', '324', '1400', '00713395-1', 'AC'),
(2202, 'ALCIDES NAPOLEON', 'CANDRAY PLEITEZ ', '242', '1046', '01-01-2144', 'BJ'),
(2203, 'MARTIN STANLEY', 'CANDRAY MIRA ', '241', '1060', '02466370-7', 'BJ'),
(2204, 'RODOLFO ALFREDO', 'CANIZALEZ CHAVEZ ', '2354', '3366', '01935288-8', 'AC'),
(2205, 'CLAUDIA IVETTE', 'CANJURA  DE CENTENO', '4749', '6299', '00522638-4', 'AC'),
(2206, 'FERNANDO ', 'CARBALLO VILLALTA ', '302', '2231', '', 'BJ'),
(2207, 'MARITZA LORENA', 'CARCACHE RIVAS DE MANZANO', '2572', '4313', '02382432-6', 'AC'),
(2208, 'KAREN ELIZABETH', 'CARCAMO ESCALANTE DE VILLATORO', '4456', '7855', '01272750-3', 'AC'),
(2209, 'RIGOBERTO ALFONSO', 'CARCAMO QUINTANA ', '272', '1348', '02033321-1', 'BJ'),
(2210, 'XENIA ALEJANDRINA', 'CARCAMO  DE CORNEJO', '1603', '3308', '1-2-008850', 'AC'),
(2211, 'DAVID ARMANDO', 'CARCAMO DIMAS ', '2019', '3527', '04-01-0036', 'AC'),
(2212, 'ERNESTO SALVADOR', 'CARCAMO ALBANES ', '5539', '5768', '01438127-2', 'AC'),
(2213, 'ROSA ELSY', 'CARCAMO LOPEZ ', '5498', '12195', '00617769-3', 'AC'),
(2214, 'NAPOLEON EUGENIO', 'CARDENAS CARDENAS ', '238', '0', '', 'BJ'),
(2215, 'ANDRES ', 'CARDENAS HORMAZA ', '4739', '8849', '04375310-5', 'AC'),
(2216, 'GUSTAVO ARNOLDO', 'CARDONA CAMPOS ', '5101', '7764', '02359548-0', 'AC'),
(2217, 'DOUGLAS ', 'CARDONA NAVES ', '325', '2541', '01508070-6', 'AC'),
(2218, 'DORA ', 'CARDOZA  DE MARIÑAS', '1000', '586', '1-1-012491', 'BJ'),
(2219, 'ANA CECILIA', 'CARDOZA FUNES ', '2794', '4689', '00933433-3', 'AC'),
(2220, 'LUIS EDUARDO', 'CARIAS TORRES ', '344', '2830', '4-10-00230', 'AC'),
(2221, 'MAURICIO CARIAS', 'CARIAS DELGADO ', '384', '518', '1-1-080498', 'BJ'),
(2222, 'CARLOS ENRIQUE', 'CARMONA PINEDA ', '352', '2850', '1-1-16324', 'AC'),
(2223, 'FRANCISCO ORLANDO', 'CARPIO SANDOVAL ', '1704', '3275', '01-01-3310', 'AC'),
(2224, 'MILTON RAFAEL', 'CARRANZA ORELLANA ', '330', '1909', '1-1-164521', 'AC'),
(2225, 'JULIO FRANCISCO', 'CARRILLO DURAN ', '1709', '2812', '13-04-0009', 'AC'),
(2226, 'SONIA EDELMIRA', 'CARTAGENA ORTIZ ', '4344', '4196', '01-04-0281', 'AC'),
(2227, 'LUIS GUILLERMO', 'CASTANEDA VILLATORO ', '4074', '6762', '02300620-3', 'AC'),
(2228, 'MARIA JOSE', 'CASTANEDA HERNANDEZ ', '5230', '11961', '01475345-3', 'AC'),
(2229, 'SANDRA CORINA', 'CASTANEDA SANTAMARIA DE ALFARO', '2851', '4382', '01577861-8', 'AC'),
(2230, 'ROSA MARIA', 'CASTANEDA  DE PADILLA', '2344', '2800', '02631665-7', 'AC'),
(2231, 'GUILLERMO ', 'CASTANEDA RIVERA ', '350', '2662', '00313349-6', 'AC'),
(2232, 'CARLOS FRANCISCO', 'CASTANEDA CASTRO ', '306', '2087', '01651382-5', 'AC'),
(2233, 'HECTOR JOSE', 'CASTANEDA CORNEJO ', '236', '0', '02369822-0', 'BJ'),
(2234, 'ANA GLORIA', 'CASTANEDA PADILLA ', '844', '1545', '01251443-9', 'AC'),
(2235, 'ADA MORENA', 'CASTANEDA  DE RODRIGUEZ', '5532', '7951', '02313919-5', 'AC'),
(2236, 'JOSE ROBERTO', 'CASTAÑEDA LOPEZ ', '224', '962', '02404006-4', 'BJ'),
(2237, 'CARLOS HUMBERTO', 'CASTELAR ROSALES ', '215', '987', '00707258-7', 'AC'),
(2238, 'MARIA ELENA', 'CASTELAR HUEZO DE RAMOS', '4987', '7011', '02595375-7', 'AC'),
(2239, 'CLAUDIA MARIA', 'CASTELLANOS FLORES DE BAR?', '4833', '7686', '02250510-7', 'AC'),
(2240, 'SHEILA TERESA', 'CASTELLANOS CRUZ ', '3401', '4954', '1-1-000000', 'AC'),
(2241, 'RONAL ALBERTO', 'CASTELLANOS ALFARO ', '381', '3354', '1-1-190000', 'AC'),
(2242, 'TERESA MAGD. GERALDINA', 'CASTILLEJOS CACERES ', '310', '1996', '01939300-4', 'AC'),
(2243, 'IRIS YANIRA', 'CASTILLO CAÑAS ', '341', '2623', '3-1-004283', 'AC'),
(2244, 'JOSE ANTONIO', 'CASTILLO MAYORGA ', '248', '422', '', 'BJ'),
(2245, 'RAUL ', 'CASTILLO NUILA ', '1598', '198', '1-1-068743', 'BJ'),
(2246, 'ROSA EMILIA', 'CASTILLO CHAVARRIA ', '1613', '647', '1-1-089500', 'BJ'),
(2247, 'SILVIA RUTH', 'CASTILLO  DE ORELLANA', '1049', '0', '01-01-1847', 'AC'),
(2248, 'DAVID NOEL', 'CASTILLO CASTANEDA ', '3458', '4864', '1-1-289732', 'AC'),
(2249, 'MARCO ANTONIO', 'CASTILLO MORALES ', '2117', '1777', '01462987-4', 'AC'),
(2250, 'NIDIA ILEANA', 'CASTILLO FABIAN DE DIAZ', '2655', '4457', '02510027-3', 'AC'),
(2251, 'MARITZA CONCEPCION', 'CASTILLO  DE ALVARADO', '5458', '6423', '01183066-2', 'AC'),
(2252, 'JULIO EDUARDO', 'CASTRO ARRIAZA ', '5421', '9329', '01284941-0', 'AC'),
(2253, 'SALVADOR ', 'CASTRO ORTIZ ', '5246', '10017', '01776089-9', 'AC'),
(2254, 'EVELYN ROXANA', 'CASTRO TORRES DE ARGUETA', '4854', '9640', '02563806-4', 'AF'),
(2255, 'IVONNE ELIZABETH', 'CASTRO FERNANDEZ DE VALERIANO', '5132', '7252', '01551614-7', 'AC'),
(2256, 'JAIME MAURICIO', 'CASTRO AVALOS ', '2426', '3571', '02-01-1044', 'AC'),
(2257, 'SANDRA CECILIA', 'CASTRO  DE LEMUS', '3459', '4278', '1-3-002394', 'AC'),
(2258, 'SILVIA LIGIA', 'CASTRO ARANA ', '3460', '4818', '02282340-8', 'AC'),
(2259, 'FRANCISCA ESTER', 'CASTRO BENITEZ ', '3447', '5273', '00017163-1', 'AC'),
(2260, 'JAIME ERNESTO', 'CASTRO ROMERO ', '3104', '2117', '01663663-1', 'AC'),
(2261, 'XINIA ANNETTE', 'CASTRO RIVERA ', '1811', '3848', '00043296-4', 'AC'),
(2262, 'JORGE ERNESTO', 'CASTRO ALAS ', '270', '0', '02466404-6', 'AC'),
(2263, 'JOSE ROBERTO', 'CASTRO MONTOYA ', '297', '1454', '00022129-0', 'AC'),
(2264, 'VICTOR MANUEL', 'CASTRO GOMEZ ', '335', '2312', '1-18-01465', 'AC'),
(2265, 'VICTOR MANUEL', 'CASTRO BARAHONA ', '385', '3221', '02089080-7', 'AC'),
(2266, 'ROMEO ', 'CASTRO ESCOBAR ', '376', '2217', '02226128-2', 'AC'),
(2267, 'JAIME EDUARDO', 'CASTRO MORAN ', '225', '1188', '01841130-4', 'BJ'),
(2268, 'SAMUEL ', 'CASTRO GONZALEZ ', '226', '1135', '00109843-8', 'BJ'),
(2269, 'MARIA EMILIA', 'CASTRO MENDOZA ', '648', '988', '00786993-4', 'BJ'),
(2270, 'MIGUEL ALBERTO', 'CASTRO IZQUIERDO ', '5576', '13075', '00124076-8', 'AC'),
(2271, 'FAUSTO ', 'CEA GIL ', '228', '1372', '02157355-5', 'AC'),
(2272, 'RICARDO AUGUSTO', 'CEA ESPINOZA ', '249', '0', '', 'BJ'),
(2273, 'RAFAEL ANTONIO', 'CEDILLOS  ', '2109', '477', '5-9-002769', 'BJ'),
(2274, 'ROLANDO ALBERTO', 'CEDILLOS ORTIZ ', '3426', '4747', '01687649-3', 'AC'),
(2275, 'VICTOR MANUEL', 'CENTENO MARAVILLA ', '244', '1023', '01-01-1958', 'BJ'),
(2276, 'ALVARO SERGIO', 'CENTENO LARA ', '274', '1074', '', 'BJ'),
(2277, 'VILMA ELIZABETH', 'CENTENO ESCOBAR ', '365', '2002', '00326958-0', 'AC'),
(2278, 'ROSA EMILIA', 'CERNA CARRANZA ', '294', '1813', '01651589-3', 'AC'),
(2279, 'SANDRA YANIRA', 'CERNA  DE VELASQUEZ', '3628', '5117', '01-03-0080', 'AC'),
(2280, 'MANUEL CRUZ', 'CERNA GUZMAN ', '2713', '2921', '02587550-1', 'AC'),
(2281, 'ABDA BEATRIZ', 'CERNA  DE LEMUS', '3936', '5092', '02-01-1317', 'AC'),
(2282, 'JOSE SANTIAGO', 'CERON LOPEZ ', '279', '1457', '0819017287', 'AC'),
(2283, 'MANUEL DE JESUS', 'CERRATO MARTINEZ ', '266', '983', '02405456-0', 'BJ'),
(2284, 'ROBERTO ', 'CERRITOS HENRIQUEZ ', '334', '815', '1-1-142303', 'BJ'),
(2285, 'BERTA ALICIA', 'CERRITOS PARADA DE BARILLAS', '2456', '1342', '01267639-6', 'BJ'),
(2286, 'NORA SILVIA', 'CERROS AMAYA ', '357', '2003', '200784897-', 'BJ'),
(2287, 'RENE FERNANDO', 'CESTONI PARDUCCI ', '358', '1179', '', 'BJ'),
(2288, 'JOSE RAUL', 'CHACON RUIZ ', '291', '886', '00613109-5', 'BJ'),
(2289, 'MIRNA DELMI', 'CHAMAGUA  DE ARGUETA', '2669', '2201', '00053374-4', 'AC'),
(2290, 'JOSE RAFAEL', 'CHANG CALERO ', '3066', '3057', '01355136-1', 'AC'),
(2291, 'RODOLFO ', 'CHANG PEÑA ', '298', '661', '', 'BJ'),
(2292, 'SILVIA STELLA', 'CHANG MAYORGA DE FLORES', '495', '2275', '00401886-9', 'AC'),
(2293, 'HERMAN MAURICIO', 'CHAVARRIA NOLASCO ', '1933', '3395', '00631829-9', 'AC'),
(2294, 'JOSE OTILIO', 'CHAVARRIA PACHECO ', '1817', '1715', '01390008-1', 'BJ'),
(2295, 'PEDRO ', 'CHAVARRIA MEJIA ', '1894', '1525', '01518750-8', 'BJ'),
(2296, 'SANDRA ELIZABETH', 'CHAVARRIA JIMENEZ ', '2667', '4469', '01184609-5', 'AC'),
(2297, 'JOSE DOMINGO', 'CHAVEZ IRAHETA ', '2497', '4216', '04-01-0040', 'AC'),
(2298, 'NUMA FRANCISCO', 'CHAVEZ LOPEZ ', '2420', '2391', '02851533-8', 'AC'),
(2299, 'ROXANA ELENA', 'CHAVEZ  DE CHAVEZ', '3059', '4311', '01427384-3', 'AC'),
(2300, 'CELIA MARIBEL', 'CHAVEZ  ', '4586', '7151', '01-06-0360', 'AC'),
(2301, 'RAFAEL ANTONIO', 'CHAVEZ DIAZ ', '1981', '3686', '08-01-0226', 'AC'),
(2302, 'AMALIA ', 'CHAVEZ  DE SUAZO', '1409', '2221', '01369735-3', 'AC'),
(2303, 'JOSE ROBERTO', 'CHAVEZ GONZALEZ ', '336', '1769', '01919777-5', 'BJ'),
(2304, 'RAMON FRANCISCO', 'CHAVEZ CAÑAS ', '227', '0', '00032709-6', 'BJ'),
(2305, 'JOSE RICARDO', 'CHEVEZ SARAVIA ', '258', '611', '00664305-0', 'BJ'),
(2306, 'SALVADOR ', 'CHEVEZ MONTOYA ', '240', '0', '', 'BJ'),
(2307, 'SALVADOR ', 'CHEVEZ GOMAR ', '3472', '5368', '4-1-002268', 'AC'),
(2308, 'LIDIA MARGARITA', 'CHICA  DE FERMAN', '4685', '7323', '02292264-2', 'AC'),
(2309, 'MARIO ANTONIO', 'CHICA GUILLEN ', '3997', '5843', '1-1-000028', 'AC'),
(2310, 'HECTOR MANUEL', 'CHICA SIBRIAN ', '369', '3041', '1-1-14910', 'AC'),
(2311, 'NORMA ELIZABETH', 'CHICAS OLIVARES ', '303', '2156', '01598919-6', 'AC'),
(2312, 'REYES BALTAZAR', 'CHICAS CASTRO ', '1801', '2297', '00472304-0', 'AC'),
(2313, 'DAVID ERNESTO', 'CHICAS NUÑEZ ', '4407', '6285', '00159415 9', 'AC'),
(2314, 'CARLOS JOSE', 'CHICAS MARROQUIN ', '3807', '5902', '00581986-0', 'AC'),
(2315, 'ANA BEATRIZ', 'CHICAS  DE ALBAYEROS', '5648', '8938', '00908133-8', 'AC'),
(2316, 'RAFAEL ALBERTO DE JESUS', 'CHINCHILLA HERNANDEZ ', '3787', '5771', '11-1-00443', 'AC'),
(2317, 'JOAQUIN ALBERTO', 'CHINCHILLA CUELLAR ', '304', '958', '01487125-1', 'BJ'),
(2318, 'MARIO ALBERTO', 'CHINCHILLA TOBAR ', '267', '641', '11-1-00000', 'BJ'),
(2319, 'RAFAEL ARMANDO', 'CHORRO CORNEJO ', '3551', '5258', '08-01-0431', 'AC'),
(2320, 'CARMEN ELENA', 'CHOTO  DE MACHADO', '950', '2782', '01-05-0091', 'AC'),
(2321, 'IRMA LETICIA', 'CHOTO  DE MENDOZA', '2008', '4110', '00580675-2', 'AC'),
(2322, 'LILIANA DEL CARMEN', 'CHOTO BERRIOS DE PARADA', '1962', '2530', '00850000-4', 'AC'),
(2323, 'JOSE LUIS', 'CISNEROS GARCIA ', '318', '1999', '3-1-054182', 'AC'),
(2324, 'ELSA LIDIA', 'CISNEROS SANCHEZ ', '4982', '6753', '00335464-4', 'AC'),
(2325, 'KATY IVETTE', 'CISNEROS AVELAR DE ZEPEDA', '5197', '11111', '01053194-8', 'AC'),
(2326, 'ROMEO ALBERTO', 'CLARA MELENDEZ ', '1821', '3762', '070246676-', 'AC'),
(2327, 'ODALY ', 'CLARK  ', '2775', '2458', '002200826-', 'AC'),
(2328, 'MAYRA PATRICIA', 'CLAROS FLORES DE CACERES', '5277', '9570', '023496367-', 'AC'),
(2329, 'BERTA ANGELICA', 'CLAROS GONZALEZ ', '377', '2979', '00541674-3', 'AC'),
(2330, 'ZOA VERONICA', 'CLIMACO CORTEZ ', '1757', '2536', '01454762-4', 'AC'),
(2331, 'IMMER ALCIDES', 'COELLO VILLALOBOS ', '2712', '4468', '3-1-076671', 'AC'),
(2332, 'LUIS RAMON', 'COLATO GARCIA ', '281', '0', '02435108-3', 'AC'),
(2333, 'MIRIAM YANIRA', 'COLINDRES MARTINEZ DE CASTELLANOS', '378', '3353', '1-1-149417', 'AC'),
(2334, 'ANA EUGENIA', 'COLINDRES MANCIA ', '4507', '7457', '01705683-4', 'AC'),
(2335, 'EDWIN ANTONIO', 'COLOCHO ZELAYA ', '2324', '3298', '01-01-1575', 'AC'),
(2336, 'JACINTO ', 'COLOCHO BOSQUE ', '277', '0', '', 'BJ'),
(2337, 'EDUARDO ADOLFO', 'COLOCHO OLIVARES ', '232', '0', '02113749-8', 'BJ'),
(2338, 'BISGERTO ENRIQUE', 'COLORADO TORRES ', '3411', '5149', '04792927-9', 'AC'),
(2339, 'ELENA CAROLINA', 'COLORADO  DE LINARES', '3125', '4712', '02269233-6', 'AC'),
(2340, 'ANA VERONICA', 'COLORADO CIFUENTES DE CAMPOS', '4923', '6444', '02333253-1', 'AC'),
(2341, 'JOSE ', 'COMANDARI DAVID ', '2429', '4350', '02619888-9', 'AC'),
(2342, 'MAJAYIN ', 'COMANDARI DAVID ', '2061', '4315', '00860696-5', 'AC'),
(2343, 'ANA FRANCISCA', 'CONDE TORRES DE PEREZ', '5013', '3914', '02128651-4', 'AC'),
(2344, 'PERLA MARINA LOPEZ PERLA', 'CONOCIDA POR PERLA HERNANDEZ ', '4614', '5837', '01660121-2', 'AC'),
(2345, 'HERIBERTO JOSE', 'CONTRERAS MATA ', '5302', '12042', '01425576-4', 'AC'),
(2346, 'KARLA RENATA MARIA', 'CONTRERAS CONTRERAS ', '5449', '7293', '00962353-8', 'AC'),
(2347, 'MAURICIO ALFONSO', 'CONTRERAS GONZALEZ ', '5362', '6945', '01490105-6', 'AC'),
(2348, 'AMILCAR ', 'CONTRERAS VILLAFUERTE ', '2496', '4399', '00747394-5', 'AC'),
(2349, 'RICARDO ', 'CONTRERAS BONILLA ', '326', '2776', '01017963-1', 'AC'),
(2350, 'MANUEL REINALDO', 'CONTRERAS BONILLA ', '338', '1688', '01615999-8', 'AC'),
(2351, 'JOSE LUIS', 'CONTRERAS VASQUEZ ', '347', '2429', '01067967-3', 'AC'),
(2352, 'EGDOMILIA ', 'CONTRERAS  DE GARCIA', '568', '0', '', 'AC'),
(2353, 'SERGIO RICARDO', 'CORADO ALVAREZ ', '1691', '2729', '09-01-0029', 'AC'),
(2354, 'MIRIAM LUZ', 'CORCIOS   DE AREVALO', '5439', '7975', '01405547-3', 'AC'),
(2355, 'PROSPERO ISAIAS', 'CORDERO DEL CID ', '3928', '2383', '01-01-3275', 'AC'),
(2356, 'LYDIA DEL ROSARIO', 'CORDERO VILLALTA DE MUNGUIA', '1729', '2510', '00580734-2', 'AC'),
(2357, 'ZOILA ANTONIA', 'CORDON RIVERA DE LOPEZ', '3293', '2984', '009871766-', 'AC'),
(2358, 'HAROLD IVAN', 'CORDOVA CARBAJAL ', '1922', '3338', '00757936-9', 'AC'),
(2359, 'JOSE EDUARDO', 'CORDOVA MACIAS ', '331', '2094', '1-1-060118', 'AC'),
(2360, 'LILIA BEATRIZ', 'CORDOVA FUNES DE CABALLERO', '332', '2863', '1-5-006297', 'AC'),
(2361, 'MAURICIO  ALFREDO', 'CORDOVA MORALES ', '5730', '8437', '02545286-6', 'AC'),
(2362, 'ALICIA YASMIN', 'CORLETO CARPIO ', '5538', '7689', '02484405-2', 'AC'),
(2363, 'VIOLETA DEL TRANSITO', 'CORLETO  DE COLORADO', '3409', '5002', '01-01-4410', 'AC'),
(2364, 'CESAR FEDERICO', 'CORLETO ROJAS ', '3448', '4817', '02661634-0', 'AC'),
(2365, 'CECILIA GUADALUPE', 'CORNEJO MELENDEZ DE ABREGO', '3839', '5698', '1-4-014714', 'AC'),
(2366, 'SANDRA EVELYN', 'CORNEJO RODRIGUEZ ', '3355', '4108', '01-04-0472', 'AC'),
(2367, 'ANA MARINA', 'CORNEJO RODRIGUEZ ', '2996', '3378', '7-2-020271', 'BJ'),
(2368, 'WALTER ANTONIO', 'CORNEJO RAMOS ', '4250', '6372', '02457477-0', 'AC'),
(2369, 'CARLOS ADOLFO', 'CORNEJO FORTIS ', '364', '1333', '3-1-059157', 'BJ'),
(2370, 'FRANCISCO JOSE', 'CORNEJO MAZA ', '1604', '3309', '1-1-102994', 'AC'),
(2371, 'GUILLERMO ANTONIO', 'CORTEZ AGREDA ', '340', '792', '1-1-063761', 'BJ'),
(2372, 'ANA LILIAN', 'CORTEZ FLORES ', '3913', '5731', '01-03-0692', 'AC'),
(2373, 'ANA LORENA', 'CORTEZ MONTES ', '3980', '5067', '01-01-2846', 'AC'),
(2374, 'MERCEDES ELIZABETH', 'CORTEZ  DE MARINERO', '3177', '1191', '00105525-2', 'BJ'),
(2375, 'LUIS ERNESTO', 'CORTEZ SALVADOR ', '5513', '10396', '00583318-1', 'AC'),
(2376, 'JOSE ROBERTO', 'CORVERA URQUILLA ', '4235', '6067', '01329737-3', 'AF'),
(2377, 'ANA MARIA', 'COSS NEGRETE DE CHAVEZ', '2608', '4452', 'CISLV00010', 'AC'),
(2378, 'SILVIA ROXANA', 'COTO DIMAS DE CASTANEDA', '2258', '2773', '01651298-4', 'AC'),
(2379, 'SERGIO RICARDO', 'COTO MELENDEZ ', '4313', '6141', '1-10-00205', 'AC'),
(2380, 'CARLOS HUMBERTO', 'COTO RUSTRIAN ', '359', '2809', '', 'AC'),
(2381, 'NORMA ALICIA ', 'COTO ARMAS ', '5515', '8162', '02429404-5', 'AC'),
(2382, 'LUIS GUSTAVO', 'COUSIN ROJAS ', '317', '2435', 'DUI 005212', 'AC'),
(2383, 'FELIX RODOLFO', 'CRISTALES VILLACORTA ', '4362', '7020', '00980494-8', 'AC'),
(2384, 'MAURICIO ERNESTO', 'CROMEYER GALVEZ ', '1675', '2563', '1-6-001795', 'AC'),
(2385, 'CARLOS BALMORE', 'CRUZ VILLALTA ', '315', '1683', '00008899-3', 'AC'),
(2386, 'MIGUEL ANGEL', 'CRUZ ROJAS ', '275', '2414', '01773373-7', 'BJ'),
(2387, 'ALFREDO ', 'CRUZ GARCIA ', '296', '1410', '01345146-4', 'AC'),
(2388, 'JORGE ROBERTO', 'CRUZ GONZALEZ ', '261', '1370', '00426258-1', 'BJ'),
(2389, 'ROBINSON ', 'CRUZ BREUCOP ', '233', '956', '00633715-4', 'BJ'),
(2390, 'ROSA EMILIA', 'CRUZ  DE ALVARENGA', '58', '1404', '01066195-5', 'AC'),
(2391, 'GLORIA ELIZABETH', 'CRUZ  DE LAZO', '800', '3008', '00087773-2', 'AC'),
(2392, 'ZULMA CAROLINA', 'CRUZ TORREZ DE TRUJILLO', '4363', '5146', '00148171-2', 'AC'),
(2393, 'MARTA IVANIA', 'CRUZ CRUZ ', '4691', '8356', '00529949-2', 'AC'),
(2394, 'CRISTHIAN MAURICIO', 'CRUZ GALAN ', '5090', '7529', '01359879-5', 'AC'),
(2395, 'RUTH ELIZABETH', 'CRUZ ESCOBAR DE MORALES', '4819', '7833', '01139252-5', 'AC'),
(2396, 'MARIA ORBELINA', 'CRUZ SALGADO ', '2665', '4274', '02002575-3', 'AF'),
(2397, 'BASILIA ANTONIA', 'CRUZ ALEGRIA DE PALENCIA', '3345', '5127', '01212563-8', 'AC'),
(2398, 'JOSE ISMAR', 'CRUZ GONZALEZ ', '2957', '4729', '3-01-00121', 'AC'),
(2399, 'CLAUDIA NOEMI', 'CRUZ HERNANDEZ ', '5546', '6717', '02463625-5', 'AC'),
(2400, 'RODOLFO ALEXANDER', 'CUADRA CHAVEZ ', '5173', '8297', '02170341-9', 'AC'),
(2401, 'ELDA MIRIAM', 'CUBIAS  DE CARRILLO', '3040', '2816', '1-1-103425', 'AC'),
(2402, 'ROBERTO DE JESUS', 'CUBIAS UMAÑA ', '363', '1722', '02683680-1', 'AC'),
(2403, 'GUADALUPE ANTONIO', 'CUCHILLAS IGLESIAS ', '305', '0', '00093985-1', 'AC'),
(2404, 'JOSE HERIBERTO', 'CUCHILLAS IGLESIAS ', '2086', '3306', '00089835-6', 'AC'),
(2405, 'MARTA ELIZABETH', 'CUELLAR LOPEZ ', '5407', '10564', '01859385-5', 'AC'),
(2406, 'GUSTAVO ADOLFO', 'CUELLAR FRATTI ', '4174', '6810', '00796629-9', 'AC'),
(2407, 'ALEJANDRO ALFONSO', 'CUERNO ARRIAZA ', '3280', '1967', '00040922-0', 'AC'),
(2408, 'DUNCAN BENJAMIN', 'CUNZA ALFARO ', '4830', '5992', '9571359-8', 'AC'),
(2409, 'GUILLERMO JOSE', 'DARDANO DARDAMO ', '418', '0', '', 'BJ'),
(2410, 'GILBERTO EDMUNDO', 'DE EVIAN BERRIOS ', '409', '1323', '3-01-02719', 'BJ'),
(2411, 'ARMIDA AMALIA', 'DE PAZ  DE LOPEZ', '1808', '3614', '01128305-1', 'AC'),
(2412, 'JUDITH ALELY DE LOS ANG', 'DEL CID LOPEZ ', '1977', '2322', '02812517-5', 'AC'),
(2413, 'JOSE WESTER', 'DEL CID CANO ', '5286', '7046', '03692194-1', 'AC'),
(2414, 'CESAR EXEQUIEL', 'DELGADO ACOSTA ', '5311', '11239', '00997295-3', 'AC'),
(2415, 'FRANCISCO ANTONIO', 'DELGADO CASTRO ', '414', '2574', '00378905-1', 'AC'),
(2416, 'RICARDO ANTONIO', 'DELGADO Y AGUIRRE ', '387', '0', '', 'BJ'),
(2417, 'FINELLA ', 'DELL ARCIPRETE  DE ROTTMAN', '2312', '3285', '01-01-2331', 'AC'),
(2418, 'CELINA YOLANDA', 'DIAZ GARCIA ', '3186', '4876', '0022420-6', 'AC'),
(2419, 'ANA CELIA', 'DIAZ CACERES DE URIARTE', '3006', '3928', '01758055-8', 'AC'),
(2420, 'CARLOS RODOLFO', 'DIAZ CAÑAS ', '3091', '3399', '02364020-1', 'AC'),
(2421, 'CLAUDIA NOELIA', 'DIAZ LOZANO ', '3734', '5552', '04-01-0062', 'AC'),
(2422, 'NORMA GRACE', 'DIAZ  DE CACEROS', '4108', '5393', '14216710', 'AC'),
(2423, 'CARLOS ALBERTO', 'DIAZ BARILLAS ', '4773', '6314', '02255524-1', 'AC'),
(2424, 'MARIA ORBELINA', 'DIAZ  ', '397', '0', '', 'BJ'),
(2425, 'LORENZO ', 'DIAZ AMAYA ', '402', '1714', '01659690-4', 'AC'),
(2426, 'MARIA ESTELA', 'DIAZ ARGUETA DE GARCIA', '636', '3470', '01-02-0123', 'AC'),
(2427, 'ANGEL INES', 'DIAZ ALVARENGA ', '2010', '3343', '01-01-0157', 'AC'),
(2428, 'LUZ MARINA', 'DIAZ VALIENTE ', '1591', '1353', '00497943-9', 'BJ'),
(2429, 'GUADALUPE ', 'DIAZ CASTELLANOS DE RAZEGHI', '1207', '1583', '00101395-9', 'AC'),
(2430, 'JOSE MAURICIO', 'DIAZ GONZALEZ ', '5502', '9733', '00013134-8', 'AC'),
(2431, 'JOSE PAZ', 'DINARTE RUBIO ', '407', '2224', '00293111-8', 'AC'),
(2432, 'ROLANDO ', 'DOMINGUEZ PARADA ', '419', '2808', '00621867-7', 'AC'),
(2433, 'MILTON ALFREDO', 'DOMINGUEZ PEÑA ', '420', '2273', '', 'AC'),
(2434, 'EDUARDO ERNESTO', 'DOMINGUEZ COLOCHO ', '403', '1270', '01-01-1652', 'AC'),
(2435, 'ROLANDO ', 'DOMINGUEZ PARADA ', '401', '0', '', 'BJ'),
(2436, 'ROSA LILIAN', 'DOMINGUEZ GARMEDEZ ', '3273', '4608', '01-01-2763', 'BJ'),
(2437, 'GLORIA ELENA', 'DOMINGUEZ ALVARADO ', '2148', '4073', '00693387-9', 'AC'),
(2438, 'LUIS ALONSO', 'DO?O  ', '405', '1265', '01691221-5', 'BJ'),
(2439, 'ERNESTO ', 'DORCICH MIRANDA ', '400', '651', '', 'BJ'),
(2440, 'CESAR ARMANDO', 'DUARTE DIAZ ', '411', '1422', '01667937-0', 'AC'),
(2441, 'JUAN ARNULFO', 'DUARTE MENDOZA ', '1819', '2162', '02287957-2', 'AC'),
(2442, 'ANGEL ANTONIO', 'DUARTE ESCOBAR ', '3896', '4706', '01-01-2900', 'AC'),
(2443, 'MARIA ARGELIA', 'DUBON ABREGO ', '5363', '11014', '01876182-2', 'AC'),
(2444, 'LUCIA VICTORIA', 'DURAN ROSALES ', '4896', '9660', '01626439-5', 'AC'),
(2445, 'LUZ MARIA', 'DURAN  DE SOLORZANO', '2446', '4326', '1-3-005618', 'AC'),
(2446, 'PAULA MARCELA', 'DURAN  DE ORTEZ', '3224', '4991', '00009091-6', 'AC'),
(2447, 'RIGOBERTO ', 'DURAN CORTEZ ', '399', '2167', '', 'AC'),
(2448, 'JORGE ALBERTO', 'DURAN RODEZNO ', '5497', '7303', '02220394-1', 'AC'),
(2449, 'MIGUEL ANGEL', 'DURAN SANCHEZ ', '5705', '10309', '01546580-9', 'AC'),
(2450, 'JULIO CESAR', 'ECHEGOYEN HERRERA ', '452', '997', '', 'BJ'),
(2451, 'GRACIELA FE', 'ECHEGOYEN DELGADO DE HERNANDEZ', '649', '1012', '02236266-4', 'BJ'),
(2452, 'MARTA EVELYN', 'ECHEVERRIA MARTINEZ ', '3352', '4448', '01542933-2', 'AC'),
(2453, 'VILMA ', 'ELIAS  DE CHINCHILLA', '2921', '2585', '01846982-8', 'BJ'),
(2454, 'RUBEN ISRAEL', 'ELIAS CORTEZ ', '2469', '4380', '01408340-0', 'AC'),
(2455, 'LIZETH ROSA MARI C/P LISSETTE ROS', 'ELIAS RIVAS DE BUENDIA', '4308', '5642', '01966274-6', 'AC'),
(2456, 'ANA ALICIA', 'ELIAS CAMPOS ', '4638', '5524', '01764296-0', 'AC'),
(2457, 'JOSE RICARDO', 'ELIAS PORTILLO ', '451', '2054', '02179037-7', 'AC'),
(2458, 'RODOLFO ', 'ERAZO MARTINEZ ', '464', '3117', '02686098-1', 'AC'),
(2459, 'EDGARD AQUILIO', 'ERAZO FLAMENCO ', '428', '1998', '02283868-1', 'AC'),
(2460, 'GILDA MIRELLA', 'ERAZO  DE AGUILAR', '3185', '3377', '1-4-000002', 'AC'),
(2461, 'JOSE RAUL', 'ESCALANTE ALVARADO ', '3151', '3126', '01-01-0582', 'BJ'),
(2462, 'CARLOS HUMBERTO', 'ESCALANTE HERNANDEZ ', '2985', '1903', '00163252-5', 'BJ'),
(2463, 'KARLA VANESSA', 'ESCALANTE ARAUJO ', '4880', '10109', '22318063', 'AC'),
(2464, 'KAREN ', 'ESCALANTE PEÑA ', '5068', '7882', '01615048-1', 'AC'),
(2465, 'CARLOS DE JESUS', 'ESCALANTE SARAVIA ', '5454', '11201', '01104801-1', 'AC'),
(2466, 'GUSTAVO ', 'ESCALANTE MORAN ', '431', '632', '', 'BJ'),
(2467, 'CARLOS ALBERTO', 'ESCALANTE  ', '432', '0', '', 'BJ'),
(2468, 'DAVID GUSTAVO', 'ESCAMILLA CUELLAR ', '465', '1436', '8-17-00052', 'AC'),
(2469, 'ELENA FRANCISCA', 'ESCOBAR BARRIENTOS ', '455', '600', '', 'BJ'),
(2470, 'CARLOS EDGARDO', 'ESCOBAR QUINTANILLA ', '442', '1262', '00615218-0', 'BJ'),
(2471, 'TELMA AIDA', 'ESCOBAR HERRERA ', '429', '1443', '00525199-9', 'BJ'),
(2472, 'JORGE ALBERTO', 'ESCOBAR GUIROLA ', '439', '0', '', 'BJ'),
(2473, 'ANIBAL ALBERTO', 'ESCOBAR BENITEZ ', '440', '0', '', 'BJ'),
(2474, 'SERGIO RICARDO', 'ESCOBAR  ', '2080', '1865', '01758355-6', 'AC'),
(2475, 'JOSE RODOLFO', 'ESCOBAR FLORES ', '1586', '3463', 'DUI 006796', 'BJ'),
(2476, 'JUDITH XIOMARA', 'ESCOBAR HERNANDEZ ', '5431', '12964', '00017956-6', 'AC'),
(2477, 'MONICA SVETLANA', 'ESCOBAR RUIZ ', '5270', '5765', '02022621-0', 'AC'),
(2478, 'ROMMEL VLADIMIR', 'ESCOBAR LOPEZ ', '5091', '9451', '02211978-6', 'AC'),
(2479, 'ELSA RUBIDIA', 'ESCOBAR RIVERA ', '4141', '6861', '02272448-4', 'AC'),
(2480, 'ENA YANIRA', 'ESCOBAR  DE GONZALEZ', '3367', '4755', '00293836-4', 'AC'),
(2481, 'CAROLINA OFELIA', 'ESCOBAR  DE RIVERA', '3466', '4700', '3-1-009380', 'AC'),
(2482, 'ALFONSO ERNESTO', 'ESCOBAR AMAYA ', '2726', '4101', '1-1-250361', 'AC'),
(2483, 'ELIANA MERCEDES', 'ESCOBAR GUERRA ', '2859', '4449', '01228240-6', 'AC'),
(2484, 'ILKA ASTRID', 'ESCOBAR ORELLANA DE ALVARENGA', '5672', '13338', '00801929-9', 'AC'),
(2485, 'RENE MAURICIO', 'ESCOLERO PORTILLO ', '3584', '4883', '02267306-5', 'AC'),
(2486, 'EVELYN ROXANA', 'ESCRICH BARAHONA DE LINQUI', '4625', '5148', '01934474-6', 'AF'),
(2487, 'DINA GLORIA', 'ESPAÑA GUERRA ', '5383', '12582', '00868427-2', 'AC'),
(2488, 'FRANCISCO JOSE', 'ESPINOZA CAMACHO ', '435', '0', '', 'BJ'),
(2489, 'ROLANDO ', 'ESPINOZA HERNANDEZ ', '441', '0', '', 'AC'),
(2490, 'JOAQUIN ', 'ESQUIVEL MONTALVO ', '437', '621', '', 'BJ'),
(2491, 'JOAQUIN EDUARDO', 'ESQUIVEL GARCIA ', '4515', '6019', '02919796-3', 'AC'),
(2492, 'ARMANDO RAFAEL', 'ESTRADA ROMERO ', '3231', '4979', '01-01-0295', 'AC'),
(2493, 'EFREN AMERICO', 'ESTRADA PARADA ', '462', '2789', '01247284-9', 'AC');
INSERT INTO `socio` (`socio_id`, `nombres`, `apellidos`, `codigo`, `jvpm`, `dui`, `estado`) VALUES
(2494, 'ANTONIA ', 'ESTRADA  DE VELASCO', '1496', '686', '', 'BJ'),
(2495, 'PATRICIA JEANNETTE', 'ESTRADA SANDOVAL ', '5676', '10664', '00657874-2', 'AC'),
(2496, 'MARGARITA ELENA', 'FABIAN VILLALOBOS ', '131', '2774', '01426156-1', 'AC'),
(2497, 'JUAN JERONIMO', 'FARELA RIVERA ', '482', '1292', '', 'AC'),
(2498, 'ANCU TATIANA', 'FENG ESCOBAR ', '5739', '13916', '03746334-4', 'AC'),
(2499, 'RAMON LUCIO', 'FERNANDEZ GUZMAN ', '478', '0', '', 'BJ'),
(2500, 'ARTURO RAFAEL', 'FERNANDEZ ABARCA ', '479', '1017', '00676647-6', 'BJ'),
(2501, 'JOSE ROBERTO', 'FERNANDEZ CASTILLO ', '490', '2568', '00614910-3', 'AC'),
(2502, 'DAISY JOSEFINA', 'FERNANDEZ  DE VIDAL', '1735', '1092', '01087233-6', 'BJ'),
(2503, 'SILVIA YOLANDA', 'FERNANDEZ  DE RAMIREZ', '1775', '2359', '02295237-0', 'AC'),
(2504, 'CARLOS RENE', 'FERNANDEZ RIVERA ', '3794', '5593', '02216817-5', 'AC'),
(2505, 'LUZ MARGARITA', 'FERNANDEZ  DE FLORES', '3996', '6433', '02449703-3', 'AC'),
(2506, 'ROBERTO ANTONIO', 'FERNANDEZ BONILLA ', '5030', '7900', '00997449-2', 'AC'),
(2507, 'EDGAR RENE', 'FERRUFINO SEVILLA ', '5664', '12151', '00132946-5', 'AC'),
(2508, 'MARCO ANTONIO', 'FIGUEROA RIVERA ', '5324', '6461', '02161328-2', 'AC'),
(2509, 'OSCAR ROBERTO', 'FIGUEROA ALVARENGA ', '5470', '11947', '02076521-4', 'AC'),
(2510, 'ALEJANDRINA DEL CARMEN', 'FIGUEROA CACERES DE BLANCO', '4340', '7523', '02501447-2', 'AC'),
(2511, 'BERTHA PATRICIA', 'FIGUEROA MATHEU DE QUINTEROS', '3026', '3254', '02157289-2', 'AC'),
(2512, 'LUIS ALBERTO', 'FIGUEROA LARA ', '2832', '3612', '01-01-1347', 'AC'),
(2513, 'RICARDO ', 'FIGUEROA CERON ', '2030', '2202', '02049634-4', 'AC'),
(2514, 'JUAN ANTONIO', 'FIGUEROA AVILES ', '472', '0', '', 'BJ'),
(2515, 'RENE ', 'FIGUEROA FIGUEROA ', '505', '2301', '1-1-129790', 'AC'),
(2516, 'MARIA DE LOS ANGELES', 'FIGUEROA GARCIA ', '510', '2369', '02457876-6', 'AC'),
(2517, 'RINA EVELYN', 'FIGUEROA  DE BONILLA', '511', '3100', '', 'AC'),
(2518, 'CARLOS ARTURO', 'FIGUEROA BALTODANO ', '525', '0', '1-1-276196', 'AC'),
(2519, 'ANA LEONOR', 'FLAMENCO  DE SERAFIN', '1386', '2316', '02560154-6', 'AC'),
(2520, 'MARIO ERNESTO', 'FLAMENCO RODRIGUEZ ', '2127', '3520', '02069923-5', 'AC'),
(2521, 'CARLOS ENRIQUE', 'FLAMENCO RODRIGUEZ ', '2883', '4551', '', 'AC'),
(2522, 'MARIO ERNESTO', 'FLORES RECINOS ', '3261', '4273', '01954413-4', 'AC'),
(2523, 'JOSE VIRGILIO', 'FLORES NAVIDAD ', '3330', '4958', '02279568-9', 'AC'),
(2524, 'FRANCISCA DE LA PAZ', 'FLORES  DE GALAN', '2112', '4064', '02326229-9', 'AC'),
(2525, 'MARIO ERNESTO', 'FLORES PINEDA ', '2232', '3380', '02130348-9', 'AC'),
(2526, 'RUBEN ALBERTO', 'FLORES VILLEDA ', '2834', '4604', '00363548-0', 'AC'),
(2527, 'MARTA ROXANA', 'FLORES  DE BONET', '2677', '4558', '00535634-1', 'AC'),
(2528, 'ANA LORENA', 'FLORES GUTIERREZ ', '2520', '3284', '01-01-0688', 'AC'),
(2529, 'GILBERTO NAPOLEON', 'FLORES HUEZO ', '2568', '4445', '05-01-0365', 'AC'),
(2530, 'MARIA CRISTINA', 'FLORES GUTIERREZ ', '2543', '3650', '1-1-068833', 'AC'),
(2531, 'GLORIA YOLANDA', 'FLORES  DE VILLALTA', '4000', '6428', '01229102-0', 'AC'),
(2532, 'EVELYN DINORAH', 'FLORES  DE NIETO', '4016', '6479', '1-18-00128', 'AC'),
(2533, 'JOS? EDGARDO', 'FLORES FUENTES ', '4521', '4820', '03-01-0127', 'AC'),
(2534, 'TANIA BEATRIZ', 'FLORES HERNANDEZ ', '5254', '7507', '02072265-6', 'AC'),
(2535, 'VILMA LISSET', 'FLORES CASTRO ', '5202', '8986', '00322788-9', 'AC'),
(2536, 'JOSE GERARDO', 'FLORES GUANDIQUE ', '5045', '8673', '02643367-9', 'AC'),
(2537, 'YOHANNA BEATRIZ', 'FLORES JORDAN ', '5056', '8657', '01539681-4', 'AC'),
(2538, 'MAURICIO ERNESTO', 'FLORES MORALES ', '4811', '8656', '01469261-5', 'AC'),
(2539, 'ALDO ERICK', 'FLORES HERNANDEZ ', '4810', '6532', '02287251-2', 'AC'),
(2540, 'MIGUEL ANGEL', 'FLORES HERNANDEZ ', '4791', '7365', '00054393-5', 'AC'),
(2541, 'CARMEN GRACIELA', 'FLORES KREITZ DE RODRIGUEZ', '1273', '2788', '00423718-8', 'AC'),
(2542, 'BERTA ELIZABETH', 'FLORES  DE IRAHETA', '714', '0', '01-01-1162', 'AC'),
(2543, 'JOSE ROBERTO', 'FLORES HIDALGO ', '471', '0', '', 'BJ'),
(2544, 'ENRIQUE ANTONIO', 'FLORES DIAZ ', '474', '672', '01-01-0076', 'BJ'),
(2545, 'SALOMON ', 'FLORES ALFARO ', '494', '0', '01329848-4', 'AC'),
(2546, 'JOSE LUIS', 'FLORES MARTINEZ ', '500', '2529', '02436163-0', 'AC'),
(2547, 'JORGE EUGENIO', 'FLORES MENENDEZ ', '501', '2187', '1-1-060143', 'AC'),
(2548, 'MIRIAM ELIZABETH', 'FLORES CONTRERAS ', '5633', '10222', '00107701-8', 'AC'),
(2549, 'YANIRA MAGALI', 'FLORES  DE TORRES', '5706', '5735', '01782234-0', 'AC'),
(2550, 'RENE ADOLFO', 'FLORES MARTINEZ ', '5561', '8183', '02751914-3', 'AC'),
(2551, 'JOSE CARLOS', 'FONSECA ERAZO ', '2002', '2993', '02356048-5', 'AC'),
(2552, 'CARLOS ALFREDO', 'FONTG REYES ', '476', '602', '00015377-2', 'BJ'),
(2553, 'ELBA MARJORIE', 'FORTIN HUEZO ', '529', '1869', '00030199-3', 'AC'),
(2554, 'MIGUEL ANGEL', 'FORTIN MAGAÑA ', '2247', '283', '1-01-09344', 'BJ'),
(2555, 'JUAN HUGO', 'FRANCIA  ', '2662', '4485', '02465948-1', 'AC'),
(2556, 'CARLOS ERWIN', 'FRANCO PORTILLO ', '2302', '3792', '01679790-8', 'AC'),
(2557, 'VICTOR DAVID', 'FRANCO ESCOBAR ', '2480', '3687', '02306325-5', 'AC'),
(2558, 'RICARDO ERNESTO', 'FRANCO CASTILLO ', '94', '3130', '025003155-', 'AC'),
(2559, 'JUAN ', 'FRECH PASOS ', '2176', '2397', '1-3-059160', 'AC'),
(2560, 'CARMEN ELENA', 'FR?HLICH AYALA ', '4015', '4904', '01141033-1', 'AC'),
(2561, 'JULIA ILBEA', 'FUENTES CORNEJO ', '2180', '2805', '00032898-7', 'AC'),
(2562, 'RAUL EDUARDO', 'FUENTES BELTRAN ', '2134', '3616', '2-1-151439', 'AC'),
(2563, 'PEDRO ANTONIO', 'FUENTES BRAN ', '2384', '3857', '01414185-0', 'AC'),
(2564, 'FRANCISCO JESUS', 'FUENTES CHOTO ', '2653', '4159', '01408831-1', 'AC'),
(2565, 'ADAN AMERICO', 'FUENTES CANALES ', '2529', '4391', '00999499-7', 'AC'),
(2566, 'NELSON ANTONIO', 'FUENTES CORDERO ', '3339', '4618', '02084803-8', 'AC'),
(2567, 'ALEX ', 'FUENTES VALENCIA ', '3101', '4083', '02096061-0', 'AC'),
(2568, 'VIDAL ROGER', 'FUENTES UMANZOR ', '488', '1530', '01865701-5', 'BJ'),
(2569, 'BILLY AUGUSTO', 'FUENTES IRAHETA ', '506', '0', '', 'AC'),
(2570, 'CAROLINA ', 'FUENTES MELARA DE PINEDA', '1810', '2591', '02026100-8', 'AC'),
(2571, 'BLANCA ESTELA', 'FUNES  DE ELIAS', '1795', '2053', '01636428-4', 'AC'),
(2572, 'RICARDO ERNESTO', 'FUNES ORELLANA ', '517', '2992', '1-1-137521', 'AC'),
(2573, 'RODOLFO  CESAR ANTONIO', 'GALDAMEZ MELENDEZ ', '635', '994', '02227324-7', 'BJ'),
(2574, ' CARLOS ALBERTO', 'GALDAMEZ  ', '638', '2990', '00637191-2', 'AC'),
(2575, 'ELIZABETH ', 'GALDAMEZ  DE MARCHESINI', '873', '1148', '1-1-000017', 'BJ'),
(2576, 'JORGE ANTONIO', 'GALDAMEZ ESTRADA ', '3893', '5110', '01-01-3153', 'AC'),
(2577, 'CLAUDIA ESMERALDA', 'GALDAMEZ VILLALTA ', '5545', '9488', '02564398-8', 'AC'),
(2578, 'CARLOS ALBERTO', 'GALEANO  ', '560', '674', '08-01-0017', 'BJ'),
(2579, 'ALMA YANIRA', 'GALLARDO BELTRAN DE MARCELLUS', '4226', '6858', '00594810-6', 'AF'),
(2580, 'MERCEDES LIZETH', 'GALLEGOS PEREZ ', '4354', '7436', '01614178-3', 'AC'),
(2581, 'TULIO JAIME', 'GALLEGOS NAVARRETE ', '2060', '3089', '01695660-9', 'AC'),
(2582, 'ERNESTO RAFAEL', 'GALLO PEREIRA ', '592', '2775', '00748576-4', 'AC'),
(2583, 'MARIO ROLANDO', 'GALVEZ NUILA ', '4225', '2545', '01-01-0099', 'AC'),
(2584, 'FRANCISCO JOSE', 'GAMERO ALFARO ', '2752', '4515', '02234814-9', 'AC'),
(2585, 'MARIO ANTONIO', 'GAMERO ROSALES ', '574', '1527', '02226552-9', 'BJ'),
(2586, 'JULIO ANTONIO', 'GAMERO QUINTANILLA ', '537', '0', '', 'BJ'),
(2587, 'JOSE MARIA', 'GARAY BERNAL ', '2865', '4438', '00114429-7', 'AC'),
(2588, 'JULIO ', 'GARAY RAMOS ', '3439', '4204', '01014250-7', 'AC'),
(2589, 'ATINOEL ', 'GARCIA VALLADARES ', '3590', '4867', '01384155 4', 'AC'),
(2590, 'EDGARD MILTON', 'GARCIA HERNANDEZ ', '3638', '450', '01-02-0067', 'AC'),
(2591, 'CARLOS EDUARDO', 'GARCIA HERNANDEZ ', '3311', '4665', '01794732-8', 'AC'),
(2592, 'GUILLERMO OSWALDO', 'GARCIA GUILLEN ', '2484', '3432', '01-01-0846', 'AC'),
(2593, 'CARLOS RODOLFO', 'GARCIA ZELAYA ', '2216', '3812', '01092642-8', 'AC'),
(2594, 'RAMON ANTONIO', 'GARCIA TRABANINO ', '4787', '6741', '02265518-0', 'AC'),
(2595, 'KARLA JEANNETTE', 'GARCIA RIVERA ', '4893', '9171', '00661511-2', 'AC'),
(2596, 'CLAUDIA ELENA', 'GARCIA AGUIRRE DE ARTIGA', '5160', '6702', '00840163-2', 'AC'),
(2597, 'RAUL RAMIRO', 'GARCIA  ', '534', '0', '02299181-1', 'BJ'),
(2598, 'MIGUEL ANGEL', 'GARCIA BARRIENTOS ', '541', '0', '6-7-000000', 'BJ'),
(2599, 'RAFAEL ', 'GARCIA VELIS ', '545', '0', '', 'BJ'),
(2600, 'RAMON ANTONIO', 'GARCIA GONZALEZ ', '558', '0', '', 'BJ'),
(2601, 'JESUS ', 'GARCIA MONTENEGRO ', '546', '479', '', 'BJ'),
(2602, 'JORGE ALBERTO', 'GARCIA AMAYA ', '584', '1947', '01879560-1', 'AC'),
(2603, 'JOSE FREDY', 'GARCIA BARAHONA ', '585', '2421', '06417866-9', 'AC'),
(2604, 'MANUEL ADOLFO', 'GARCIA CASTAÑEDA ', '595', '1846', '02510230-6', 'AC'),
(2605, 'RICARDO EVER', 'GARCIA BARILLAS ', '604', '748', '00281034-6', 'BJ'),
(2606, 'CARLOS AUGUSTO', 'GARCIA ARAYA ', '637', '2346', '03-01-0467', 'BJ'),
(2607, 'RICARDO ANTONIO', 'GARCIA CALVO ', '633', '2802', '06-01-0056', 'AC'),
(2608, 'JOSE VICTOR', 'GARCIA CORDOVA ', '617', '3073', '02188823-5', 'AC'),
(2609, 'JAMES PATRICIO', 'GARCIA OCHOA ', '2059', '976', '01057815-2', 'BJ'),
(2610, 'MARITZA JACQUELINE', 'GARCIA HERRERA DE MENDOZA', '1776', '3595', '01021700-7', 'AC'),
(2611, 'ANA LORENA', 'GARCIA HERNANDEZ ', '1833', '3259', '01833486-1', 'AC'),
(2612, 'MARIO ANTONIO', 'GARCIA PANAMEÑO ', '1849', '2874', '00457519-6', 'AC'),
(2613, 'MARIA  ELENA', 'GARCIA LOPEZ ', '1248', '1231', '01613060-1', 'BJ'),
(2614, 'ZOILA ESTER', 'GARCIA  DE SORIANO', '1405', '2988', '00634737-9', 'AC'),
(2615, 'FRANCISCO ALEXANDER', 'GARCIA MARTINEZ ', '5579', '10435', '00581871-7', 'AC'),
(2616, 'JULIO HORACIO', 'GARCIA OCAMPO ', '5517', '7990', '00040437-7', 'AC'),
(2617, 'ALBA GUILLERMINA', 'GARCIA GARCIA ', '5634', '11395', '01734712-0', 'AC'),
(2618, 'MARIELOS ', 'GARCIA CONTRERAS ', '5738', '13168', '02508590-2', 'AC'),
(2619, 'MIRNA MARIBEL', 'GARC?A RIVERA DE GONZALEZ', '4887', '9534', '26899061', 'AC'),
(2620, 'CLAUDIA ARACELY', 'GARCIAGUIRRE  DE PACHECO', '2549', '4145', '02276457-3', 'AC'),
(2621, 'VICTOR MANUEL', 'GAVIDIA LOPEZ ', '4006', '6524', '01129279-1', 'AC'),
(2622, 'CARLOS RAFAEL', 'GENOVEZ MORAN ', '5221', '8510', '00122878-2', 'AC'),
(2623, 'RICARDO ', 'GHIRINGHELLO  ', '566', '0', '', 'BJ'),
(2624, 'CARLOS ALBERTO', 'GIAMMATTEI ALVARENGA ', '2846', '4644', '02189494-3', 'AC'),
(2625, 'ROBERTO FRANCISCO', 'GIAMMATTEI URDAMPILLETA ', '5661', '7757', '01456879-3', 'AC'),
(2626, 'NAPOLEON ALBERTO', 'GIRON HERNANDEZ ', '586', '1902', '01152450-4', 'BJ'),
(2627, 'RODOLFO NICOLAS', 'GOCHEZ NOYOLA ', '589', '1156', '01957081-8', 'BJ'),
(2628, 'RODOLFO ANTONIO', 'GOCHEZ BARRAZA ', '602', '3005', '02241457-6', 'AC'),
(2629, 'JUAN RAMON', 'GOCHEZ  ', '2143', '1596', '', 'BJ'),
(2630, 'NANCY LIZETH', 'GOCHEZ VASQUEZ ', '4630', '8687', '000726133-', 'AC'),
(2631, 'FERNANDO ANTONIO', 'GODOY APARICIO ', '2563', '3507', '01-03-0040', 'AC'),
(2632, 'FRANCISCO ANDRES', 'GOENS PEÑATE ', '543', '0', '', 'BJ'),
(2633, 'JOSE RYNALDO', 'GOLCHER VIDES ', '4237', '5670', '02944845-3', 'AC'),
(2634, 'ESPERANZA DEL CARMEN', 'GOMEZ CORTEZ DE GUARDADO', '4057', '2207', '1-1-005310', 'AC'),
(2635, 'LUIS ALBERTO', 'GOMEZ ARCE ', '4610', '6562', '01027919-8', 'AF'),
(2636, 'BESSI YANETH', 'GOMEZ LOPEZ ', '5371', '7606', '01920394-0', 'AC'),
(2637, 'TOMAS ', 'GOMEZ RIVAS ', '2495', '3204', '01652032-7', 'AC'),
(2638, 'JORGE ALBERTO', 'GOMEZ CABRERA ', '2762', '4476', '02436383-6', 'AC'),
(2639, 'ELISA CONCEPCION', 'GOMEZ HERNANDEZ ', '557', '1054', '01-01-0102', 'BJ'),
(2640, 'ALEJANDRO ALBERT C/P JOSE ALEJAND', 'GOMEZ RIVAS ', '579', '1977', '00717581-4', 'BJ'),
(2641, 'ALCIDES ', 'GOMEZ HERNANDEZ ', '575', '0', '', 'AC'),
(2642, 'FIDIAS RAFAEL', 'GOMEZ FLORES ', '1840', '2029', '1-1-40781', 'AC'),
(2643, 'RICARDO ANTONIO', 'GOMEZ GONZALEZ ', '1676', '3144', '01-01-1973', 'AC'),
(2644, 'ELSA MARIA', 'GOMEZ  DE YANES', '1547', '3021', '00730220-9', 'AC'),
(2645, 'ANA PATRICIA JANETH', 'GOMEZ  DE GONZALEZ', '5503', '7053', '00958061-7', 'AC'),
(2646, 'CELIA ELISABETH', 'GONZALEZ RUIZ DE GRANADOS', '5577', '8578', '02425162-3', 'AC'),
(2647, 'LEONEL SALVADOR', 'GONZALEZ SALAZAR ', '5653', '14003', '03721601-4', 'AC'),
(2648, 'JOSE RAUL   CRISTOBAL', 'GONZALEZ REYES ', '5709', '8382', '01179707-6', 'AC'),
(2649, 'MIREYA MERCEDES', 'GONZALEZ  DE VALIENTE', '1476', '901', '1-1-081899', 'BJ'),
(2650, 'JOSE ILDEFONSO', 'GONZALEZ ESPINOZA ', '1861', '2106', '01-01-0389', 'AC'),
(2651, 'EMMA HAYDEE', 'GONZALEZ QUINTANILLA ', '2075', '3956', '01879634-8', 'AC'),
(2652, 'FRANCISCO MELVIN', 'GONZALEZ YANEZ ', '1953', '3824', '01727645-0', 'AC'),
(2653, 'JOSE RAUL', 'GONZALEZ VASQUEZ ', '577', '1405', '00322395-8', 'AC'),
(2654, 'VICTOR GUILLERMO', 'GONZALEZ MENENDEZ ', '578', '905', '01-01-1512', 'BJ'),
(2655, 'FRANCISCO ANTONIO', 'GONZALEZ ORELLANA ', '624', '1477', '00023064-7', 'BJ'),
(2656, 'JOSE GUILLERMO', 'GONZALEZ GARCIA ', '563', '1021', '01-01-0175', 'BJ'),
(2657, 'ANA MERCEDES', 'GONZALEZ  DE HERNANDEZ', '698', '2280', '02160226-5', 'AC'),
(2658, 'ANA LIGIA', 'GONZALEZ  DE LARREYNAGA', '802', '2987', '01250281-4', 'AC'),
(2659, 'MARIA TERESA', 'GONZALEZ BONILLA DE AVILA', '2562', '3766', '01-01-2493', 'AC'),
(2660, 'LUIS ERNESTO', 'GONZALEZ SANCHEZ ', '2396', '3454', '1-1-224320', 'AC'),
(2661, 'MARGARITA MARIA', 'GONZALEZ  DE JULIAN', '2358', '1095', '1-1-325688', 'BJ'),
(2662, 'JOSE ROBERTO', 'GONZALEZ RAMOS ', '2997', '4836', '01824943-0', 'AC'),
(2663, 'MIGUEL GUILLERMO', 'GONZALEZ RIVERA ', '4865', '9533', '02621085-1', 'AC'),
(2664, 'FRANCISCO ANTONIO', 'GONZALEZ  ', '4713', '6654', '02198441-3', 'AC'),
(2665, 'ZOILA ANGELICA', 'GONZALEZ VILLALOBOS ', '4519', '6142', '01-01-3576', 'AC'),
(2666, 'LUIS FRANCISCO', 'GONZALEZ MOLINA ', '4065', '4035', '1-3-060171', 'AC'),
(2667, 'WILLIAM ALEXANDER', 'GONZALEZ URIAS ', '3953', '6383', '00146875-6', 'AC'),
(2668, 'SANDRA YANIRA', 'GONZALEZ HERRERA ', '4271', '6926', '00835470-4', 'AC'),
(2669, 'ROBERTO CARLOS', 'GRACIAS CARRILLO ', '5219', '8533', '01517538-1', 'AC'),
(2670, 'ANA PATRICIA', 'GRANADOS  DE MONTOYA', '2898', '4365', '01695817-2', 'AC'),
(2671, 'FIDEL ERNESTO', 'GRANADOS ZALDAÑA ', '1870', '2772', '01607431-8', 'AC'),
(2672, 'ROSA IRMA', 'GRANADOS CHACON ', '1755', '2215', '02-01-0488', 'AC'),
(2673, 'ISABEL ', 'GRANADOS FLORES ', '5678', '8575', '01236713-3', 'AC'),
(2674, 'ANDREJULIO ', 'GREGORI MOREIRA ', '2267', '4200', '02449918-2', 'AC'),
(2675, 'LEONEL AUGUSTO', 'GRIJALVA MALDONADO ', '2208', '2343', '2-1-42872', 'AC'),
(2676, 'REBECA ELIZABETH', 'GUANDIQUE APLICANO DE ALONZO', '3718', '5597', '00787516-3', 'AC'),
(2677, 'MANUEL ANTONIO', 'GUANDIQUE MEJIA ', '630', '653', '01-01-0996', 'BJ'),
(2678, 'MELVIN ARMANDO', 'GUARDADO RAMOS ', '554', '729', '', 'BJ'),
(2679, 'SILVIA MERCEDES', 'GUARDADO  DE AMAYA', '70', '1361', '1-1-082026', 'AC'),
(2680, 'OSCAR ARTURO', 'GUARDADO ESCOBAR ', '3445', '5331', '1-1-001876', 'BJ'),
(2681, 'ENRIQUE ANGEL', 'GUARDADO RAMIREZ ', '3325', '2170', '07-01-0031', 'AC'),
(2682, 'MARTA LIDIA', 'GUARDADO  DE GUEVARA', '2450', '1114', '1-1-058141', 'BJ'),
(2683, 'MELVIN EMILIO ANTONIO', 'GUARDADO COREAS ', '5436', '8266', '01324374-8', 'AC'),
(2684, 'DAYSI MARIA', 'GUARDADO COREAS DE ALFONSO', '4577', '6730', '01-01-0516', 'AC'),
(2685, 'MAURICIO EDUARDO', 'GUARDADO RIVERA ', '5583', '13678', '02979049-4', 'AC'),
(2686, 'PATRICIA IVETTE', 'GUARDADO FLORES ', '5736', '7537', '01110335-8', 'AC'),
(2687, 'MIRNA LIZETH', 'GUATEMALA MARTINEZ ', '5073', '7947', '02178054-2', 'AC'),
(2688, 'MARIA SELMA', 'GUATEMALA ROSA DE DHEMING', '632', '2206', '01-01-2975', 'AC'),
(2689, 'MARIO ALBERTO', 'GUERETTA CASTILLO ', '2876', '711', '01-01--139', 'BJ'),
(2690, 'JOSE ROBERTO', 'GUERRA ACUÑA ', '3360', '3609', '2-1-032220', 'AC'),
(2691, 'MARIO RUBEN', 'GUERRA MORATAYA ', '3659', '5527', '01679095-6', 'AC'),
(2692, 'EMILIO ARNOLDO', 'GUERRA MARTINEZ ', '3798', '0', '04-01-0048', 'AC'),
(2693, 'JAIRO ROMEO', 'GUERRA ROMERO ', '5053', '11027', '01963969-6', 'AC'),
(2694, 'CARLOS ANDRES', 'GUERRA BOJORQUEZ ', '4422', '6029', '02321897-3', 'AC'),
(2695, 'ANA BELLY', 'GUERRA DEL CID ', '4728', '5185', '00497450-2', 'AC'),
(2696, 'FERNANDO MIGUEL', 'GUERRA DIAZ ', '607', '2835', '00655732-2', 'AC'),
(2697, 'ANGEL ', 'GUERRA SANDOVAL ', '553', '0', '', 'BJ'),
(2698, 'VICTOR ANTONIO', 'GUERRA RIVAS ', '544', '0', '', 'BJ'),
(2699, 'OSCAR ', 'GUERRERO FONTECHA ', '561', '0', '', 'BJ'),
(2700, 'JOSE JOAQUIN', 'GUERRERO GOMEZ ', '1820', '1166', '5-1-022323', 'BJ'),
(2701, 'LORENA PATRICIA', 'GUERRERO GARCIA ', '4418', '7372', '00204786-2', 'AC'),
(2702, 'ELENA MARIA', 'GUERRERO RUIZ ', '5284', '11724', '00415498-2', 'AC'),
(2703, 'MAURICIO ALONSO', 'GUERRERO ARIAS ', '3596', '5518', '01198665-9', 'AC'),
(2704, 'ANA TERESA', 'GUERRERO CELIS ', '2204', '3871', '00853135-6', 'AC'),
(2705, 'FRANCISCO ANTONIO', 'GUEVARA GARAY ', '2737', '2994', '00356335-8', 'AC'),
(2706, 'GLADIS CECILIA', 'GUEVARA TOBAR ', '2821', '4265', '04-01-0004', 'AC'),
(2707, 'SANTOS ', 'GUEVARA MONTES ', '3812', '3135', '00735285-6', 'AC'),
(2708, 'ROXANA CRISTINA', 'GUEVARA GARAY ', '5148', '7411', '00944451-0', 'AC'),
(2709, 'RAFAEL JEOVANNY', 'GUEVARA VANEGAS ', '4992', '10306', '0154686-5', 'AC'),
(2710, 'MARIA ELSA', 'GUEVARA  DE PUJOL', '1156', '3216', '09-10-0020', 'AC'),
(2711, 'JOSE LUIS', 'GUEVARA MASIS ', '572', '2149', '01558914-0', 'AC'),
(2712, 'MAURICIO ', 'GUEVARA PACHECO ', '573', '1113', '01503233-9', 'BJ'),
(2713, 'MIGUEL ANTONIO', 'GUIDOS SERRANO ', '531', '1015', '01-01-0066', 'BJ'),
(2714, 'HECTOR ANTONIO', 'GUIDOS RODRIGUEZ ', '1739', '2780', '6-1-013952', 'AC'),
(2715, 'ANTONIO ALEJANDRO', 'GUIDOS REYES ', '5031', '9701', '01207360-3', 'AC'),
(2716, 'JUAN ERNESTO', 'GUILLEN ESCALON ', '5087', '8112', '02669503-5', 'AC'),
(2717, 'HILSA BEATRIZ', 'GUILLEN VALLE DE HERNANDEZ', '5123', '9047', '02356333-6', 'AC'),
(2718, 'AMADA LIBERTAD', 'GUIROLA  DE ALONSO', '3415', '822', '1-1-000017', 'BJ'),
(2719, 'MARIO EDUARDO', 'GUIROLA MORALES ', '5612', '12647', '02194604-1', 'AC'),
(2720, 'JOSE LUIS', 'GURDIAN DE NUEDA ', '623', '293', '01-01-1394', 'BJ'),
(2721, 'GABRIEL DE JESUS', 'GUTIERREZ PERDOMO ', '615', '1065', '04-01-0152', 'BJ'),
(2722, 'RAUL ERNESTO', 'GUTIERREZ PALOMO ', '628', '3241', '01964769-9', 'AC'),
(2723, 'MARIA MILAGRO DEL ROSA', 'GUTIERREZ PALOMO ', '1723', '3312', '01-01-2174', 'AC'),
(2724, 'ROSA ABIGAIL', 'GUTIERREZ PADILLA ', '1781', '2866', '9539', 'AC'),
(2725, 'LILIAN ELIZABETH', 'GUTIERREZ GARCIA DE REYES', '3454', '4721', '1-3-000661', 'AC'),
(2726, 'ILIANA GERALDINE', 'GUTIERREZ  DE MARTICORENA', '3592', '5477', '01282437-1', 'AC'),
(2727, 'MARCOS ANTONIO', 'GUTIERREZ POSADA ', '3535', '5435', '00026320-0', 'AC'),
(2728, 'LOURDES MARIA', 'GUTIERREZ PALOMO DE MIRANDA', '3795', '5530', '02004698-7', 'AC'),
(2729, 'MARTHA DINORA', 'GUTIERREZ  DE QUINTANILLA', '3238', '4683', '13-01-0308', 'AC'),
(2730, 'PRISCILA ', 'GUTIERREZ MENJIVAR DE GUEVARA', '2370', '3794', '1-3-027716', 'AC'),
(2731, 'ANGELICA ', 'GUTIERREZ LOPEZ DE AGUILAR', '4779', '7701', '04007867-9', 'AC'),
(2732, 'JULIO ERNESTO', 'GUTIERREZ MAYORGA ', '4695', '6478', '00208453-9', 'AC'),
(2733, 'RAMON ERNESTO', 'GUTIERREZ GUTIERREZ ', '4343', '1267', '00954689-1', 'BJ'),
(2734, 'FRANCISCO AMADEO', 'GUZMAN CARBALLO ', '3907', '5963', '03-11-0007', 'AC'),
(2735, 'RENE EDUARDO', 'GUZMAN URRUTIA ', '4677', '8633', '02644684-2', 'AC'),
(2736, 'JUAN JOSE', 'GUZMAN TERAN ', '5103', '9708', '01199889-2', 'AC'),
(2737, 'EVELYN CAROLINA', 'GUZMAN CONTRERAS ', '5168', '9191', '01944352-4', 'AC'),
(2738, 'ANA ELISA', 'GUZMAN FLORES ', '3765', '4771', '00601777-0', 'AC'),
(2739, 'MANUEL OSCAR', 'GUZMAN SANCHEZ ', '2081', '2955', '00059347-7', 'AC'),
(2740, 'FRANCISCO LEOPOLDO', 'GUZMAN CADER ', '625', '846', '02173889-6', 'BJ'),
(2741, 'ROBERTO MAURICIO', 'GUZMAN ALVERGUE ', '631', '522', '00259764-7', 'BJ'),
(2742, 'JULIO CESAR', 'GUZMAN RUANO ', '538', '1154', '01-01-0748', 'BJ'),
(2743, 'JOSE VALENTIN', 'GUZMAN ESTRADA ', '550', '975', '00340730-8', 'BJ'),
(2744, 'JOSE LUIS', 'GUZMAN M. ', '549', '0', '', 'BJ'),
(2745, 'CARLOS NAGHIB', 'HASBUN HASBUN ', '678', '0', '', 'BJ'),
(2746, 'JUAN ANTONIO', 'HASBUN HERNANDEZ ', '652', '1044', '02090485-0', 'BJ'),
(2747, 'NASIF JUAN', 'HASBUN  ', '653', '0', '', 'BJ'),
(2748, 'MANUEL VICENTE', 'HENRIQUEZ BONILLA ', '654', '1037', '01428946-2', 'BJ'),
(2749, 'ENRICO ', 'HENRIQUEZ SANCHEZ ', '673', '646', '1-1-076313', 'BJ'),
(2750, 'MARTA VICTORIA CONCEPC', 'HENRIQUEZ PEREZ ', '674', '1595', '00589460-8', 'AC'),
(2751, 'EDGAR HUMBERTO', 'HENRIQUEZ ASCENCIO ', '684', '0', '', 'AC'),
(2752, 'PAULINO ', 'HENRIQUEZ TEJADA ', '688', '730', '1-1-130508', 'BJ'),
(2753, 'TERESA ESPERANZA', 'HENRIQUEZ VELASQUEZ ', '699', '2951', '1-18-01305', 'AC'),
(2754, 'DAVID ANTONIO', 'HENRIQUEZ ARRAZOLA ', '2097', '1212', '1-3-037631', 'BJ'),
(2755, 'CARLOS ATILIO', 'HENRIQUEZ CARRILLO ', '3699', '5345', '01-01-3033', 'AC'),
(2756, 'LEVI COSME', 'HENRIQUEZ ARGUETA ', '3607', '4730', '05-05-0101', 'AC'),
(2757, 'ALEJANDRO ALBERTO', 'HENRIQUEZ QUINTANILLA ', '2974', '3756', '02157859-7', 'AF'),
(2758, 'MARGARITA DEL ROSARIO', 'HENRIQUEZ MOLINA ', '4549', '6436', '00698922-8', 'AC'),
(2759, 'RUBEN DE JESUS', 'HERCULES MELGAR ', '5713', '8340', '02321715-5', 'AC'),
(2760, 'LUIS ALONSO', 'HERNANDEZ PERDOMO ', '5710', '9692', '02514765-7', 'AC'),
(2761, 'JESSICA ROSSEL', 'HERNANDEZ  ', '5683', '12531', '00642463-4', 'AC'),
(2762, 'JUAN CARLOS', 'HERNANDEZ GUINEA ', '5703', '11073', '00209497-4', 'AC'),
(2763, 'BERTA DOLORES', 'HERNANDEZ GUINEA ', '5701', '10090', '00667724-5', 'AC'),
(2764, 'HECTOR WERNER ANTONIO', 'HERNANDEZ GONZALEZ ', '5618', '12443', '01938473-8', 'AC'),
(2765, 'ANTONIO ALBERTO', 'HERNANDEZ REYES ', '5580', '11007', '01964024-9', 'AC'),
(2766, 'ANA YAMILETH', 'HERNANDEZ MARTINEZ ', '5578', '12122', '00602737-7', 'AC'),
(2767, 'RAUL ALEXANDER', 'HERNANDEZ NAJARRO ', '5547', '6517', '02016561-8', 'AC'),
(2768, 'MARIA JOSEFINA', 'HERNANDEZ  DE NOLASCO', '9008', '0', '', 'AC'),
(2769, 'JAIME ARTURO', 'HERNANDEZ GONZALEZ ', '4750', '7318', '02599194-1', 'AC'),
(2770, 'EDWIN ALBERTO', 'HERNANDEZ PINTO ', '4720', '9090', '02433023-1', 'AC'),
(2771, 'JULIA ELIZABETH', 'HERNANDEZ CHACON ', '3993', '6477', '2-1-000014', 'AC'),
(2772, 'ROSA AMERICA', 'HERNANDEZ REYES ', '4052', '0', '4-1-005978', 'AC'),
(2773, 'ESTER ELVIRA JEANETH', 'HERNANDEZ  DE ECHEGOYEN', '5462', '7663', '01680864-4', 'AC'),
(2774, 'LUIS ALONSO', 'HERNANDEZ MAGAÑA ', '5102', '8059', '02308769-9', 'AC'),
(2775, 'SALVADOR JOSE MAURICIO', 'HERNANDEZ PEREZ ', '5047', '10168', '01579708-6', 'AC'),
(2776, 'JOSE ENRIQUE', 'HERNANDEZ PEREZ ', '4822', '8556', '01579829-1', 'AC'),
(2777, 'ANGELA RUTH', 'HERNANDEZ CAMPOS ', '4789', '31145', '02080775-7', 'AC'),
(2778, 'ILIANA MARIA', 'HERNANDEZ GONZALEZ DE HERNANDEZ', '4949', '6600', '02434557-9', 'AC'),
(2779, 'MIRIAM PATRICIA', 'HERNANDEZ AGUIRRE ', '3389', '4195', '00051642-5', 'AC'),
(2780, 'FRANCISCO GUADALUPE', 'HERNANDEZ RENDEROS ', '3337', '4172', '02195279-1', 'AC'),
(2781, 'NEFTALI ', 'HERNANDEZ SANDOVAL ', '3307', '2468', '00124617-0', 'AC'),
(2782, 'HAYDEE REBECA', 'HERNANDEZ  DE FLORES', '3611', '4905', '02741224-4', 'AC'),
(2783, 'HILDA MARGARITA', 'HERNANDEZ FUENTES ', '3589', '5620', '01-01-3279', 'AC'),
(2784, 'HECTOR HUMBERTO', 'HERNANDEZ HERNADEZ ', '3577', '5344', '01226331-3', 'AC'),
(2785, 'EMILIA GUDELIA', 'HERNANDEZ LAZO ', '3823', '4686', '02425461-3', 'AC'),
(2786, 'PATRICIA GUADALUPE', 'HERNANDEZ GOMEZ ', '2372', '4010', '02425483-3', 'AC'),
(2787, 'FIDEL ANTONIO', 'HERNANDEZ  ', '2383', '4272', '02029632-0', 'AC'),
(2788, 'FERNANDO ALFREDO', 'HERNANDEZ RODRIGUEZ ', '2135', '4187', '01-01-1942', 'AC'),
(2789, 'IRMA MERCEDES', 'HERNANDEZ  DE MARQUINA', '2263', '1821', '01-01-0392', 'BJ'),
(2790, 'JOSE FRANCISCO', 'HERNANDEZ GARCIA ', '2746', '2698', '02741572-1', 'AC'),
(2791, 'MARCO TULIO', 'HERNANDEZ PINEDA ', '2605', '3546', '00481899-2', 'AC'),
(2792, 'CARLOS ALBERTO', 'HERNANDEZ HURTADO ', '2034', '2902', '00205997-4', 'AC'),
(2793, 'MARIO ALFREDO', 'HERNANDEZ GAVIDIA ', '1957', '3966', '00038805-0', 'BJ'),
(2794, 'IVETTE ESTHER', 'HERNANDEZ  DE RIVAS', '1832', '3751', '1-2-047250', 'AC'),
(2795, 'MARTHA CONSUELO', 'HERNANDEZ GONZALEZ ', '1756', '3313', '01-01-2009', 'AC'),
(2796, 'NELLY EMERY', 'HERNANDEZ  DE VALLE', '1503', '2067', '1-7-000000', 'BJ'),
(2797, 'DELMY DEL CARMEN', 'HERNANDEZ RIVAS DE RAMIREZ', '705', '3362', '01336138-4', 'AC'),
(2798, 'MARIO ALBERTO', 'HERNANDEZ VARGAS ', '706', '3203', '1-1-037142', 'AC'),
(2799, 'PORFIRIO DE JESUS', 'HERNANDEZ GUERRA ', '689', '0', '', 'BJ'),
(2800, 'FRANCISCO ', 'HERNANDEZ MARTINEZ ', '692', '1808', '00916206-1', 'BJ'),
(2801, 'JOSE JULIO  ALBERTO', 'HERNANDEZ HERNANDEZ ', '696', '2832', '1-2-020245', 'AC'),
(2802, 'ELSA ARELI', 'HERNANDEZ RIVAS ', '683', '1567', '00408283-4', 'AC'),
(2803, 'RAUL ALEX', 'HERNANDEZ ARAUJO ', '682', '852', '01451770-0', 'BJ'),
(2804, 'ANDRES REYNALDO', 'HERNANDEZ MORALES ', '671', '2296', '01492974-5', 'AC'),
(2805, 'JOSE ENRIQUE', 'HERNANDEZ PEREZ ', '650', '637', '', 'BJ'),
(2806, 'LUIS ALONSO', 'HERRERA FLORES ', '642', '0', '', 'AC'),
(2807, 'RAFAEL ', 'HERRERA RODRIGUEZ ', '644', '667', '04-01-0000', 'BJ'),
(2808, 'ENGELBERTO ', 'HERRERA RUBIO ', '669', '882', '1-1-000009', 'BJ'),
(2809, 'JUAN GILBERTO', 'HERRERA MONTALVO ', '662', '1066', '04-07-0153', 'BJ'),
(2810, 'ELMER ANTONIO', 'HERRERA VALDIVIESO ', '664', '1636', '00129549-6', 'BJ'),
(2811, 'HILDA ', 'HERRERA CASTANEDA ', '679', '0', '', 'BJ'),
(2812, 'EDGAR RAFAEL', 'HERRERA SEGURA ', '693', '2925', '01792727-1', 'AC'),
(2813, 'ULMA FERMINA', 'HERRERA TORRES ', '695', '1695', '01464724-6', 'AC'),
(2814, 'PEDRO RAFAEL', 'HERRERA AMAYA ', '1649', '2703', '1-1-161909', 'AC'),
(2815, 'PATRICIA JUDITH', 'HERRERA ALVAREZ DE VILLAFRANCO', '3382', '5123', '00499567-1', 'AC'),
(2816, 'CARLOS ERNESTO', 'HERRERA CABRERA ', '3216', '5147', '01223672-2', 'AC'),
(2817, 'ARCADIO FERNELIS', 'HERRERA RODRIGUEZ ', '4382', '5772', '000788189-', 'AC'),
(2818, 'CLAUDIA ITSMENIA', 'HERRERA COTO DE GOMEZ', '4584', '7144', '01899925-5', 'AC'),
(2819, 'WALTER JOHN', 'HERRERA RUCAJ ', '5505', '8277', '00950392-4', 'AC'),
(2820, 'CAMILO ERNESTO', 'HERRERA ORTIZ ', '5695', '8513', '01175159-1', 'AC'),
(2821, 'EDWAR ALEXANDER', 'HERRERA RODRIGUEZ ALFARO ', '3137', '5006', '00834257-9', 'AC'),
(2822, 'CESAR EDUARDO', 'HIDALGO BERRIOS ', '685', '1118', '00014147-4', 'BJ'),
(2823, 'GUILLERMO ', 'HIDALGO VEJAR ', '677', '571', '1-1-114978', 'BJ'),
(2824, 'LUIS GERARDO', 'HIDALGO FUNES ', '5645', '7063', '02336439-2', 'AC'),
(2825, 'LIDIA ESTELA', 'HOLMAN ALVARADO DE MARTINEZ', '2283', '3217', '01293051-2', 'AC'),
(2826, 'STANLEY MANUEL', 'HUETE VASQUEZ ', '2612', '113', '1-1-262681', 'AC'),
(2827, 'RAUL ROMEO', 'HUEZO MELARA ', '2518', '3556', '', 'BJ'),
(2828, 'OMAR IVAN', 'HUEZO SANCHEZ ', '3165', '4856', '02519482-4', 'AC'),
(2829, 'JUANA ISABEL', 'HUEZO VILLALTA DE GUARDADO', '4890', '8680', '01900801-5', 'AC'),
(2830, 'NATALI ESPERANZA', 'HUEZO PEREIRA DE ARANIVA', '5192', '11764', '01998915-6', 'AC'),
(2831, 'DAVID ', 'HUEZO SOSA ', '659', '1983', 'DUI 016019', 'BJ'),
(2832, 'MARCO ALBERTO', 'HUEZO TOLEDO ', '643', '1180', '01205077-8', 'BJ'),
(2833, 'CARLOS ANTONIO', 'HUEZO MONTOYA ', '640', '1755', '', 'AC'),
(2834, 'JORGE DAVID', 'HUEZO MARAVILLA ', '5514', '6650', '01752278-8', 'AC'),
(2835, 'ELLEN ROXANA', 'HUEZO CHEVEZ ', '5531', '11026', '01063372-4', 'AC'),
(2836, 'MARIA ELENA', 'HUEZO CORDOVA MAGAÑA DE CASTELAR', '374', '1696', '00571450-7', 'BJ'),
(2837, 'RICARDO ERNESTO', 'HURTADO NAVAS ', '4077', '5965', '01005234-2', 'AC'),
(2838, 'ALEJANDRO ', 'HURTARTE VIDAL ', '2493', '3238', '01706492-6', 'AC'),
(2839, 'OSCAR ANIBAL', 'IBA?EZ ANGULO ', '5665', '7100', '01109541-6', 'AC'),
(2840, 'FERNANDO ADOLFO', 'IBARRA PEÑA ', '4384', '6920', '01479331-4', 'AC'),
(2841, 'MANUEL MAURICIO', 'IBARRA IRAHETA ', '5465', '7431', '00701043-8', 'AC'),
(2842, 'AGUSTIN HUMBERTO', 'IBARRA CASTRO ', '715', '883', '11-02-0000', 'BJ'),
(2843, 'LILIANA MORELY', 'IGLESIAS  DE ESCOBAR', '4416', '7493', '1-1-291421', 'AC'),
(2844, 'IRIS INES', 'IGLESIAS MENDOZA ', '5602', '11168', '00912052-2', 'AC'),
(2845, 'CARLOS ALFREDO', 'INFANTE MEYER ', '717', '3372', '1-1-076345', 'AC'),
(2846, 'JOSE MIGUEL', 'INFANTOZZI BARON ', '708', '1929', '00192174-6', 'AC'),
(2847, 'MARIO FRANCISCO', 'INTERIANO SALGUERO ', '709', '659', '', 'BJ'),
(2848, 'KAREN ELIZABETH', 'INTERIANO TOBAR ', '3255', '5014', '02022989-4', 'AC'),
(2849, 'DIANA IVONNE', 'IRAHETA ROMERO DE GONZALEZ', '3858', '4007', '02293422-5', 'AC'),
(2850, 'XIOMARA LIZZETTE', 'IRAHETA LOPEZ DE GONZALEZ', '4552', '6941', '01863478-2', 'AC'),
(2851, 'BARBARO ADALBERTO', 'IRAHETA AMAYA ', '4063', '0', '01142661-7', 'AC'),
(2852, 'JUAN ULISES', 'IRAHETA QUEVEDO ', '713', '829', '01014164-6', 'BJ'),
(2853, 'VILMA JACQUELINE', 'IRAHETA ZAVALA ', '5549', '398', '01855111-2', 'AC'),
(2854, 'HERNAN ALFREDO', 'JACO HIDALGO ', '2920', '4654', '01-03-0642', 'AC'),
(2855, 'MARTHA RUTH', 'JAIME  DE DUARTE', '3234', '4214', '00079419-6', 'AC'),
(2856, 'ERWING ERNESTO', 'JAIME QUEZADA ', '2067', '4079', '01908162-3', 'AC'),
(2857, 'NELSON EDWIN', 'JAIMES HIDALGO ', '2461', '4009', '01411926-9', 'AF'),
(2858, 'SALVADOR CRUZ', 'JAIMES PEÑATE ', '2182', '419', '2-1-014083', 'BJ'),
(2859, 'JOSE DOUGLAS', 'JARQUIN GONZALEZ ', '720', '0', '', 'AC'),
(2860, 'ENMANUEL RICARDO', 'JARQUIN ROMERO ', '5643', '10495', '02477686-9', 'AC'),
(2861, 'ALICIA ESMERALDA', 'JIMENEZ  DE ORELLANA', '1060', '2175', '02149504-0', 'AC'),
(2862, 'ROSARIO EUGENIA', 'JIMENEZ  DE SACA', '1365', '1517', '', 'AC'),
(2863, 'WILFREDO ', 'JIMENEZ FLORES ', '3822', '5933', '02494799-9', 'AF'),
(2864, 'RICARDO ANTONIO', 'JOVEL MARROQUIN ', '3067', '3994', '01167572-9', 'AC'),
(2865, 'RUBEN GONZALO', 'JOVEL ALVARADO ', '2641', '2658', '00573116-9', 'AC'),
(2866, 'CARLOS ROBERTO', 'JOVEL ARANA ', '726', '847', '02114822-9', 'BJ'),
(2867, 'JUAN MIGUEL', 'JOVEL RAUDA ', '727', '0', '', 'BJ'),
(2868, 'NORMA LIZZY', 'JOVEL  DE AVILES', '43', '1835', '01999786-6', 'AC'),
(2869, 'MARIO ADOLFO', 'JUAREZ  ', '729', '1391', '0004220-4', 'AC'),
(2870, 'XIOMARA EMELY', 'JUAREZ MEMBREÑO ', '4427', '7474', '3-1-013179', 'AC'),
(2871, 'MARTHIN RENATO', 'JUAREZ RAMIREZ ', '5157', '7433', '01285499-4', 'AC'),
(2872, 'ANDY MARIA  ANTONIA', 'JUAREZ HENRIQUEZ DE LINARES', '5105', '11283', '00186353-2', 'AC'),
(2873, 'KARINA  LIZETH', 'JUAREZ CAÑAS ', '5727', '9602', '01047413-8', 'AC'),
(2874, 'OSCAR ARMANDO', 'JUBIS GOMEZ ', '730', '1699', '00413948-7', 'AC'),
(2875, 'RAFAEL ALFREDO', 'JULE MARTINEZ ', '2935', '3119', '00250451-3', 'AC'),
(2876, 'ROLANDO ELIAS', 'JULIAN GONZALEZ ', '4481', '6970', '00303735-7', 'AC'),
(2877, 'EDSON ALEXANDER', 'JURADO AGUILAR ', '4671', '6509', '01214166-8', 'AF'),
(2878, 'RODOLFO EDUARDO', 'KARRAA HERRADOR ', '2600', '0', '', 'BJ'),
(2879, 'JUAN GUILLERMO', 'KARRAA HERRADOR ', '2379', '3231', '02268593-1', 'AC'),
(2880, 'ADELA JEANNETTE', 'KLEE SALVADOR ', '1883', '3663', '01-01-2356', 'AC'),
(2881, 'WILLY ', 'KORN CAÑAS ', '3847', '4762', '01253794-0', 'AC'),
(2882, 'SAMUEL ANTONIO', 'LACAYO REYES ', '4189', '6939', '1-3-009085', 'AC'),
(2883, 'HJALMAR ', 'LAGUARDIA PINEDA ', '757', '0', '', 'BJ'),
(2884, 'CARLOS CRISTOBAL', 'LANDAVERDE AVELAR ', '1907', '2948', '9-4-000000', 'AC'),
(2885, 'MILAGRO DEL SOCORRO', 'LANGLOIS  DE CASTANEDA', '2776', '765', '00926210-4', 'BJ'),
(2886, 'RICARDO JOSE ANTONIO', 'LARA HERRERA ', '4341', '6400', '00937024-0', 'AC'),
(2887, 'GUILLERMO ENRIQUE', 'LARA DOMINGUEZ ', '4432', '7853', '00228644-0', 'AC'),
(2888, 'HECTOR GUILLERMO', 'LARA TORRES ', '1867', '1876', '02494475-5', 'AC'),
(2889, 'WALTER ORLANDO', 'LARA  ', '774', '1059', '02248201-6', 'BJ'),
(2890, 'MARTA ALICIA', 'LARIN LOPEZ ', '1762', '3009', '01615757-2', 'AC'),
(2891, 'RICARDO ALFREDO', 'LARIN GUERRERO ', '1978', '2240', '01944682-3', 'AC'),
(2892, 'ROLANDO ARTURO', 'LARIN LOVO ', '3518', '5391', '101803965-', 'AC'),
(2893, 'EXSAU ', 'LARIN MELARA ', '3418', '2059', '02712040-7', 'BJ'),
(2894, 'RAFAEL ', 'LARIOS MANZANO ', '783', '2304', '1-1-303056', 'AC'),
(2895, 'NATHALIE ELIZABETH', 'LARREINAGA ULLOA ', '5014', '8983', '01667300-7', 'AC'),
(2896, 'DOUGLAS LEONEL', 'LARREYNAGA SERRANO ', '780', '2364', '03-01-0164', 'AC'),
(2897, 'EURIDICE ', 'LARREYNAGA CALIX ', '752', '1501', '', 'AC'),
(2898, 'RODRIGO JAVIER', 'LARREYNAGA GONZALEZ ', '5615', '13045', '02670381-2', 'AC'),
(2899, 'LETICIA AMERICA', 'LAZO AGUILA ', '771', '0', '', 'BJ'),
(2900, 'REINALDO CONRADO', 'LAZO  ', '767', '442', '', 'BJ'),
(2901, 'SONIA ELINA', 'LAZO RUBIO DE MEDRANO', '933', '1660', '00611620-7', 'AC'),
(2902, 'SILVIA ', 'LAZO AVALOS DE LEIVA', '1997', '2583', '02512919-6', 'AC'),
(2903, 'ERNESTO ', 'LAZO AMAYA ', '1761', '1942', '01-02-0018', 'AC'),
(2904, 'MARIA ELENA', 'LAZO ZEPEDA ', '1714', '3105', '01171752-1', 'AC'),
(2905, 'MARTHA DE LOS ANGELES', 'LAZO  DE VASQUEZ', '2852', '4726', '01231909-1', 'AC'),
(2906, 'MIRNA ', 'LAZO HERNANDEZ ', '2511', '3779', '00847619-0', 'AC'),
(2907, 'RICARDO ALBERTO', 'LEAL VASQUEZ ', '2709', '3831', '01865967-7', 'AC'),
(2908, 'SANDRA DEL CARMEN', 'LEAL AQUINO ', '1854', '3239', '01376637-2', 'AC'),
(2909, 'SAMUEL HUMBERTO', 'LEIVA JOYA ', '1590', '2759', '1-1-142356', 'AC'),
(2910, 'OSCAR ALFREDO', 'LEIVA RODAS ', '777', '1379', '00994845-9', 'AC'),
(2911, 'RICARDO ALBERTO', 'LEIVA MERINO ', '786', '2100', '02511358-5', 'AC'),
(2912, 'RENE ANTONIO', 'LEIVA RODRIGUEZ ', '759', '0', '', 'BJ'),
(2913, 'LUZ ', 'LEIVA FUENTES ', '64', '0', '', 'BJ'),
(2914, 'OSCAR ANTONIO', 'LEIVA CUESTAS ', '2356', '2420', '01773263-4', 'AC'),
(2915, 'IRMA MAYELA', 'LEIVA GARCILAZO ', '3106', '4865', '03-01-0926', 'AC'),
(2916, 'REYNALDO VALDEMAR', 'LEMUS AVELAR ', '3038', '4513', '1-1-102846', 'AC'),
(2917, 'JUAN ANTONIO', 'LEMUS AVELAR ', '3039', '4377', '01118963-9', 'AC'),
(2918, 'RUBEN ERNESTO', 'LEMUS RODAS ', '3451', '3913', '3-2-000159', 'AC'),
(2919, 'JOSE EDGARDO', 'LEMUS CRESPIN ', '810', '0', '1-1-019891', 'AC'),
(2920, 'MARIO ENRIQUE', 'LETONA REYES ', '744', '966', '00606294-5', 'BJ'),
(2921, 'ALFREDO ALEJANDRO', 'LEVISOHN ANGELES ', '764', '0', '', 'BJ'),
(2922, 'MARIA MARTA', 'LEVISOHN ULLOA ', '3924', '4046', '01654475-3', 'AC'),
(2923, 'ALFREDO ERNESTO', 'LEVISONH ULLOA ', '3879', '4048', '01-01-2726', 'AC'),
(2924, 'JOSE MORYS WILFREDO', 'LIBORIO RODRIGUEZ ', '4291', '1973', '02061954-4', 'AC'),
(2925, 'MANUEL ABELARDO', 'LIMA MENENDEZ ', '746', '914', '01879679-6', 'BJ'),
(2926, 'MARIO SALVADOR', 'LINARES  ', '754', '1920', '03216088-6', 'AC'),
(2927, 'HECTOR ', 'LINARES CRUZ ', '766', '0', '', 'BJ'),
(2928, 'DANIEL DE JESUS', 'LINARES ZELAYA ', '772', '1892', '03-01-0168', 'AC'),
(2929, 'MARGARITA LEONOR', 'LINARES  DE CRUZ', '4392', '6901', '01-01-1228', 'AC'),
(2930, 'ANA CECILIA', 'LINARES MARTINEZ DE AQUINO', '3563', '5172', '21127268', 'AC'),
(2931, 'MELVIN WENCESLAO', 'LINARES SERRANO ', '5655', '10992', '14544943', 'AC'),
(2932, 'INGRID LISBETH', 'LIZAMA  DE HERNANDEZ', '4246', '7097', '02667130-8', 'AC'),
(2933, 'MIGUEL ARMANDO', 'LOPEZ GRANADOS ', '4213', '6878', '02421881-1', 'AC'),
(2934, 'RHINA ELIZABETH', 'LOPEZ  DE FUENTES', '4200', '5577', '00052439-7', 'AC'),
(2935, 'JOSE MARIO', 'LOPEZ SACA ', '4371', '7671', '01-01-3495', 'AC'),
(2936, 'OSCAR WILFREDO', 'LOPEZ BARILLAS ', '4404', '6175', '2287241', 'AC'),
(2937, 'CARLOS ANDRES', 'LOPEZ GUTIERREZ ', '4495', '7580', '00571769-4', 'AC'),
(2938, 'ROXANA EDITH', 'LOPEZ IRAHETA ', '4879', '10158', '12439825', 'AC'),
(2939, 'RONALD ALIRIO', 'LOPEZ FUENTES ', '5464', '7471', '01276127-2', 'AC'),
(2940, 'JENNY PATRICIA', 'LOPEZ RECINOS ', '5388', '11010', '01697736-2', 'AC'),
(2941, 'RAFAEL ANTONIO', 'LOPEZ RAMIREZ ', '3616', '5212', '04-03-0212', 'AC'),
(2942, 'TONIA RUTH', 'LOPEZ  DE VARELA', '3606', '5320', '02220549-8', 'AC'),
(2943, 'ROLANDO ROBERTO', 'LOPEZ AYALA ', '3089', '3401', '00731625-8', 'AC'),
(2944, 'ROSA GUADALUPE', 'LOPEZ AVILA ', '3299', '3743', '02064788-0', 'AC'),
(2945, 'ZOILA AMERICA', 'LOPEZ  DE RIVERA', '2359', '1804', '00409098-4', 'AC'),
(2946, 'SILVIA DINORAH', 'LOPEZ GALINDO ', '2430', '3791', '', 'AC'),
(2947, 'DORA EUGENIA', 'LOPEZ  DE HERNANDEZ', '2528', '2785', '00637877-8', 'AC'),
(2948, 'DELMA GUADALUPE', 'LOPEZ LINO DE SALAZAR', '775', '1643', '00374381-9', 'AC'),
(2949, 'SALVADOR ', 'LOPEZ HERNANDEZ ', '769', '1711', '01767203-8', 'AC'),
(2950, 'RODMAN EDUARDO', 'LOPEZ ARIAS ', '787', '1872', '01-01-3738', 'AC'),
(2951, 'JOSE JULIAN', 'LOPEZ RIVERA ', '790', '2881', '01584016-4', 'AC'),
(2952, 'TULIO SAUL', 'LOPEZ ANZORA ', '792', '3040', '02369423-4', 'AF'),
(2953, 'INES ', 'LOPEZ DREYFUS ', '784', '1055', '00559476-1', 'BJ'),
(2954, 'GLORIA ELIZABETH', 'LOPEZ  DE LEMUS', '809', '0', '8-5-004318', 'AC'),
(2955, 'FERNANDO MARCELINO', 'LOPEZ EGUIZABAL ', '797', '2661', '01002865-2', 'AC'),
(2956, 'MANUEL EFRAIN', 'LOPEZ SANCHEZ ', '763', '1572', '2-1-006692', 'BJ'),
(2957, 'RODOLFO ARTURO', 'LOPEZ ORELLANA ', '755', '1832', '01366790-0', 'AC'),
(2958, 'EMILIO ANTONIO', 'LOPEZ PARKER ', '748', '1130', '02242705-8', 'AC'),
(2959, 'JOSE FRANCISCO', 'LOPEZ BELTRAN ', '750', '0', '', 'BJ'),
(2960, 'OSCAR GERTRUDIS', 'LOPEZ FORTIS ', '743', '0', '', 'BJ'),
(2961, 'JUANA FIDELIA', 'LOPEZ MELARA DE CORTEZ', '323', '2153', '02043011-0', 'AC'),
(2962, 'DELMY ESTELA', 'LOPEZ RAMOS ', '1578', '2954', '1-18-01363', 'AC'),
(2963, 'MARIA MAGDALENA', 'LOPEZ PERAZA ', '1656', '3610', '00684097-9', 'AC'),
(2964, 'SIGFREDO OSWALDO', 'LOPEZ BERNAL ', '2025', '4075', '01535739-9', 'AC'),
(2965, 'JUANA GUADALUPE', 'LOVO  DE SANTAMARIA', '1423', '1886', '003409996-', 'AC'),
(2966, 'OSCAR MAURICIO', 'LOZANO VILLALOBOS ', '756', '1712', '01834500-8', 'AC'),
(2967, 'LENDSY SUSANA', 'LOZANO SOMOZA ', '5726', '12718', '01410682-6', 'AC'),
(2968, 'ARMANDO HERIBERTO', 'LUCHA PEREZ ', '765', '0', '', 'BJ'),
(2969, 'ARMANDO HERIBERTO', 'LUCHA CORNEJO ', '2988', '3905', '1-1-169063', 'AC'),
(2970, 'LETICIA  AMERICA DE LAS MERCEDES', 'LUNA LAZO DE RETANA', '4646', '5951', '01-01-3350', 'AC'),
(2971, 'TERESA ISABEL', 'LUNA BOZA ', '799', '851', '02324890-2', 'BJ'),
(2972, 'RAMIRO OCTAVIO', 'LUNA ARTIGA ', '794', '705', '5-1-019461', 'BJ'),
(2973, 'SALVADOR ENRIQUE', 'MACAL GUERRA ', '5564', '11634', '03107878-5', 'AC'),
(2974, 'CARLOS MOISES', 'MACALL MONTERROSA ', '934', '0', '01679112-2', 'AC'),
(2975, 'ALEJANDRO ', 'MACEDA CAMPOS ', '857', '707', '00362522-3', 'BJ'),
(2976, 'RHINA ROSIBEL', 'MACHUCA SOTO DE ORTIZ', '3644', '5503', '05-22-0057', 'AC'),
(2977, 'SILVIA DEL CARMEN', 'MACIAS MORENO ', '1606', '2778', '03-01-0777', 'AC'),
(2978, 'VERNON ', 'MADRIGAL CASTRO ', '865', '590', '04-01-0636', 'BJ'),
(2979, 'YALIXTZIN ', 'MADRIZ ESTURO ', '5078', '10723', '03556463-1', 'AF'),
(2980, 'JOSE OSCAR ORLANDO', 'MAESTRE MUGURUZA ', '867', '575', '1-1-000018', 'BJ'),
(2981, 'JOSE MAURICIO', 'MAESTRE MUGURUZA ', '885', '547', '01-01-0001', 'BJ'),
(2982, 'JOSE MAURICIO', 'MAGAÑA GOMEZ ', '891', '617', '00717359-5', 'BJ'),
(2983, 'RAUL ENRIQUE', 'MAGAÑA POLANCO ', '905', '1574', '00508000-5', 'AC'),
(2984, 'MANUEL ALVARO', 'MAGAÑA MORALES ', '913', '2328', '02220359-3', 'AC'),
(2985, 'SALVADOR ', 'MAGAÑA BENAVIDES ', '936', '0', '', 'AC'),
(2986, 'MARTA ALICIA', 'MAGAÑA  DE MERINO', '1019', '3110', '2-1-04240', 'AC'),
(2987, 'ANA MERCEDES', 'MAGAÑA PERAZA ', '4947', '7821', '00250417-3', 'AC'),
(2988, 'AUGUSTO ADALBERTO', 'MAGAÑA ARIAS ', '3417', '5061', '01529477-9', 'AC'),
(2989, 'IRMA DAYSI JEZABEL', 'MAGAÑA BERMUDEZ DE ABULLADARE', '2874', '4633', '00265930-0', 'AC'),
(2990, 'GUSTAVO ', 'MAGAÑA PALMA ', '2848', '4304', '01-01-3252', 'AC'),
(2991, 'ASTRID LORENA', 'MAGAÑA  DE OLANO', '2438', '3691', '02076987-8', 'AC'),
(2992, 'MARTA EUGENIA', 'MAGAÑA  DE OCHOA', '2366', '3704', '1-1-655524', 'AC'),
(2993, 'FREDY ALEXIS', 'MAJANO BARAHONA ', '989', '1740', '1-1-120350', 'AC'),
(2994, 'MIGUEL ROBERTO', 'MAJANO CARBALLO ', '850', '2487', '1-1-304428', 'AC'),
(2995, 'MILTON ERNESTO', 'MANZANO MORAN ', '2540', '3511', '01583090-7', 'AC'),
(2996, 'EVA ROXANA', 'MARAVILLA CHEVEZ ', '4243', '6072', '02571027-2', 'AC'),
(2997, 'MIRNA ESTELA', 'MARAVILLA ARGUETA ', '2018', '5509', '01-02-0638', 'AC'),
(2998, 'JOSE DANIEL', 'MARENCO ARDON ', '1006', '2936', '01476126-0', 'AC'),
(2999, 'BLANCA SILVIA', 'MARENCO  DE ACOSTA', '2279', '0', '', 'AC'),
(3000, 'GERMAN ', 'MARIÑAS SANTILLAN ', '940', '0', '', 'BJ'),
(3001, 'GERARDO ', 'MARIONA BAIRES ', '976', '560', '1-1-095851', 'BJ'),
(3002, 'GABRIELA MARIA', 'MARON ALFARO ', '4718', '7509', '02245408-9', 'AC'),
(3003, 'GLADIS ', 'MARQUEZ CAMPOS ', '843', '1663', '01801749-3', 'AC'),
(3004, 'MAURICIO EDILBERTO', 'MARQUINA SOLORZANO ', '2862', '1185', '02043501-3', 'BJ'),
(3005, 'ANA ELOISA', 'MARROQUIN VIANA ', '5337', '7569', '01978446-7', 'AC'),
(3006, 'GUILLERMO ANTONIO', 'MARROQUIN AGUILAR ', '5193', '8077', '02095327-3', 'AC'),
(3007, 'OVIDIO ROLANDO', 'MARROQUIN CASAMALHUAPA ', '863', '887', '01-01-0605', 'BJ'),
(3008, 'ELIO AUSBERTO', 'MARTELL HERNANDEZ ', '2423', '3964', '02948159-0', 'AC'),
(3009, 'DOUGLAS SALVADOR', 'MARTI PANAMEÑO ', '3065', '4854', '01462439-5', 'AC'),
(3010, 'JULIO ALBERTO', 'MARTI CANDRAY ', '4274', '5948', '01-01-1313', 'AC'),
(3011, 'ANA GUADALUPE', 'MARTINEZ  DE MARTINEZ', '4199', '6825', '0017670-2', 'AC'),
(3012, 'ANA GLORIBEL', 'MARTINEZ PEREZ DE HURTARTE', '4159', '3658', '00355095-7', 'AC'),
(3013, 'JOSE MARIO', 'MARTINEZ LARA ', '4175', '6827', '01160733-6', 'AC'),
(3014, 'MYNOR ULISES', 'MARTINEZ SOSA ', '4700', '8912', '00631111-6', 'AC'),
(3015, 'NESTOR OVIDIO', 'MARTINEZ BONILLA ', '4513', '8234', '00631837-0', 'AC'),
(3016, 'PRIMO ROBERTO', 'MARTINEZ CHAVARRIA ', '4505', '6124', '01217423-9', 'AC'),
(3017, 'IVANIA YASMIN', 'MARTINEZ NOVOA ', '4457', '5821', '0246093-3', 'AC'),
(3018, 'LUIS ALONSO', 'MARTINEZ CHAVEZ ', '5172', '9795', '00379047-6', 'AC'),
(3019, 'JOSE ALFREDO', 'MARTINEZ MARTINEZ ', '5140', '8699', '6352104', 'AC'),
(3020, 'JUAN JOSE', 'MARTINEZ VILLALOBOS ', '5353', '8705', '00665290-2', 'AC'),
(3021, 'OSCAR DANIEL', 'MARTINEZ FLORES ', '4882', '9810', '20404232', 'AC'),
(3022, 'EDITH MABEL', 'MARTINEZ  DE CARPIO', '3054', '3815', '01-01-0269', 'AC'),
(3023, 'EVELYN DELFINA', 'MARTINEZ  DE CALDERON', '2993', '3789', '00544259-0', 'AC'),
(3024, 'LUIS ERNESTO', 'MARTINEZ ROMERO ', '3265', '5027', '01-02-0618', 'AC'),
(3025, 'ANA VICTORIA', 'MARTINEZ PACHECO DE VASQUEZ', '3506', '4193', '3-2-000000', 'AC'),
(3026, 'HERIBERTO DE JESUS', 'MARTINEZ MARTINEZ ', '3705', '4459', '01025169-5', 'AC'),
(3027, 'ELMER RAFAEL', 'MARTINEZ AYALA ', '3882', '6042', '00170193-4', 'AC'),
(3028, 'GERMAN LUIS', 'MARTINEZ LEIVA ', '2453', '1649', '02081481-9', 'AC'),
(3029, 'LEONEL EDGARDO', 'MARTINEZ VILLACORTA ', '2335', '3265', '00356178-8', 'AC'),
(3030, 'ANGELA DEL REFUGIO', 'MARTINEZ  DE BAÑOS', '2311', '1345', '01401929-9', 'BJ'),
(3031, 'CARLOS ', 'MARTINEZ RODAS ', '2241', '1789', '00700065-3', 'AC'),
(3032, 'JOSE ALFONSO', 'MARTINEZ LAZO ', '2168', '2235', '01001247-3', 'AC'),
(3033, 'ODIR GAMALIEL', 'MARTINEZ RUBIO ', '2823', '4621', '01445414-8', 'AC'),
(3034, 'JOSE RICARDO', 'MARTINEZ RUANO ', '2807', '1369', '02156277-4', 'AC'),
(3035, 'RAFAEL ANTONIO', 'MARTINEZ CORTEZ ', '2735', '3178', '', 'AC'),
(3036, 'RAFAEL ANTONIO', 'MARTINEZ  ', '2770', '561', '1-3-000170', 'BJ'),
(3037, 'SARA ALICIA', 'MARTINEZ  DE OLIVARES', '2544', '4419', '01008893-7', 'AC'),
(3038, 'VILMA GUADALUPE', 'MARTINEZ MEDINA DE CLARA', '2656', '4375', '01-01-2786', 'AC'),
(3039, 'GUILLERMO ANTONIO', 'MARTINEZ MENDOZA ', '842', '1536', '02221143-1', 'AC'),
(3040, 'ALBERTO ', 'MARTINEZ PINEDA ', '838', '0', '', 'BJ'),
(3041, 'EDY ROSARIO', 'MARTINEZ  ', '841', '1635', '00013084-7', 'AC'),
(3042, 'LUIS GUILLERMO', 'MARTINEZ MEDINA ', '874', '828', '01804072-1', 'AC'),
(3043, 'RUBEN ', 'MARTINEZ NUILA ', '823', '0', '', 'BJ'),
(3044, 'CARLOS ERNESTO', 'MARTINEZ DIAZ ', '981', '2645', '00634953-3', 'BJ'),
(3045, 'CARLOS ROBERTO', 'MARTINEZ LOPEZ ', '961', '2613', '00731240-8', 'AC'),
(3046, 'LUIS GUILLERMO', 'MARTINEZ MARTIN ', '964', '0', '', 'BJ'),
(3047, 'EDUARDO ENRIQUE', 'MARTINEZ MELARA ', '965', '2917', '02268472-3', 'AC'),
(3048, 'JOSE RAFAEL', 'MARTINEZ ARGUETA ', '949', '2738', '02221451-0', 'AF'),
(3049, 'MARIO ESTANISLAO', 'MARTINEZ MARTINEZ ', '951', '1573', '01920379-6', 'AC'),
(3050, 'TOMAS WILFREDO', 'MARTINEZ LOZANO ', '929', '2377', '01520000-5', 'AC'),
(3051, 'ROBERTO ERNESTO', 'MARTINEZ GOMEZ ', '907', '0', '', 'BJ'),
(3052, 'VICTOR ARTURO', 'MARTINEZ MARTINEZ ', '900', '915', '02059208-5', 'BJ'),
(3053, 'JOSE MAURICIO', 'MARTINEZ CAMPOS ', '903', '1917', '00099379-0', 'AC'),
(3054, 'CELSO ISMAEL', 'MARTINEZ GARCILAZO ', '1009', '3359', '00898091-1', 'AC'),
(3055, 'BALMORE ', 'MARTINEZ ESCOBAR ', '1018', '1399', '01651071-2', 'AC'),
(3056, 'ANA BEATRIZ', 'MARTINEZ  DE QUINTANILLA', '1179', '3002', '1-1-023438', 'AC'),
(3057, 'RAUL ANTONIO', 'MARTINEZ HERNANDEZ ', '1923', '2691', '00954636-2', 'BJ'),
(3058, 'PEDRO HERNAN', 'MARTINEZ VASQUEZ ', '2038', '4090', '00297795-2', 'AC'),
(3059, 'SANDRA GUADALUPE', 'MARTINEZ RENDON ', '2046', '3951', '02169758-7', 'AC'),
(3060, 'OSCAR WENCESLAO', 'MARTINEZ CORTEZ ', '1769', '1064', '01611388-7', 'BJ'),
(3061, 'ALEXANDER ', 'MARTINEZ MELENDEZ ', '1627', '3446', '00441174-0', 'AC'),
(3062, 'YRMA GLADYS', 'MARTINEZ  DE SERRANO', '1752', '3104', '04-02-0009', 'AC'),
(3063, 'FABIAN RUFINO', 'MARTINEZ CARRERA ', '5640', '7570', '1375416-3', 'AC'),
(3064, 'WILFREDO ARMANDO', 'MARTINEZ ALDANA ', '5659', '13943', '22991633', 'AC'),
(3065, 'REBECA EMILIA', 'MASIS CASTRO DE MAYORGA', '5272', '7442', '00073700-5', 'AC'),
(3066, 'NORMA NELLY', 'MATA CRUZ ', '3384', '5124', '6-1-000004', 'AC'),
(3067, 'RENATO ARMANDO', 'MATAMOROS LOPEZ ', '828', '0', '', 'BJ'),
(3068, 'MARTA ', 'MATAMOROS  DE MATASOL', '835', '0', '', 'BJ'),
(3069, 'ROXANA MICHELLE', 'MATASOL MATAMOROS ', '4929', '10502', '01052095-5', 'AC'),
(3070, 'ANA VALERIA', 'MAYEN LAINEZ ', '5095', '7873', '01171756-3', 'AC'),
(3071, 'WALTER OMAR', 'MAYEN MORALES ', '4520', '5707', '00581619-7', 'AC'),
(3072, 'JOSE ISAIAS', 'MAYEN  ', '954', '0', '', 'BJ'),
(3073, 'CARLOS ', 'MAYORA ESCOBAR ', '880', '452', '1-1-058196', 'BJ'),
(3074, 'JOSE GUILLERMO', 'MAZA BRIZUELA ', '882', '1450', '01-01-0075', 'BJ'),
(3075, 'CARLOS ENRIQUE', 'MAZA MARTELLI ', '853', '1936', '02571288-4', 'AC'),
(3076, 'EFRAIN ', 'MAZA SICILIA ', '821', '0', '', 'BJ'),
(3077, 'JOSE ANTONIO', 'MAZA ESTRADA ', '908', '2277', '', 'AC'),
(3078, 'RAFAEL EDMUNDO', 'MAZA  ', '924', '2213', '02180305-7', 'BJ'),
(3079, 'SONIA ELIZABETH', 'MAZA  DE RIVERA', '1304', '2974', '1-1-044818', 'AC'),
(3080, 'ANGEL ', 'MEARDI GUEVARA ', '916', '1585', '', 'BJ'),
(3081, 'JOSE HERIBERTO', 'MEDINA HENRIQUEZ ', '820', '533', '4-7-000000', 'BJ'),
(3082, 'VIVIANA ELIZABETH', 'MEDINA ARIAS DE MORALES', '5042', '10746', '00439838-2', 'AC'),
(3083, 'ANA VILMA', 'MEDINA  DE BURGOS', '2940', '4764', '01-01-2212', 'AC'),
(3084, 'EDDY GUILLERMO', 'MEJIA QUINTANILLA ', '3202', '4930', '1-3-000008', 'AC'),
(3085, 'CELINA ELEONORA', 'MEJIA PORTILLO DE MELENDEZ', '2122', '3206', '01823087-1', 'AC'),
(3086, 'PEDRO ANTONIO', 'MEJIA RIVERA ', '2337', '3525', '01591606-2', 'AC'),
(3087, 'MARIO ALBERTO', 'MEJIA CUELLAR ', '5088', '11129', '00450751-7', 'AC'),
(3088, 'OSCAR ERNESTO DE JESUS', 'MEJIA HERNANDEZ ', '4827', '9785', '00088711-9', 'AC'),
(3089, 'CARLOS ERNESTO', 'MEJIA PONCE ', '5315', '7178', '01499320-7', 'AC'),
(3090, 'SILVIA ANETT', 'MEJIA RODRIGUEZ ', '4480', '6887', '00601432-4', 'AC'),
(3091, 'EDELIO EDUARDO', 'MEJIA GUARDADO ', '928', '2314', '', 'AC'),
(3092, 'CARLOS ENRIQUE', 'MEJIA PEÑA ', '896', '937', '', 'BJ'),
(3093, 'ANA LETICIA', 'MEJIA TORRES ', '939', '0', '01250261-0', 'BJ'),
(3094, 'MARIO HECTOR', 'MEJIA FIGUEROA ', '968', '2713', '01016339-7', 'AC'),
(3095, 'ANA VILMA', 'MEJIA GARCIA ', '1969', '3187', '00436011-9', 'BJ'),
(3096, 'MANUEL ULISES', 'MEJIA PEREZ ', '5667', '6292', '00235535-4', 'AC'),
(3097, 'JOHANNA LISSETTE', 'MEJIA PACHECO ', '5588', '11787', '02372307-5', 'AC'),
(3098, 'ARTURO ROMEO', 'MELARA MORAN ', '3994', '6296', '00090456-3', 'AC'),
(3099, 'WENDY PATRICIA', 'MELARA VAQUERO ', '4940', '9563', '01765925-0', 'AC'),
(3100, 'JOSE ANTONIO', 'MELARA LARA ', '3841', '4336', '01200993-9', 'AC'),
(3101, 'MICHOLL ', 'MELARA CASTILLO DE PALMA', '3717', '0', '', 'BJ'),
(3102, 'FRANCISCO ROBERTO', 'MELCHOR ARDON ', '963', '0', '', 'AC'),
(3103, 'LUIS ENRIQUE', 'MELENDEZ AVALOS ', '1771', '3672', '01-01-2659', 'AC'),
(3104, 'JULIO CESAR', 'MELENDEZ ARGUETA ', '1774', '3332', '788586-7', 'AC'),
(3105, 'OTTO IVAN', 'MELENDEZ RIVAS ', '1684', '3205', '02074389-8', 'AC'),
(3106, 'GLORIA CELINDA', 'MELENDEZ  DE MEJIA', '3833', '5811', '01073362-1', 'AC'),
(3107, 'ROXANA AMERICA', 'MELENDEZ ESPINOZA ', '3218', '5113', '01821832-4', 'AC'),
(3108, 'FERNANDO ARTURO', 'MELENDEZ PADILLA ', '3098', '4426', '10-01-0124', 'AC'),
(3109, 'CARLOTA EUGENIA', 'MELENDEZ FIGUEROA ', '5026', '10496', '00048232-5', 'AC'),
(3110, 'KARLA MARIA', 'MELENDEZ FIGUEROA DE PEREZ', '5220', '7967', '01041574-4', 'AC'),
(3111, 'JUAN CARLOS', 'MELENDEZ AGUIRRE ', '5611', '13081', '01155477-9', 'AC'),
(3112, 'ERIK LEONARDO', 'MELGAR SALAZAR ', '4975', '6319', '02210605-0', 'AC'),
(3113, 'MARITZA GUADALUPE', 'MELGAR NAVAS DE GUARDADO', '4476', '7485', '00192425-7', 'AC'),
(3114, 'HUMBERTO ALONSO', 'MELGAR COTO ', '2767', '2569', '02407858-8', 'AC'),
(3115, 'CARLOS ROLANDO', 'MELGAR MARTINEZ ', '888', '898', '00505143-8', 'BJ'),
(3116, 'JORGE ARTURO', 'MENA  ', '899', '0', '', 'BJ'),
(3117, 'JUAN RAMON', 'MENA GUERRA ', '970', '2245', '01960622-9', 'AC'),
(3118, 'CARMEN ', 'MENA SEGURA DE CARDENAS', '1895', '3449', '01335299-5', 'AC'),
(3119, 'LIDIA VICTORIA', 'MENA  DE STOEPPLER', '1395', '0', '', 'BJ'),
(3120, 'VIRGINIA TERESA', 'MENA  DE ROMERO', '1212', '628', '01778700-3', 'BJ'),
(3121, 'CARLOS ENRIQUE', 'MENA VASQUEZ ', '1012', '3322', '02144591-4', 'AC'),
(3122, 'RENE EDGARDO', 'MENA GUARDADO ', '2877', '4444', '02400889-2', 'AC'),
(3123, 'EMMANUEL JESUS SALVADOR', 'MENA MENDEZ ', '3789', '5615', '02-01-0301', 'AC'),
(3124, 'IVAN DIMITRY', 'MENA  ', '3471', '4557', '01-13-0107', 'AC'),
(3125, 'RONALD ERICK', 'MENA ALVARADO ', '4681', '6521', '02291301-7', 'AF'),
(3126, 'MARTA EVELYN', 'MENA MARQUEZ ', '5076', '7405', '16999301', 'AC'),
(3127, 'EDUARDO ERNESTO', 'MENA MALDONADO ', '4876', '8461', '7427693', 'AC'),
(3128, 'SANDRA CAROLINA', 'MENA UGARTE ', '5708', '11182', '01863581-9', 'AC'),
(3129, 'ADELA DEL CARMEN', 'MENDEZ CHICAS ', '5601', '6665', '01907889-0', 'AC'),
(3130, 'ALEXANDER ALBERTO', 'MENDEZ BARRIENTOS ', '5461', '8989', '00170852-0', 'AC'),
(3131, 'CARLOS ALBERTO', 'MENDEZ  ', '2968', '2647', '01865250-2', 'AC'),
(3132, 'ANA MIRIAN', 'MENDEZ HENRIQUEZ ', '3194', '4040', '00861793-2', 'AC'),
(3133, 'MARITZA DEL CARMEN', 'MENDEZ CAMPOS DE HUEZO', '2566', '3502', '01384383-1', 'AC'),
(3134, 'DANIEL RIGOBERTO', 'MENDEZ HERNANDEZ ', '909', '1300', '', 'BJ'),
(3135, 'LUIS EDMUNDO', 'MENDEZ AVALOS ', '932', '0', '01330226-7', 'BJ');
INSERT INTO `socio` (`socio_id`, `nombres`, `apellidos`, `codigo`, `jvpm`, `dui`, `estado`) VALUES
(3136, 'MERLO ANGEL', 'MENDEZ GENOVES ', '912', '1858', '02503499-3', 'AC'),
(3137, 'PEDRO JOSE', 'MENDOZA AGUILAR ', '894', '990', '00515235-8', 'BJ'),
(3138, 'JOSE ERNESTO', 'MENDOZA GUZMAN ', '938', '2408', '01879141-1', 'AC'),
(3139, 'JOSE ERNESTO', 'MENDOZA ORTIZ ', '816', '977', '01-01-0820', 'BJ'),
(3140, 'RICARDO SALVADOR', 'MENDOZA TOBAR ', '869', '0', '01342387-7', 'BJ'),
(3141, 'ANA ELIZABETH', 'MENDOZA  DE SANCHEZ', '2773', '3678', '1-7-021163', 'AC'),
(3142, 'FRANCISCO ANTONIO', 'MENDOZA  ', '3294', '4822', '03-01-0951', 'AC'),
(3143, 'MANUEL ANTONIO', 'MENDOZA RIVAS ', '3093', '4944', '00271872-2', 'AC'),
(3144, 'JENNY GUADALUPE', 'MENDOZA FUNES DE HENRIQUEZ', '3512', '5380', '00698555-9', 'AC'),
(3145, 'LUIS SANTIAGO', 'MENDOZA CALDERON ', '3740', '5401', '2254859-5', 'AC'),
(3146, 'KARINA ELIZABETH', 'MENDOZA REYES ', '5375', '9950', '00629630-8', 'AC'),
(3147, 'ROCIO GUADALUPE', 'MENDOZA RUBIO ', '4938', '9699', '00899096-6', 'AC'),
(3148, 'JOSE ALBERTO', 'MENDOZA GARCIA ', '4473', '6215', '03-01-0104', 'AC'),
(3149, 'ANA DEL TRANSITO', 'MENENDEZ ESCOBAR DE RAMIREZ', '4624', '6226', '01883506-1', 'AC'),
(3150, 'RAFAEL ', 'MENENDEZ MONTIEL ', '866', '1136', '00668230-5', 'BJ'),
(3151, 'GUSTAVO ALFREDO', 'MENENDEZ REYES ', '871', '1671', '08-01-0020', 'AC'),
(3152, 'GUILLERMO ', 'MENENDEZ CHAVARRIA ', '875', '0', '', 'AC'),
(3153, 'RAFAEL ANTONIO', 'MENENDEZ MINERVINI ', '877', '0', '', 'AC'),
(3154, 'ALVARO DE JESUS', 'MENENDEZ  ', '987', '2398', '1-1-071780', 'AC'),
(3155, 'CARLOS FRANCISCO', 'MENENDEZ VELADO ', '1717', '3272', '01923093-9', 'AC'),
(3156, 'MARIA EUGENIA', 'MENJIVAR CORTEZ DE RAMOS', '2084', '3348', '01-01-0332', 'AC'),
(3157, 'ZOILA AMINTA', 'MENJIVAR ESCALANTE ', '990', '1674', '01230835-9', 'AC'),
(3158, 'EDUARDO ADALBERTO', 'MENJIVAR GUERRA ', '887', '0', '', 'BJ'),
(3159, 'ANTONIO ', 'MENJIVAR TOBAR ', '876', '1624', '01200080-4', 'AC'),
(3160, 'JULIO RAFAEL', 'MENJIVAR RUBIO ', '879', '1068', '1-18-00126', 'BJ'),
(3161, 'ALEJANDRO AMERICO', 'MENJIVAR SANABRIA ', '840', '1509', '00042730-9', 'AC'),
(3162, 'XIOMARA KELLY', 'MENJIVAR RECINOS ', '3905', '4978', '01-01-2941', 'AC'),
(3163, 'NELSON ARTURO', 'MENJIVAR SARCO ', '4102', '5224', '00021657-0', 'AC'),
(3164, 'MANUEL DE JESUS', 'MENJIVAR MEJIA ', '3714', '3796', '00027934-0', 'AC'),
(3165, 'THELMA JEANNETTE', 'MENJIVAR COREAS ', '3838', '5894', '00806498-5', 'AC'),
(3166, 'LUIS EDUARDO', 'MENJIVAR MALDONADO ', '3534', '5422', '02050793-3', 'AC'),
(3167, 'ELVIA VIOLETA', 'MENJIVAR E. ', '3371', '2396', '01-01-0370', 'AC'),
(3168, 'OTILIA MARINA ELISA', 'MENJIVAR DE AROSTEGUI ', '5558', '7636', '00938283-1', 'AC'),
(3169, 'ZONIA MARIBEL', 'MERCADO BATRES DE MAGA?A', '935', '0', '', 'AC'),
(3170, 'JORGE ALBERTO', 'MERINO MARTINEZ ', '943', '2332', '', 'AC'),
(3171, 'CONCEPCION VICTORIA', 'MERINO AVALOS ', '2152', '3087', '01-01-1229', 'AC'),
(3172, 'MIGUEL ANGEL', 'MERINO ARAUJO ', '4009', '5828', '02579939-9', 'AC'),
(3173, 'TIRZA LISSETTE', 'MERINO GOMEZ ', '4255', '5239', '02446101-6', 'AC'),
(3174, 'RICARDO ADALBERTO', 'MERLOS CRUZ ', '969', '2013', '1-1-202523', 'AC'),
(3175, 'ROBERTO MAURICIO', 'MERLOS CRUZ ', '870', '1022', '00974820-7', 'BJ'),
(3176, 'RENE CONSTANTINO', 'MEZA SANDOVAL ', '955', '0', '', 'BJ'),
(3177, 'PATRICIA CAROLINA', 'MILIAN ESTUPINIAN ', '1764', '3793', '00758643-9', 'AC'),
(3178, 'CARLOS ERNESTO', 'MINA BONILLA ', '1618', '3710', '01-01-0628', 'AC'),
(3179, 'JORGE MAURICIO', 'MINERO DOMINGUEZ ', '2105', '4170', '08-01-0020', 'AC'),
(3180, 'ARTURO ARMANDO', 'MINERO SANDOVAL ', '941', '1855', '00846323-6', 'AC'),
(3181, 'FERNANDO ERNESTO', 'MINERVINI GRANADOS ', '1835', '955', '02468762-0', 'BJ'),
(3182, 'MARIO HUMBERTO', 'MINERVINI MARIN ', '5255', '5715', '39470401-3', 'AC'),
(3183, 'WANDEE CAROLINA', 'MIRA MARTINEZ ', '5287', '7546', '01328645-3', 'AC'),
(3184, 'AUDELIN MELITON', 'MIRA BURGOS ', '5389', '4483', '02507115-7', 'AC'),
(3185, 'NELSON ISAIS', 'MIRANDA MORATAYA ', '4823', '6435', '01439147-1', 'AC'),
(3186, 'JOSE DALTON', 'MIRANDA  ', '4288', '7342', '01591643-6', 'AC'),
(3187, 'GILDA MAYELA', 'MIRANDA POOL DE NOYOLA', '4029', '0', '29149', 'AC'),
(3188, 'CARLOS ALBERTO', 'MIRANDA MORALES ', '4140', '6458', '01273674-8', 'AC'),
(3189, 'SONIA DEL CARMEN', 'MIRANDA GANUZA ', '2319', '3699', '1184848', 'AC'),
(3190, 'RICARDO SALVADOR', 'MIRANDA LOPEZ ', '3556', '1108', '01-03-0021', 'BJ'),
(3191, 'SERGIO ALBERTO', 'MIRANDA ZOMETA ', '2032', '3518', '00586040-5', 'AC'),
(3192, 'FRANCISCO EDUARDO', 'MIRANDA CARBALLO ', '984', '3085', '7-1-002756', 'AC'),
(3193, 'SALVADOR ', 'MIXCO PINTO ', '859', '16', '', 'BJ'),
(3194, 'RENE MAURICIO', 'MOLINA URRUTIA ', '851', '818', '1-1-076967', 'BJ'),
(3195, 'FABIO ', 'MOLINA VAQUERANO ', '937', '1685', '', 'BJ'),
(3196, 'FRANCISCO LORENZO', 'MOLINA SOLANO ', '923', '2257', '01301641-8', 'AC'),
(3197, 'DIOGENES ', 'MOLINA ALFARO ', '922', '1396', '', 'BJ'),
(3198, 'SONIA MABEL', 'MOLINA  DE GUZMAN', '610', '2290', '', 'AC'),
(3199, 'SARA DE JESUS', 'MOLINA  DE CHAVEZ', '220', '1736', '00020096-9', 'AC'),
(3200, 'RAFAEL ARISTIDES', 'MOLINA MARTINEZ ', '2111', '4034', '0223 2539-', 'AC'),
(3201, 'ALEXANDER ', 'MOLINA MARTINEZ ', '1010', '3146', '00628805-4', 'BJ'),
(3202, 'HILDA LIZZETTE', 'MOLINA GARCIA DE SEQUEIRA', '3729', '5649', '04-01-0489', 'AC'),
(3203, 'OLGA FIDELINA', 'MOLINA ARAYA ', '3074', '4418', '88', 'AC'),
(3204, 'GERARDO LEOPOLDO', 'MOLINA LARA ', '4194', '6462', '01001178-6', 'AC'),
(3205, 'FREDIS EULALIO', 'MOLINA  ', '5049', '7420', '01455999-8', 'AC'),
(3206, 'KATYA BERENICE', 'MOLINA SANCHEZ ', '5346', '12551', '00876010-9', 'AC'),
(3207, 'ANA CECILIA', 'MOLINA MUNGUIA ', '5512', '6918', '00969343-6', 'AC'),
(3208, 'XENNIA LISSETTE', 'MOLINA  DE ALBERTO', '5481', '7469', '02052159-7', 'AC'),
(3209, 'ROBERTO CARLOS', 'MONCADA ESCOBAR ', '5630', '10236', '01822362-0', 'AC'),
(3210, 'SANDRA PATRICIA', 'MONGE  ', '5372', '6448', '01686818-1', 'AC'),
(3211, 'FRANKLIN EMMANUEL', 'MONICO PORTILLO ', '930', '1034', '02071233-4', 'BJ'),
(3212, 'JORGE ALBERTO', 'MONROY VALENCIA ', '973', '2757', '02375861-4', 'AC'),
(3213, 'ROSANA LISSETH', 'MONROY LOYO DE MORAN', '4458', '8120', '03915775-3', 'AC'),
(3214, 'CAROLINA EVELYN', 'MONTALVO AGUILAR DE MONTENEGRO', '3733', '4806', '01241857-8', 'AC'),
(3215, 'SALVADOR GUILLERMO', 'MONTALVO VALENZUELA ', '3404', '5265', '1-3-000008', 'BJ'),
(3216, 'FRANCISCO ANTONIO', 'MONTALVO MUÑOZ ', '856', '2050', '01-01-0056', 'AC'),
(3217, 'PEDRO NAPOLEON', 'MONTALVO MARTINEZ ', '825', '1716', '00243456-4', 'BJ'),
(3218, 'LUIS ADOLFO', 'MONTANO MENDEZ ', '2141', '2139', '01-01-3285', 'AC'),
(3219, 'JOSE LUIS', 'MONTENEGRO QUINTEROS ', '2515', '4369', '01656534-3', 'AC'),
(3220, 'JUAN CARLOS', 'MONTERROSA PASHACA ', '4232', '4770', '01639836-7', 'AC'),
(3221, 'DAYSI WESTFALIA', 'MONTERROSA  DE CABALLLERO', '286', '1049', '00542897-8', 'BJ'),
(3222, 'ALMA ROSA', 'MONTERROSA VASQUEZ ', '1020', '2118', '1-2-002678', 'AC'),
(3223, 'MARIO ', 'MONTES LEMUS ', '1680', '1253', '00889013-2', 'BJ'),
(3224, 'JOSE ADAN', 'MONTES FIGUEROA ', '959', '1048', '0101--4-7-', 'BJ'),
(3225, 'JULIO CESAR', 'MONTES BRITO ', '5426', '8553', '01435985-1', 'AC'),
(3226, 'MARIO ALBERTO', 'MONTES GUTIERREZ ', '5061', '7809', '00887431-4', 'AC'),
(3227, 'ELISA ARGENTINA', 'MONTESINO GIRALT ', '3605', '4855', '01557490-9', 'AC'),
(3228, 'NELSON ARMANDO', 'MONTOYA  ', '5066', '11135', '01181360-2', 'AC'),
(3229, 'MARIO ARNOLDO', 'MONTOYA VILLACORTA ', '4386', '7013', '02493154-0', 'AC'),
(3230, 'ROBERTO EDUARDO', 'MONTOYA ARGUELLO ', '858', '1052', '00233754-2', 'BJ'),
(3231, 'JUAN CARLOS', 'MONTOYA VASQUEZ ', '2022', '3993', '01235572-0', 'AC'),
(3232, 'RUBEN ANTONIO', 'MONTUFAR GUARDADO ', '4712', '5720', '28445672', 'AC'),
(3233, 'LUIS ALBERTO', 'MORA LOPEZ ', '5141', '8644', '17982174', 'AC'),
(3234, 'HUGO ALBERTO', 'MORA ANDRADE ', '3888', '6192', '1-1-000031', 'AC'),
(3235, 'JOSE RAFAEL', 'MORA AYALA ', '986', '1096', '01850707-4', 'BJ'),
(3236, 'DORIS ELENA', 'MORALES MENENDEZ DE MONICO', '854', '1930', '04-01-0059', 'AC'),
(3237, 'ALMA ELIZABETH', 'MORALES RODRIGUEZ DE GUIROLA', '582', '2501', '00569515-1', 'AC'),
(3238, 'JOSE MANUEL', 'MORALES GUERRA ', '1653', '2318', '02556331-6', 'BJ'),
(3239, 'MARIO ANTONIO', 'MORALES VELADO ', '1751', '1423', '01246023-2', 'AC'),
(3240, 'LUIS RODOLFO', 'MORALES CHOTO ', '1014', '3279', '1-1-244037', 'AC'),
(3241, 'JOSE MAURICIO', 'MORALES MAJANO ', '1017', '3045', '12-2-00130', 'AC'),
(3242, 'ANA LILIAN', 'MORALES  DE NOLASCO', '1042', '1799', '00774952-4', 'AC'),
(3243, 'DELMA ANGELINA', 'MORALES ROMERO DE MONTALVO', '3465', '4084', '02322693-4', 'AC'),
(3244, 'GENOVEVA DE JESUS', 'MORALES  ', '3233', '2211', '00108978-0', 'AC'),
(3245, 'PATRICIA BERNADETTE', 'MORALES HERNANDEZ ', '5217', '7112', '01305044-6', 'AC'),
(3246, 'ALFREDO PEDRO', 'MORALES BERNAL ', '5233', '7813', '02473617-8', 'AC'),
(3247, 'CLAUDIA PATRICIA', 'MORALES  DE LUNA', '5460', '5977', '01369949-4', 'AC'),
(3248, 'MARTA LIZZETTE', 'MORALES CRUZ ', '5448', '7203', '02281886-9', 'AC'),
(3249, 'JOSE ALBERTO', 'MORALES GONZALEZ ', '4825', '7834', '00019963-9', 'AC'),
(3250, 'RAFAEL EDUARDO', 'MORALES RODRIGUEZ ', '4812', '9520', '01601919-8', 'AC'),
(3251, 'GUADALUPE ', 'MORALES ORELLANA ', '4597', '5986', '1-4-015079', 'AC'),
(3252, 'JOSEFINA ARMIDA', 'MORALES  DE MONTERROSA', '4231', '5267', '01639774-0', 'AC'),
(3253, 'LESLIE DEL CARMEN', 'MORAN CRUZ DE MOLINA', '5131', '7111', '01764775-8', 'AC'),
(3254, 'JORGE ANDRES', 'MORAN COLATO ', '1580', '3566', '01-01-1285', 'AC'),
(3255, 'ERNESTO ', 'MORAN CACERES ', '958', '0', '', 'BJ'),
(3256, 'JAIME MARIANO', 'MORAN MACHUCA ', '5666', '9566', '00382409-7', 'AC'),
(3257, 'ATILIO ', 'MORATAYA ESTRADA ', '918', '2289', '00706541-7', 'AC'),
(3258, 'HECTOR EDUARDO', 'MOREIRA NAVARRO ', '5020', '6869', '197730625', 'AC'),
(3259, 'PATRICIA CAROLINA', 'MOREIRA NAVARRETE DE SILVA', '5416', '11702', '03240042-2', 'AC'),
(3260, 'HEIDI ASTRID', 'MORENO FUNES ', '5455', '12744', '02497677-8', 'AC'),
(3261, 'MARIO ERNESTO', 'MORENO RETANA ', '2330', '3970', '', 'AC'),
(3262, 'MARIO ARTURO', 'MORENO RIVAS ', '917', '0', '00340622-1', 'AC'),
(3263, 'ARMANDO ', 'MORENO ORTIZ ', '895', '0', '', 'BJ'),
(3264, 'GLORIA ANGELICA', 'MORENO ROLDAN ', '960', '0', '', 'AC'),
(3265, 'JOSE MIGUEL', 'MORENO REYES ', '1002', '2565', '00681232-4', 'AC'),
(3266, 'ROSA MIRIAN', 'MOTO  DE GALAN', '3043', '4564', '02053024-5', 'AC'),
(3267, 'MANUEL DE JESUS', 'MUÑOZ  ', '2991', '770', '1-3-026312', 'BJ'),
(3268, 'SANDRA CORINA', 'MUÑOZ NAVAS ', '4571', '7739', '01211059-4', 'AF'),
(3269, 'JOSE CARLOS', 'MUÑOZ CAMPOS ', '831', '740', '00490519-7', 'BJ'),
(3270, 'JOSE MARIO', 'MURCIA JOVEL ', '4805', '9992', '00645650-0', 'AC'),
(3271, 'MARIO NICOLAS', 'MURILLO GUTIERREZ ', '889', '417', '', 'BJ'),
(3272, 'LEONOR ISABEL', 'MURILLO  DE LINARES', '760', '737', '01-01-0628', 'BJ'),
(3273, 'ENRIQUE ', 'MUYSHONDT CONTRERAS ', '956', '0', '', 'BJ'),
(3274, 'RONALD CRISTIAN', 'NAJARRO ZALDA?A ', '5405', '8074', '02356383-1', 'AC'),
(3275, 'ANA ISABEL', 'NARANJO TOBAR ', '183', '1144', '00410765-0', 'BJ'),
(3276, 'SANDRA ELIZABETH', 'NARVAEZ  ', '4345', '2758', '00982890-0', 'AC'),
(3277, 'LISETTE MARGARITA', 'NASSER HASFURA DE JUAREZ', '2683', '4503', '01081960-5', 'AC'),
(3278, 'GUILLERMO SALVADOR', 'NAVARRETE GUTIERREZ ', '4956', '0', '00003502-1', 'AC'),
(3279, 'ENRIQUE GUILLERMO', 'NAVARRETE AZURDIA ', '1026', '757', '', 'BJ'),
(3280, 'VICENTE ARMANDO', 'NAVARRETE GONZALEZ ', '1040', '400', '00173044-6', 'BJ'),
(3281, 'JOSE ERNESTO', 'NAVARRO MARIN ', '1036', '782', '04-01-0101', 'BJ'),
(3282, 'OSCAR WILBERTO', 'NAVARRO CRUZ ', '4847', '9484', '02488359-3', 'AC'),
(3283, 'JULIO ENRIQUE', 'NAVARRO FAJARDO ', '2400', '2730', '00079760-7', 'AC'),
(3284, 'FLOR DE MARIA', 'NAVAS  DE CAMPOS', '3416', '5276', '1-10-00001', 'AC'),
(3285, 'LUIS ALFREDO', 'NAVAS MARTINEZ ', '1033', '0', 'DUI 026981', 'BJ'),
(3286, 'MANUEL EDGARDO', 'NAVAS DEGRACIA ', '1584', '1533', '01617483-3', 'AC'),
(3287, 'BEATRIZ DE LA PAZ', 'NAVIDAD ORELLANA ', '4405', '7218', '00148372-2', 'AC'),
(3288, 'JUAN CARLOS', 'NAVIDAD ORELLANA ', '4406', '6467', '1-4-009175', 'AC'),
(3289, 'LORENA ESTELA', 'NIETO AVENDA?O ', '5373', '10328', '00264014-9', 'AC'),
(3290, 'ANA ISABEL', 'NIETO GOMEZ ', '1030', '2786', '01506489-9', 'AC'),
(3291, 'ALFREDO BENJAMIN', 'NOYOLA CEA ', '3195', '2694', '1-1-000026', 'AC'),
(3292, 'BLANCA EUGENIA', 'NUILA  ', '1028', '1990', '00490822-6', 'AC'),
(3293, 'ERNESTO ', 'NUÑEZ  ', '1034', '0', '', 'BJ'),
(3294, 'ANA VILMA', 'NUÑEZ CALDERON DE PEÑA', '2178', '3053', '1-3-006316', 'AC'),
(3295, 'LEYLA MARY', 'NUÑEZ PALACIOS ', '4835', '9653', '02609656-6', 'AC'),
(3296, 'GENOVEVA ANGELICA', 'OCHOA  DE PALOMO', '2252', '3617', '01656730-3', 'AC'),
(3297, 'JUAN ANTONIO', 'OCHOA CORDOVA ', '1047', '1474', '01262392-9', 'BJ'),
(3298, 'NORA MORENA', 'OCHOA  DE VILLALTA', '1492', '0', '', 'AC'),
(3299, 'OSCAR RENE', 'OLANO NOYOLA ', '1710', '3115', '02108306-3', 'AC'),
(3300, 'RAUL ', 'OLANO RODRIGUEZ ', '1061', '1837', '00126731-2', 'BJ'),
(3301, 'LUISA MIRIAM', 'OLIVA  DE NAVARRETE', '1037', '756', '', 'BJ'),
(3302, 'CLAYRE ELIZABETH', 'OLIVA DURAN ', '4301', '2597', '', 'AC'),
(3303, 'DANIEL ANTONIO', 'OLIVARES  ', '1056', '0', '', 'BJ'),
(3304, 'RICARDO EMMANUEL', 'OLMEDO BARATTA ', '1052', '1100', '00277015-6', 'BJ'),
(3305, 'RICARDO ERNESTO', 'OLMEDO SANCHEZ ', '4560', '7081', '01945342-2', 'AC'),
(3306, 'REN? FABRICIO', 'ORANTES HERNANDEZ ', '4522', '3769', '00364432-4', 'AC'),
(3307, 'FRANCISCO IVAN', 'ORDOÑEZ BARQUERO ', '1045', '1268', '01-01-2497', 'BJ'),
(3308, 'SANTIAGO ANTONIO', 'ORELLANA REYES ', '1043', '1158', '00344589-3', 'BJ'),
(3309, 'ORLANDO ', 'ORELLANA DIAZ ', '1050', '1553', '061678510-', 'BJ'),
(3310, 'JOAQUIN ', 'ORELLANA CORTEZ ', '1062', '2650', '00281026-5', 'BJ'),
(3311, 'CARLOS ANTONIO', 'ORELLANA EGUIZABAL ', '1065', '2137', '', 'AC'),
(3312, 'ALFREDO ', 'ORELLANA ORELLANA ', '1619', '1852', '4-2-005894', 'AC'),
(3313, 'JUAN ALFREDO', 'ORELLANA RUBIO ', '4439', '7427', '1-1-099608', 'AC'),
(3314, 'EFRAIN DE JESUS', 'ORELLANA RUBIO ', '4616', '7290', '01-01-3290', 'AC'),
(3315, 'CARLOS ENRIQUE ALBERTO', 'ORELLANA JIMENEZ ', '4689', '5418', '02814748-6', 'AC'),
(3316, 'SONIA DELMY', 'ORELLANA LARREYNAGA ', '4241', '7014', '02224821-8', 'AC'),
(3317, 'ALAN ENRIQUE', 'ORELLANA CALDERON ', '4210', '6963', '01-01-3397', 'AC'),
(3318, 'CARMEN AIDA', 'ORELLANA MARTINEZ ', '4780', '9504', '02904312-2', 'AC'),
(3319, 'RAFAEL EDUARDO', 'ORELLANA MARTINEZ ', '5424', '7221', '01445859-0', 'AC'),
(3320, 'GIANNINA MARGARITA', 'ORELLANA  DE BICHARA', '2203', '4242', '01334506-1', 'AC'),
(3321, 'FEDERICO ANTONIO', 'ORELLANA ARTEAGA ', '2326', '4111', '1-3-020702', 'AC'),
(3322, 'EDGAR ROLANDO', 'ORELLANA BENAVIDES ', '2799', '4655', '02149791-1', 'AC'),
(3323, 'ROSA MARIA', 'ORELLANA PINEDA ', '3174', '4433', '1-1-000027', 'AC'),
(3324, 'RENAN ALCIDES', 'ORELLANA CALDERON ', '3621', '5582', '04655137-4', 'AC'),
(3325, 'ANA KARINA', 'ORELLANA   DE RAMIREZ', '5715', '10004', '02497646-9', 'AC'),
(3326, 'PATRICIA GUADALUPE', 'ORELLANA MORALES ', '5570', '10511', '02451846-5', 'AC'),
(3327, 'JOEL OSWALDO', 'ORTEGA ESTRADA ', '4218', '5458', '03458580-4', 'AC'),
(3328, 'MANUEL ERNESTO', 'ORTIZ MERCADO ', '4276', '6746', '01521737-9', 'AC'),
(3329, 'OSCAR VICENTE', 'ORTIZ HENRIQUEZ ', '3963', '5609', '01512960-7', 'AC'),
(3330, 'CANDIDO OMAR', 'ORTIZ VASQUEZ ', '5339', '7404', '198721349', 'AC'),
(3331, 'GUILLERMO ANTONIO', 'ORTIZ AVENDAÑO ', '5248', '5504', '01709864-0', 'AC'),
(3332, 'CARLOS ALBERTO', 'ORTIZ ESCOBAR ', '3604', '4964', '01113524-0', 'AC'),
(3333, 'CARLOS MIGUEL', 'ORTIZ ZEPEDA ', '1748', '2357', '01-04-0384', 'AC'),
(3334, 'JOSE EDUARDO', 'ORTIZ  ', '1055', '0', '', 'BJ'),
(3335, 'ANA PAULA', 'ORTIZ BENITEZ ', '1057', '945', '', 'BJ'),
(3336, 'JOSE RICARDO', 'OSEGUEDA ORTEGA ', '1051', '1774', '01223234-6', 'AC'),
(3337, 'JULIO ALFREDO', 'OSEGUEDA BAIRES ', '1070', '1882', '00376136-2', 'AC'),
(3338, 'ETHEL MARGARITA', 'OSEGUEDA MEARDI DE ZELEDON', '5265', '10344', '01337877-1', 'AC'),
(3339, 'DAVID MAURICIO', 'OSORIO MALDONADO ', '4097', '4873', '02235337-2', 'AF'),
(3340, 'JOSE ALVARINO', 'OSORIO GALDAMEZ ', '4424', '7353', '00374944-1', 'AC'),
(3341, 'CARLOS ITALO', 'OSORIO BARAHONA ', '2727', '3207', '1-1-224997', 'AC'),
(3342, 'CONSUELO DE JESUS', 'OSORIO  DE MORA', '5537', '6221', '01173723-8', 'AC'),
(3343, 'GUSTAVO ARNOLDO', 'OSTORGA ALVARADO ', '1068', '3419', '05-11-0014', 'AC'),
(3344, 'CARMINA LEONOR', 'OVIEDO  DE ARIAS', '5425', '8564', '01962518-4', 'AC'),
(3345, 'JOSE MANUEL', 'PACHECO PAZ ', '1109', '2174', '01677340-9', 'AC'),
(3346, 'NORMA CLELIA MIRIAM', 'PACHECO  AYALA', '8', '658', '01212652-9', 'BJ'),
(3347, 'REINA CLAUDINA', 'PADILLA  DE CAMPOS', '316', '1792', '00333361-4', 'AC'),
(3348, 'MARINA ENRIQUETA', 'PADILLA  DE GIL', '567', '1368', '01-01-0950', 'AC'),
(3349, 'GUILLERMO ORLANDO', 'PADILLA CASTRO ', '1094', '831', '400325169-', 'BJ'),
(3350, 'HUGO LEONEL', 'PADILLA MORAN ', '1146', '2592', '11-01-0107', 'AC'),
(3351, 'MARIO EDGARDO', 'PADILLA ARGUETA ', '5429', '9603', '00425942-3', 'AC'),
(3352, 'MIGUEL TOMAS', 'PADILLA BONILLA ', '4579', '0', '01-01-3161', 'AC'),
(3353, 'MAYRA LISSETT', 'PADILLA  DE MARTINEZ', '3266', '5028', '01-01-0298', 'AC'),
(3354, 'ALEXANDER ENCARNACION', 'PAIZ PINEDA ', '3507', '4777', '1-9-003826', 'AC'),
(3355, 'BERTA LUZ', 'PALACIOS  DE MARTINEZ', '4653', '6161', '01997363-4', 'AC'),
(3356, 'ERICK GIOVANNI', 'PALACIOS MARTINEZ ', '4839', '9900', '01491763-3', 'AC'),
(3357, 'REYNALDO SALVADOR', 'PALACIOS RAMIREZ ', '1150', '2779', '00703538-1', 'AC'),
(3358, 'ALVARO ERNESTO', 'PALACIOS  ', '1098', '0', '00438287-8', 'BJ'),
(3359, 'IVONNE CECILIA', 'PALACIOS MACAL ', '5559', '11636', '01534506-7', 'AC'),
(3360, 'OSCAR MANUEL', 'PALACIOS MURILLO ', '5694', '9044', '00508280-3', 'AC'),
(3361, 'GUILLERMO ALBERTO', 'PALENCIA TREJO ', '1102', '0', '', 'AC'),
(3362, 'REINALDO ', 'PALENCIA AQUINO ', '4471', '6068', '01170648-1', 'AC'),
(3363, 'DEBORA SUSANA', 'PALMA QUINTANA ', '4881', '9049', '01316057-6', 'AC'),
(3364, 'ANA MARIA ANTONIETA', 'PALMA LANDAVERDE DE REVELO', '5285', '6985', '01967567-6', 'AC'),
(3365, 'LUIS ', 'PALMA LOPEZ ', '1148', '1623', '02330986-3', 'AC'),
(3366, 'ANA CECILIA', 'PALMA CHICA DE CEA', '250', '1209', '01008752-5', 'BJ'),
(3367, 'TOMAS ', 'PALOMO ALCAINE ', '1092', '429', '02720764-9', 'BJ'),
(3368, 'JOSE RICARDO', 'PALOMO PACAS ', '3336', '5254', '01811360-5', 'AC'),
(3369, 'MAURICIO ', 'PALOMO LAGUARDIA ', '2245', '4248', '1-1-180095', 'BJ'),
(3370, 'ANA CECILIA DEL SOCORRO', 'PALUCHO GRANADOS DE GUARDADO', '2542', '4410', '02537939-3', 'AC'),
(3371, 'GUADALUPE DEL CARMEN', 'PANIAGUA VIDAURRE ', '3759', '5757', '01574388-3', 'AC'),
(3372, 'JAVIER IGNACIO', 'PANIAGUA BENITEZ ', '4746', '8611', '00937088-4', 'AC'),
(3373, 'FRANCISCO ALBERTO', 'PANIAGUA OSEGUEDA ', '1095', '0', '', 'BJ'),
(3374, 'NIYME YANIRA', 'PANTOJA VALDIZON DE TOLEDO', '4748', '9048', '00419075-0', 'AC'),
(3375, 'KATIA MARIA', 'PARADA CUNZA ', '4582', '8093', '00555115-3', 'AC'),
(3376, 'MIREYA LIZETTE', 'PARADA MIRANDA DE OTERO', '3960', '6064', '01379692-9', 'AC'),
(3377, 'JAMES REESE', 'PARADA LORENZANA ', '5251', '11528', '00073514-2', 'AC'),
(3378, 'AURA MARINA', 'PARADA  DE RIVAS', '2136', '3806', '01474148-0', 'AC'),
(3379, 'MARIO RICARDO', 'PARADA  ', '1086', '0', '', 'BJ'),
(3380, 'MIGUEL ANTONIO', 'PARADA CASTRO ', '1076', '370', '', 'BJ'),
(3381, 'ANA LORENA GUADALUPE', 'PARADA ALVARENGA ', '1153', '3218', '01-01-2299', 'AC'),
(3382, 'SERGIO ROBERTO', 'PARADA BRIDGE ', '1118', '2631', '1-1-41319', 'AC'),
(3383, 'JOSE CECILIO', 'PARADA TURCIOS ', '1630', '2664', '00032680-4', 'AC'),
(3384, 'ANA ESTELA', 'PARADA  VDA. DE NAJARRO', '1674', '2950', '02598357-4', 'AC'),
(3385, 'MARINA ELIZABETH', 'PAREDES OLLA ', '2692', '4340', '00555264-6', 'AC'),
(3386, 'GUILLERMO ', 'PARKER BALIBRERA ', '3782', '4434', '00999717-3', 'BJ'),
(3387, 'MARIO ALBERTO', 'PASCASIO RODRIGUEZ ', '1103', '0', '', 'AC'),
(3388, 'ANA CECILIA GUADALUP', 'PATIÑO RUIZ ', '3773', '4666', '00764433-4', 'AC'),
(3389, 'GLADYS GEORGINA', 'PAZ SANCHEZ DE TORRES', '5271', '6837', '01942170-0', 'AC'),
(3390, 'JUAN MANUEL', 'PAZ  ', '1104', '0', '02859306-9', 'AC'),
(3391, 'ROBERTO ANTONIO', 'PEÑA CHANG ', '1712', '3269', '01-01-0391', 'AC'),
(3392, 'ANGELA ESCOBAR', 'PEÑA  DE MENDOZA', '884', '1206', '', 'BJ'),
(3393, 'FLORA CAROLINA', 'PEÑA GARAY DE ARANIVA', '4602', '5957', '00324598-4', 'AC'),
(3394, 'JORGE ANTONIO', 'PEÑA GONZALEZ ', '3210', '5013', '02342170-4', 'AC'),
(3395, 'JOSE ROBERTO', 'PEÑA HUEZO ', '5480', '6930', '00101913-3', 'AC'),
(3396, 'ANA MIRIAM', 'PEÑATE  DE MARTINEZ', '2242', '1630', '01598199-4', 'AC'),
(3397, 'REINA DEL CARMEN', 'PEÑATE  DE GARCIA', '4409', '5840', '01704571-0', 'AC'),
(3398, 'ANA LORENA', 'PEÑATE  DE SCHNEIDER', '3889', '5036', '02099477-4', 'AC'),
(3399, 'RICARDO ARMANDO', 'PEÑATE GUERRA ', '5392', '4778', '02051716-6', 'AC'),
(3400, 'JULIO CESAR', 'PEÑATE HERRERA ', '1703', '2387', '02-01-0009', 'AC'),
(3401, 'JOSE EMILIO', 'PEÑATE POLANCO ', '1116', '2571', '2-1405401', 'AC'),
(3402, 'CARLOS TULIO', 'PEÑATE CORTEZ ', '1093', '618', '', 'BJ'),
(3403, 'GERMAN ALBERTO', 'PEÑATE RAMIREZ ', '1074', '1101', '', 'BJ'),
(3404, 'JUAN FRANCISCO', 'PERAZA NAJARRO ', '1087', '1087', '01791090-7', 'BJ'),
(3405, 'ARMANDO ', 'PERAZA ORTIZ ', '2697', '2489', '00521432-9', 'AC'),
(3406, 'ZULEYMA PATRICIA', 'PERDOMO AREVALO ', '2489', '3409', '01493484-7', 'AC'),
(3407, 'EDGAR ARTURO', 'PERDOMO FLORES ', '3581', '5370', '01391828-8', 'AC'),
(3408, 'MIRNA ELIZABETH', 'PEREZ RAMIREZ ', '3595', '2434', '01-03-0408', 'AC'),
(3409, 'ANSELMO ', 'PEREZ MOLINA ', '3203', '4891', '01981847-8', 'AC'),
(3410, 'ANA ROSARIO', 'PEREZ ORELLANA ', '2900', '4685', '01234585-6', 'AC'),
(3411, 'ARISTIDES SEGISMUNDO', 'PEREZ OLIVA ', '5322', '7744', '02236227-4', 'AC'),
(3412, 'JOSE FELIX', 'PEREZ BERMUDEZ ', '3898', '5819', '01258288-0', 'AC'),
(3413, 'SAUL RENE', 'PEREZ GARCIA MENDOZA ', '1080', '1217', '00367428-0', 'BJ'),
(3414, 'CARLOS ENRIQUE', 'PEREZ ARCE ', '1105', '2243', '01600023-8', 'AC'),
(3415, 'VILMA EUGENIA', 'PEREZ SANTAMARIA DE MELARA', '5540', '7391', '02181049-4', 'AC'),
(3416, 'CRISTOBAL ', 'PERLA Y PERLA ', '1140', '1956', '1-1-205160', 'AC'),
(3417, 'ANA PATRICIA', 'PERLA Y PERLA FUENTES ', '5569', '10141', '02506008-3', 'AC'),
(3418, 'YOLANDA ', 'PICHE ALAS ', '1948', '1478', '00031772-4', 'AC'),
(3419, 'ROMEO ANTONIO', 'PICHE  ', '2439', '3347', '00940683-9', 'AC'),
(3420, 'SAUL FRANCISCO', 'PINEDA YANEZ ', '2627', '2695', '00674842-8', 'AC'),
(3421, 'DINA MAGDALENA', 'PINEDA HIDALGO ', '3502', '4888', '11-1-03446', 'AC'),
(3422, 'JOSE ROBERTO', 'PINEDA MEJIA ', '5305', '7958', '02235439-4', 'AC'),
(3423, 'SONIA DINA', 'PINEDA ORELLANA DE UNGER', '1908', '2065', '04-07-0094', 'BJ'),
(3424, 'RICARDO ANTONIO', 'PINEDA ALVAREZ ', '1137', '3000', '1-1-183999', 'AC'),
(3425, 'RAFAEL ARTURO', 'PINEDA RAMIREZ ', '1149', '2898', '00068859-9', 'AC'),
(3426, 'ADELA MERCEDES', 'PINEDA  ', '1144', '3031', '01683457-2', 'AC'),
(3427, 'JOSE ROBERTO DE JESUS', 'PINEDA GALERO ', '1117', '2498', '2-1-009518', 'AC'),
(3428, 'MARIO ANTONIO', 'PINEDA RODRIGUEZ ', '1096', '985', '01804187-4', 'BJ'),
(3429, 'RAUL ALBERTO', 'PINEDA DIAZ ', '1101', '2095', '00374800-5', 'AC'),
(3430, 'ROBERTO CARLOS', 'PINEDA CAÑAS ', '5712', '10560', '02019795-8', 'AC'),
(3431, 'ARTURO ', 'PINEL ALVARADO ', '1089', '0', '', 'BJ'),
(3432, 'CLAUDIA MARIA', 'PINTIN GONZALEZ DE CORTEZ', '4460', '7351', '02273329-7', 'AC'),
(3433, 'LUIS ALFREDO', 'PINTO RODRIGUEZ ', '3520', '5323', '01565240-6', 'AC'),
(3434, 'JOSE MAURICIO', 'PINTO REPREZA ', '3275', '5199', '01545010-5', 'AC'),
(3435, 'MARIO FRANCISCO', 'PLANAS MURILLO ', '2336', '3094', '02314767-7', 'AC'),
(3436, 'ADOLFO ', 'PLATERO CANALES ', '4945', '7668', '02542884-1', 'AC'),
(3437, 'FRANCISCO ', 'PLATERO PE?A ', '1078', '440', '00059012-8', 'BJ'),
(3438, 'ANY MERCY', 'PLATERO JIMENEZ DE VELASCO', '1119', '2714', '02459930-6', 'AC'),
(3439, 'ALVARO ERNESTO', 'PLEITES MORAN ', '1159', '1862', '01111224-2', 'AC'),
(3440, 'ERNESTO BENJAMIN', 'PLEITES SANDOVAL ', '1160', '3632', '02508570-8', 'AC'),
(3441, 'JUDITH ANGELICA', 'PLEITEZ CRISTALES ', '1097', '1281', '01048609-6', 'BJ'),
(3442, 'HERBERT ARMANDO', 'PLEITEZ RIVAS ', '4128', '4290', '01-03-0052', 'AC'),
(3443, 'ERICK RENATO', 'PLEITEZ RIVAS ', '2120', '3330', '01-03-0023', 'AC'),
(3444, 'EUGENIA MARGARITA', 'POCASANGRE POSADA ', '1141', '3060', '04-01-0022', 'AC'),
(3445, 'MARCOS GUILLERMO', 'POLANCO CUELLAR ', '1072', '0', '', 'AC'),
(3446, 'ANA CONCEPCION GUADALUPE', 'POLANCO ANAYA ', '2218', '3411', '01527438-9', 'AC'),
(3447, 'DINORA CAROLINA', 'POLANCO CABALLERO DE PASPARICO', '3440', '3757', '00409695-6', 'AC'),
(3448, 'MIGUEL ANGEL', 'PONCE  ', '4903', '7105', '02362919-0', 'AC'),
(3449, 'MARIA CECILIA', 'PONCE AMAYA DE SORTO', '4921', '10413', '01664736-5', 'AC'),
(3450, 'ROBERTO ', 'PORRAS PINEDA ', '1090', '405', '', 'BJ'),
(3451, 'OSCAR ', 'PORTILLO VASQUEZ ', '1079', '597', '1-1-076302', 'BJ'),
(3452, 'OSCAR HUMBERTO', 'PORTILLO RODRIGUEZ ', '1115', '1174', '00423055-0', 'BJ'),
(3453, 'FAUSTO DANIEL', 'PORTILLO URRUTIA ', '1131', '2598', '02388113-2', 'AC'),
(3454, 'RENE ALFREDO', 'PORTILLO SANDOVAL ', '1152', '2339', '01-01-2700', 'AC'),
(3455, 'CARLOS ROBERTO', 'PORTILLO MONTALVO ', '1732', '3727', '02810402-2', 'AC'),
(3456, 'ANGELA ESPERANZA', 'PORTILLO MELENDEZ ', '91', '2395', '1-18-00505', 'AC'),
(3457, 'SANDRA CECILIA', 'PORTILLO  DE MARTINEZ', '5317', '6419', '00539103-2', 'AC'),
(3458, 'MARGARITA DEL TRANSITO', 'PORTILLO PADILLA ', '5261', '8085', '02203870-2', 'AC'),
(3459, 'HAZEL LISSETTE', 'PORTILLO BONILLA ', '5213', '9705', '01332352-2', 'AC'),
(3460, 'JOSE ANGEL', 'PORTILLO HENRIQUEZ ', '4055', '5459', '01834947-6', 'AC'),
(3461, 'EVELYN REGINA', 'PORTILLO AVILES ', '4551', '6302', '00993570-7', 'AC'),
(3462, 'ANA GUADALUPE', 'PORTILLO  DE ALVAREZ', '2907', '4708', '01904505-9', 'AC'),
(3463, 'CLAUDIA  EUNICE', 'PORTILLO RODRIGUEZ ', '5508', '13347', '04750445-1', 'AC'),
(3464, 'MARTA GLORIA', 'POSADA BARRIENTOS ', '3515', '2949', '00362310-8', 'AC'),
(3465, 'WERNER STANLEY', 'POSADA SORIANO ', '5138', '8323', '6407496', 'AC'),
(3466, 'ULISES ', 'POSADA GARCIA ', '1163', '3484', '00891653-0', 'AC'),
(3467, 'ENRIQUE EDUARDO', 'POSADA MALDONADO ', '1113', '2508', '01-01-0998', 'AC'),
(3468, 'JAIME RICARDO', 'PRESIDENTE HERRARTE ', '1081', '1571', '02115213-9', 'BJ'),
(3469, 'KARLA GERALDINE', 'PRESIDENTE NOCHEZ ', '5029', '10317', '00448531-7', 'AC'),
(3470, 'LUIS FERNANDO', 'PREZA GUERRA ', '2262', '2107', '00191780-2', 'AC'),
(3471, 'JULIO ', 'QUAN MARTINEZ ', '1178', '2430', '01234582-2', 'AC'),
(3472, 'JAIME EDUARDO', 'QUANT ESCOBAR ', '1184', '1899', '02119020-0', 'AC'),
(3473, 'KATIA LISSETTE', 'QUANT  DE GRANADINO', '5466', '7196', '00378302-1', 'AC'),
(3474, 'GABRIEL AUGUSTO', 'QUESADA LAREZ ', '4281', '7213', '01-01-1013', 'AC'),
(3475, 'MARIA ANGELA  CELINA', 'QUESADA LOUCEL ', '87', '1905', '00375034-5', 'AC'),
(3476, 'RAFAEL ANTONIO', 'QUEZADA QUINTANILLA ', '1174', '1575', '01894504-4', 'AC'),
(3477, 'CLARA LUZ', 'QUEZADA RICO ', '1936', '3854', '00698075-3', 'AC'),
(3478, 'PATRICIA ELIZABETH', 'QUEZADA  DE CALDERON', '5485', '6359', '01995137-3', 'AC'),
(3479, 'JOSE NEFTALI', 'QUIJADA ABREGO ', '1181', '2599', '02455902-1', 'AC'),
(3480, 'DANNETH LUZ', 'QUIJANO GUILLEN DE FLORES', '1853', '3392', '01-01-2799', 'AC'),
(3481, 'MIRNA EVELYN', 'QUIJANO ARRIOLA DE CONTRERAS', '1617', '1856', '00183710-9', 'AC'),
(3482, 'CECILIA LORENA', 'QUIJANO DOMINGUEZ ', '2470', '4330', '01847249-9', 'AF'),
(3483, 'ANGEL ANIBAL', 'QUIJANO GUZMAN ', '2633', '4495', '02111270-7', 'AC'),
(3484, 'CARLOS MIGUEL', 'QUI?ONEZ VELASCO ', '1167', '0', '', 'BJ'),
(3485, 'MILTON DAVID', 'QUINTANA LEON ', '1175', '2814', '01396740-7', 'AC'),
(3486, 'VICTOR MANUEL', 'QUINTANILLA ALVAREZ ', '1171', '1377', '02846337-9', 'BJ'),
(3487, 'BERTA ALICIA', 'QUINTANILLA MORAN ', '1180', '2813', '04-01-0005', 'AC'),
(3488, 'MANUEL ATILIO', 'QUINTANILLA  ', '1168', '0', '', 'BJ'),
(3489, 'CARLOS ALFREDO', 'QUINTANILLA PEREZ ', '1644', '3294', '00380962-3', 'AC'),
(3490, 'ANA VILMA', 'QUINTANILLA  DE MARCHELLI', '818', '0', '', 'AC'),
(3491, 'MARTHA GLADYS', 'QUINTANILLA QUINTANILLA DE BENITEZ', '2435', '2608', '1-1-180833', 'AC'),
(3492, 'HECTOR ', 'QUINTANILLA LANDAVERDE ', '3545', '5324', '00850991-9', 'AC'),
(3493, 'CLAUDIA MARIA', 'QUINTANILLA ROMAN ', '3757', '5758', '01165268-2', 'AC'),
(3494, 'LEANA CORALIA', 'QUINTANILLA  DE SANCHEZ', '3197', '5142', '1-18-00001', 'AC'),
(3495, 'ANA MILAGRO', 'QUINTANILLA  DE ESCOBAR', '3969', '3071', '00731872-1', 'AC'),
(3496, 'GLADYS AIDA', 'QUINTANILLA GARCIA ', '4607', '5887', '01887559-0', 'AC'),
(3497, 'DAGOBERTO ARNOLDO', 'QUINTANILLA LIZAMA ', '5325', '0', '03208197-7', 'AC'),
(3498, 'FRANCISCO JOSE', 'QUINTANILLA LOPEZ ', '5223', '9103', '00616054-9', 'AC'),
(3499, 'KARL HENRY', 'QUINTANILLA MOLINA ', '5593', '7348', '00246944-6', 'AC'),
(3500, 'JOSE FRANCISCO', 'QUINTEROS MARTINEZ ', '1169', '1925', '02601406-9', 'AC'),
(3501, 'MARIO RUBEN', 'QUINTEROS MARROQUIN ', '1173', '2669', 'DUI 021979', 'AC'),
(3502, 'CELINA MARIA', 'QUIROZ LOPEZ DE RIVERA', '4051', '6375', '01510482-7', 'AC'),
(3503, 'WENDY HIGINIA', 'QUITE?O QUINTANILLA ', '5654', '8034', '01725126-4', 'AC'),
(3504, 'LOLY BEATRIZ', 'RAMIREZ  DE CHICA', '4002', '6316', '01790251-4', 'AC'),
(3505, 'ROMEO ERNESTO', 'RAMIREZ ALAS ', '5183', '11511', '01215096-8', 'AC'),
(3506, 'JORGE ALBERTO', 'RAMIREZ DIAZ ', '5323', '12591', '02148143-1', 'AC'),
(3507, 'PATRICIA LORENA', 'RAMIREZ CARIDAD ', '3683', '5182', '376632', 'AC'),
(3508, 'CARLOS JOAQUIN', 'RAMIREZ PORTILLO ', '2407', '3627', '02479833-2', 'AC'),
(3509, 'RAUL ERNESTO', 'RAMIREZ GUZMAN ', '2409', '3391', '2-1-003948', 'AC'),
(3510, 'LUCIA ', 'RAMIREZ  DE MIRA', '2352', '2678', '00650380-2', 'AC'),
(3511, 'DAYSI EDITH', 'RAMIREZ REYES ', '2590', '4327', 'PASAP  B31', 'AC'),
(3512, 'JUAN CARLOS', 'RAMIREZ RIVERA ', '2747', '4612', '1-1-025209', 'AC'),
(3513, 'RICARDO ANTONIO', 'RAMIREZ LOPEZ ', '1191', '970', '00500105-1', 'BJ'),
(3514, 'JOSE ADOLFO', 'RAMIREZ MUÑOZ ', '1196', '0', '', 'BJ'),
(3515, 'AMADEO ROMEO', 'RAMIREZ MIRANDA ', '1200', '2269', '00429409-1', 'AC'),
(3516, 'HERBERT MILTON', 'RAMIREZ MONTOYA ', '1205', '1791', '00994043-5', 'AC'),
(3517, 'JORGE ALBERTO', 'RAMIREZ CHAVEZ ', '1208', '0', '1-1-030487', 'AC'),
(3518, 'JOSE ENRIQUE', 'RAMIREZ AMAYA ', '1210', '1849', '1-1-335310', 'BJ'),
(3519, 'ROLANDO ', 'RAMIREZ RIVERA ', '1220', '761', '01-01-1242', 'BJ'),
(3520, 'MAURICIO ', 'RAMIREZ ZAMORA ', '1288', '1834', '01815124-7', 'AC'),
(3521, 'JOSE RICARDO', 'RAMIREZ PEÑA ', '1291', '2676', '02-01-0089', 'AC'),
(3522, 'ELBA DAISY', 'RAMIREZ RAMIREZ ', '1315', '3054', '00052633-1', 'AC'),
(3523, 'ANA MARINA', 'RAMIREZ CUELLAR ', '1316', '3262', '13-1-02569', 'AC'),
(3524, 'ANDRES ERNESTO', 'RAMIREZ  ', '1652', '3655', '4-7-003322', 'AC'),
(3525, 'BENJAMIN EDWIN', 'RAMIREZ GALDAMEZ ', '1694', '3917', '02350715-2', 'AC'),
(3526, 'OSCAR RENE', 'RAMOS MENDOZA ', '1265', '1434', '00922916-4', 'AC'),
(3527, 'RENE ANTONIO', 'RAMOS CORDERO ', '1221', '0', '', 'BJ'),
(3528, 'JOAQUIN ', 'RAMOS RAMIREZ ', '1218', '0', '', 'BJ'),
(3529, 'ALBERTO ', 'RAMOS CRESPO ', '1193', '946', '01-01-0763', 'BJ'),
(3530, 'MARIA ESTELA', 'RAMOS  DE AMAYA', '139', '2340', '4-1-005969', 'AC'),
(3531, 'RAUL ARMANDO', 'RAMOS MENA ', '2226', '2327', '2-2-002081', 'AC'),
(3532, 'CARLOS BOANERGES', 'RAMOS MONTOYA ', '3242', '3349', '', 'AC'),
(3533, 'SILVIA LORENA', 'RAMOS DIAZ ', '5226', '5849', '00548973-8', 'AC'),
(3534, 'CARLOS GUILLERMO', 'RAMOS MENA ', '5280', '10149', '01471862-1', 'AC'),
(3535, 'KAREN LIZETH', 'RAMOS FISCHNALER ', '5106', '8724', '02341097-3', 'AC'),
(3536, 'JEREMIAS EDGARDO', 'RAMOS TORRES ', '4144', '5724', '01414165-6', 'AC'),
(3537, 'CARLOS ALFREDO', 'RAMOS HINDS ', '4590', '6004', '01890088-2', 'AC'),
(3538, 'ANA ROSAURA', 'RAMOS GARCIA DE ROMERO', '4747', '6073', '03449750-6', 'AC'),
(3539, 'GLADIS  CAROLINA', 'RAMOS  PINEDA ', '5610', '10046', '00124042-5', 'AC'),
(3540, 'JOSE GUILLERMO', 'RAMOS FLORES RODAS ', '5613', '3891', '00014993-5', 'AC'),
(3541, 'ANGEL ', 'RAPALO MUÑOZ ', '1241', '0', '', 'BJ'),
(3542, 'MARIBEL DEL CARMEN', 'RAUDA CUBIAS ', '2113', '3637', '01340010-4', 'AC'),
(3543, 'ILICH NEFTALI', 'RAUDA CARDONA ', '5700', '12612', '00548890-2', 'AC'),
(3544, 'JULIO CESAR', 'RAYMUNDO MORALES ', '1253', '1954', '02256951-7', 'AC'),
(3545, 'CARLOS ATILIO', 'REBOLLO HERNANDEZ ', '1777', '2382', '01-1-15657', 'AC'),
(3546, 'CONCEPCION ', 'REBOLLO  DE HERRERA', '645', '0', '', 'BJ'),
(3547, 'HERBERT ISRAEL', 'RECINOS RUANO ', '1967', '3107', '02069389-9', 'AC'),
(3548, 'JOSE RAUL', 'RECINOS DERAS ', '2796', '4634', '01916044-3', 'AC'),
(3549, 'SALVADOR ANTONIO', 'RECINOS ARABIA ', '3666', '5613', '01859750-2', 'AC'),
(3550, 'JOSE ANTONIO', 'RECINOS BOLAÑOS ', '5063', '9272', '01826098-1', 'AC'),
(3551, 'CAROLINA JEANETTE', 'RECINOS BOLAÑOS ', '4943', '6962', '01002959-3', 'AC'),
(3552, 'JOSE ALFREDO', 'REGALADO CUELLAR ', '2635', '2854', '1-1-013901', 'AC'),
(3553, 'DINA EDITH', 'REGALADO  DE VEGA', '1538', '2133', '00094716-7', 'AC'),
(3554, 'SILVIA LIZETTE', 'REINOSA  DIAZ', '5418', '7497', '02063355-6', 'AC'),
(3555, 'ALEYDA IVETTE', 'RENDEROS RODRIGUEZ ', '4790', '9726', '00198893-4', 'AC'),
(3556, 'JOSE JAVIER', 'RENDEROS VASQUEZ ', '1927', '3714', '00128099-6', 'AC'),
(3557, 'LILIAN ISABEL', 'RENDEROS  DE BEN HAIM', '2036', '3368', '01-01-1668', 'AC'),
(3558, 'GODOFREDO ', 'RENDEROS MERINO ', '1206', '0', '', 'BJ'),
(3559, 'JOSE JORGE', 'RESTREPO SIGUI ', '1211', '0', '', 'BJ'),
(3560, 'OSWALDO ', 'REVELO CASTRO ', '1285', '2552', '01-01-0999', 'AC'),
(3561, 'EDUARDO MAURICIO', 'REVELO JIRON ', '1305', '3189', '02523511-7', 'AC'),
(3562, 'WILFREDO ANTONIO', 'REYES TURCIOS ', '1307', '2517', '00450349-0', 'AC'),
(3563, 'ROBERTO ANTONIO', 'REYES HERNANDEZ ', '1323', '947', '01428815-7', 'BJ'),
(3564, 'EMILIO SIGFREDO', 'REYES HERNANDEZ ', '1281', '2256', '00675043-3', 'AC'),
(3565, 'RAFAEL ', 'REYES RODRIGUEZ ', '1236', '2032', '01529388-8', 'AC'),
(3566, 'JORGE ALBERTO', 'REYES RUIZ ', '1194', '1255', '01494497-3', 'BJ'),
(3567, 'RICARDO ANTONIO', 'REYES CHIPAGUA ', '4783', '9621', '00939572-9', 'AC'),
(3568, 'MARIBEL ESTELA', 'REYES CASTILLO ', '5274', '7889', '00368702-1', 'AC'),
(3569, 'JUAN CARLOS', 'REYES CISNEROS ', '4400', '7966', '01892793-1', 'AC'),
(3570, 'JULIO CESAR', 'REYES RODRIGUEZ ', '4100', '6698', '01795545-2', 'AC'),
(3571, 'LEONOR ELIZABETH', 'REYES ARGUETA ', '2150', '967', '02310723-7', 'BJ'),
(3572, 'MIGUEL ANGEL', 'REYES GUZMAN ', '2325', '3337', '01780727-7', 'AC'),
(3573, 'DAVID GERARDO', 'REYES QUINTANILLA ', '2882', '4287', '1-2-000004', 'AC'),
(3574, 'ANA MARIA', 'REYES CHACON ', '5716', '5517', '00264962-2', 'AC'),
(3575, 'CRISTIAN ADALID', 'REYES HERRERA ', '5624', '8115', '00598395-2', 'AC'),
(3576, 'ANA CECILIA', 'RICO  DE PERAZA', '2696', '2490', '01729056-9', 'AC'),
(3577, 'ALFONSO ANTONIO', 'RICO ABARCA ', '1203', '2208', '00770385-3', 'AC'),
(3578, 'HECTOR EFRAIN', 'RICO NAVES ', '1247', '0', '', 'BJ'),
(3579, 'ROBERTO ', 'RIDELMAN TREJOS ', '1287', '2378', '01-01-0026', 'AC'),
(3580, 'FRANCISCO GIOVANNI', 'RIOS PERLA ', '5027', '7579', '01705930-3', 'AC'),
(3581, 'FLOR ISABEL', 'RIVAS ARGUETA ', '4256', '6010', '01860718-3', 'AC'),
(3582, 'CARLOS ALBERTO', 'RIVAS AYALA ', '2126', '3807', '00720618-6', 'AC'),
(3583, 'MELIDA JOSEFINA', 'RIVAS VALENCIA DE LAZO', '3338', '3661', '01053964-5', 'AC'),
(3584, 'ARISTIDES ', 'RIVAS SANTOS ', '3369', '3907', '02283817-8', 'AC'),
(3585, 'MARIO ', 'RIVAS TORRES ', '3653', '0', '', 'BJ'),
(3586, 'MAURO ARMANDO', 'RIVAS PORTILLO ', '3599', '5481', '00851910-0', 'AC'),
(3587, 'MARTA ANA CECILIA', 'RIVAS AVELAR ', '1289', '2528', '01-01-154-', 'AC'),
(3588, 'MAURICIO ANTONIO', 'RIVAS HERNANDEZ ', '1322', '3514', '01248572-9', 'AC'),
(3589, 'MIGUEL ANGEL', 'RIVAS MACHON ', '1282', '1833', '01-01-1485', 'AC'),
(3590, 'HECTOR ALFREDO', 'RIVAS NUÑEZ ', '1277', '2470', '00372479-2', 'AC'),
(3591, 'GERMAN REYNALDO', 'RIVAS FLORES ', '1188', '1759', '02657219-8', 'AC'),
(3592, 'ADA LUZ', 'RIVAS CASTILLO ', '1814', '3139', '01197243-0', 'AC'),
(3593, 'JOSE MARIA', 'RIVAS MARTINEZ ', '1877', '3346', '01-01-0173', 'AC'),
(3594, 'CRISTINA ', 'RIVAS  DE AMAYA', '68', '2547', '00937237-3', 'AC'),
(3595, 'ERLINDA MARGARITA', 'RIVERA FUENTES DE CASTILLO', '1862', '3943', '00067121-7', 'AC'),
(3596, 'SILVIA CORONADA', 'RIVERA OBANDO ', '1793', '3163', '01-01-0299', 'AC'),
(3597, 'RINA DEL CARMEN', 'RIVERA CLAROS DE MARTINEZ', '1999', '2446', '01153831-7', 'AC'),
(3598, 'ROBERTO ARNOLDO', 'RIVERA  ', '1679', '1485', '00957695-1', 'BJ'),
(3599, 'LEOPOLDO ANDRES', 'RIVERA TICAS ', '1642', '3652', '00989919-7', 'AC'),
(3600, 'GUILLERMO ', 'RIVERA PALOMO ', '1216', '0', '', 'BJ'),
(3601, 'MAURICIO EDUARDO', 'RIVERA GOMEZ ', '1229', '0', '', 'BJ'),
(3602, 'JAIME MAURICIO', 'RIVERA MELARA ', '1280', '2900', '00432816-7', 'AC'),
(3603, 'RENE ', 'RIVERA FUNES ', '1271', '0', '', 'AC'),
(3604, 'JOSE DANIEL', 'RIVERA HERRERA ', '1261', '1687', '1-1-245937', 'AC'),
(3605, 'CLARA LUZ', 'RIVERA AURORA DE ZELADA', '1264', '2436', '01313309-0', 'AC'),
(3606, 'GILBERTO ALONSO', 'RIVERA AGUILAR ', '1246', '919', '0713337-5', 'BJ'),
(3607, 'MANUEL ADOLFO', 'RIVERA CASTANEDA ', '1302', '2975', '1-1-158728', 'AC'),
(3608, 'RAMON ', 'RIVERA PINTO ', '1292', '2023', '02013165-1', 'AC'),
(3609, 'ROCIO DE LOS ANGELES', 'RIVERA GUTIERREZ ', '3583', '5071', '01226317-7', 'AF'),
(3610, 'LEONEL EDGARDO', 'RIVERA OCHOA ', '3817', '4188', '02594932-6', 'AC'),
(3611, 'JOSE EDUARDO', 'RIVERA HANDAL ', '3876', '3552', '01-01-3599', 'AC'),
(3612, 'DOUGLAS ARMANDO', 'RIVERA GUEVARA ', '3828', '5852', '01733278-5', 'AC'),
(3613, 'HERBERT ROLANDO', 'RIVERA ALEMAN ', '3278', '2829', '01465265-7', 'AC'),
(3614, 'RENE? LOURDES', 'RIVERA CEREGHINO ', '2924', '4251', '01-013206', 'AC'),
(3615, 'MARTA PATRICIA', 'RIVERA LEMUS DE QUINTANILLA', '2123', '4103', '02-01-1145', 'AC'),
(3616, 'GERARDO ENRIQUE', 'RIVERA TREJO ', '2215', '4210', '01739460-6', 'AC'),
(3617, 'RAMON ALFREDO', 'RIVERA MEJIA ', '2691', '3460', '00510680-1', 'AC'),
(3618, 'VICTORIA MARINELLA', 'RIVERA MARTINEZ DE LUNA', '4436', '7383', '00679931-4', 'AC'),
(3619, 'RAUL FERNANDO', 'RIVERA FORTIN-MAGAÑA ', '4553', '5826', '00185427-4', 'AC'),
(3620, 'MOISES EDILBERTO', 'RIVERA SANCHEZ ', '4639', '7721', '00861019-2', 'AC'),
(3621, 'JENY ELIZABETH', 'RIVERA LOPEZ DE JAIME', '4906', '9574', '01700129-5', 'AC'),
(3622, 'JOSEPH ARTURO', 'RIVERA MARQUEZ ', '5295', '9125', '01074624-2', 'AC'),
(3623, 'MIGUEL ANGEL', 'RIVERA ROMERO ', '5244', '6267', '01573405-4', 'AC'),
(3624, 'SILVIA ERNESTINA', 'RIVERA SANCHEZ ', '5139', '11491', '11242039', 'AC'),
(3625, 'SALVADOR EDUARDO', 'RIVERA ESPINOZA ', '5143', '11506', '12658437', 'AC'),
(3626, 'JULIO OSCAR', 'ROBLES TICAS ', '1320', '3465', '01-01-2732', 'AC'),
(3627, 'ALBERTO ADONAY', 'RODAS MELENDEZ ', '5316', '6381', '02694298-7', 'AC'),
(3628, 'OSCAR ARMANDO', 'RODAS ABARCA ', '2688', '3291', '00528813-2', 'AC'),
(3629, 'JOSE DAGOBERTO', 'RODRIGUEZ RUIZ ', '2850', '3500', '01-04-0594', 'BJ'),
(3630, 'LOYDA EVELYN', 'RODRIGUEZ  DE HERNANDEZ', '2748', '4227', '00486572-9', 'AC'),
(3631, 'LUIS ALBERTO', 'RODRIGUEZ ROSADA ', '2923', '3423', '11303', 'AC'),
(3632, 'JOSE VICTOR', 'RODRIGUEZ MENDOZA ', '3057', '3248', '00469384-7', 'AC'),
(3633, 'SILVIA ELENA', 'RODRIGUEZ  DE MAGAÑA', '3003', '3896', '2-1-041029', 'AC'),
(3634, 'ANA ELIZABETH', 'RODRIGUEZ MONTALVO DE VIANA', '3318', '3723', '1-1-000003', 'AC'),
(3635, 'ROXANA DE MARIA', 'RODRIGUEZ COLATO DE RIVAS', '3370', '3906', '00546706-1', 'AC'),
(3636, 'PEDRO ANTONIO', 'RODRIGUEZ RUIZ ', '5164', '7179', '02404428-8', 'AC'),
(3637, 'FANNY ELIZABETH', 'RODRIGUEZ ELIAS ', '4889', '7326', '01438598-3', 'AC'),
(3638, 'HELMER ANTONIO', 'RODRIGUEZ VAQUERANO ', '4644', '8132', '01-01-0310', 'AC'),
(3639, 'LUIS FRANCISCO', 'RODRIGUEZ REYES ', '4774', '7531', '00708664-1', 'AC'),
(3640, 'MARIA ISABEL', 'RODRIGUEZ  DE SUTTER', '4139', '390', '01-01-0013', 'BJ'),
(3641, 'VICTOR DE JESUS', 'RODRIGUEZ MEJIA ', '4117', '1932', '01-04-0028', 'AC'),
(3642, 'RODOLFO ALEJANDRO', 'RODRIGUEZ MONGE ', '4007', '4675', '00433494-8', 'AC'),
(3643, 'CECILIA CAROLINA', 'RODRIGUEZ LEIVA DE MORAN', '4005', '6442', '00408396-1', 'AC'),
(3644, 'MARIA DEL CARMEN', 'RODRIGUEZ ESCOBAR ', '3890', '4877', '00108334-4', 'AC'),
(3645, 'MARIA VIRGINIA', 'RODRIGUEZ FUNES ', '1311', '3242', '00498330-7', 'AC'),
(3646, 'VICTOR MANUEL', 'RODRIGUEZ SANCHEZ ', '1298', '2794', '00980043-1', 'AC'),
(3647, 'FRANCISCO GUILLERMO', 'RODRIGUEZ SUVILLAGA ', '1244', '1616', '', 'BJ'),
(3648, 'VITELIO ', 'RODRIGUEZ HERNANDEZ ', '1249', '809', '', 'BJ'),
(3649, 'JULIAN ADALBERTO', 'RODRIGUEZ  ', '1230', '0', '', 'BJ'),
(3650, 'CARLOS ROLANDO', 'RODRIGUEZ SOLORZANO ', '1232', '1878', '1-1-095751', 'AC'),
(3651, 'YOLANDA ELIZABETH', 'RODRIGUEZ CONTRERAS DE ROMERO', '1237', '2154', '1-1-156533', 'AC'),
(3652, 'MARGARITA ALICIA', 'RODRIGUEZ OLMEDO ', '1239', '1839', '01436653-1', 'AC'),
(3653, 'JOSE DAMIAN', 'RODRIGUEZ ALVARADO ', '1189', '1802', '02215562-7', 'AC'),
(3654, 'JOSE ALBERTO', 'RODRIGUEZ HERNANDEZ ', '1201', '1479', '02165834-7', 'AC'),
(3655, 'OLIMPIA GUADALUPE', 'RODRIGUEZ  DE QUESADA', '1166', '0', '', 'BJ'),
(3656, 'FRANCISCO GUILLERMO', 'RODRIGUEZ FUNES ', '1677', '3844', '01-01-0173', 'AC'),
(3657, 'EDUARDO MANRIQUE', 'RODRIGUEZ LOZA ', '1708', '3515', '01-01-3043', 'AC'),
(3658, 'FELIPE ', 'RODRIGUEZ JUAREZ ', '1706', '1453', '01151987-6', 'BJ'),
(3659, 'BLANCA ALICIA', 'RODRIGUEZ  ', '1988', '4039', '01926252-0', 'BJ'),
(3660, 'MORENA GUADALUPE', 'RODRIGUEZ LARIN ', '2017', '3870', '9362043', 'AC'),
(3661, 'LUIS EDGARDO', 'RODRIGUEZ GARAY ', '1791', '5510', '00503801-6', 'AC'),
(3662, 'GUILLERMO ALBERTO', 'RODRIGUEZ KRATTINGER ', '1910', '2890', '1-1-000003', 'AC'),
(3663, 'PATRICIO EDGARDO', 'RODRIGUEZ BERMUDEZ ', '499', '2019', '1-1-009988', 'AC'),
(3664, 'ANA LYDIA', 'RODRIGUEZ  DE FARELA', '487', '1919', '01507499-1', 'AC'),
(3665, 'LEDA VILMA', 'RODRIGUEZ  DE GONZALEZ', '571', '2048', '03882711-9', 'AC'),
(3666, 'MARCOANTONIO ', 'RODRIGUEZ GALDAMEZ ', '5671', '7458', '00021582-5', 'AC'),
(3667, 'RUBEN GODOFREDO', 'RODRIGUEZ SALGUERO ', '5507', '7791', '01578576-2', 'AC'),
(3668, 'FRANCISCO JOSE', 'RODRIGUEZ ALFARO ', '5533', '9762', '02313942-0', 'AC'),
(3669, 'ALMA LORENA', 'ROJAS  DE CAMPOS', '5434', '13040', '02743938-5', 'AC'),
(3670, 'LUCIA ', 'ROLDAN RIVERA ', '1896', '2330', '02498272-9', 'AC'),
(3671, 'MARIO RENI', 'ROLDAN SALAMANCA ', '1213', '408', '1-1-075489', 'BJ'),
(3672, 'MARITZA ELENA', 'ROLDAN VASQUEZ ', '1272', '2034', '02471357-8', 'AC'),
(3673, 'JORGE ERNESTO', 'ROLDAN RIVERA ', '1275', '2876', '01-03-0309', 'AC'),
(3674, 'MIRNA ELIZABETH', 'ROLDAN  DE RIVAS', '1317', '3363', '01774970-4', 'AC'),
(3675, 'RAFAEL ', 'ROMERO REYES ', '1319', '2755', '01-01-0003', 'AC'),
(3676, 'NELSON ANTONIO', 'ROMERO CABALLERO ', '1256', '1883', '01292226-8', 'AC'),
(3677, 'MARIO EDGARDO', 'ROMERO  ', '1197', '805', '02076468-2', 'BJ'),
(3678, 'RAFAEL HUMBERTO', 'ROMERO BORLASCA ', '1198', '1555', '', 'BJ'),
(3679, 'JOSE FILEMON', 'ROMERO UMANZOR ', '1192', '0', '', 'BJ'),
(3680, 'RAUL ARMANDO', 'ROMERO MIRANDA ', '1190', '1962', '00029254-2', 'AC'),
(3681, 'OSCAR ARMANDO', 'ROMERO SALAZAR ', '2012', '3865', '00839149-7', 'AC'),
(3682, 'CESAR EMILIO', 'ROMERO MEJIA ', '1719', '2602', '00498896-4', 'AC'),
(3683, 'GLORIA HILDA', 'ROMERO JAIMES ', '1743', '2480', '00054332-5', 'AC'),
(3684, 'RAUL RODRIGO', 'ROMERO SOLORZANO ', '2701', '2178', '01297139-8', 'AC'),
(3685, 'CARLOS ARTURO', 'ROMERO GUERRA ', '2817', '4629', '00790553-6', 'AC'),
(3686, 'ANA IDALIA', 'ROMERO ALAS DE LOBOS', '2237', '2544', '01383776-7', 'AC'),
(3687, 'ROBERTO ', 'ROMERO NAVIDAD ', '2296', '3734', '10-01-0039', 'AC'),
(3688, 'FLOR DE MARIA', 'ROMERO REYES ', '5566', '11441', '01087798-8', 'AC'),
(3689, 'ROBERTO ANTONIO', 'ROMUALDO GONZALEZ ', '2640', '4462', '00136739-0', 'AC'),
(3690, 'ZONIA DEL CARMEN', 'ROQUE  DE LAZO', '796', '1693', '01436379-5', 'AC'),
(3691, 'FELIPE CARLOS', 'ROSA GONZALEZ ', '1855', '2559', '01-01-0601', 'AC'),
(3692, 'JOSE ROBERTO', 'ROSA LAGUARDIA ', '4990', '7259', '00682059-7', 'AC'),
(3693, 'CESAR ALFONSO', 'ROSALES MOLINA ', '2837', '3647', '01-07-0225', 'AC'),
(3694, 'TERESA GUADALUPE', 'ROSALES  DE ELIAS', '3818', '5920', '01057678-6', 'AC'),
(3695, 'ELI ABRAHAM', 'ROSALES CHAVEZ ', '2107', '4167', '00814698-1', 'AC'),
(3696, 'HECTOR MANUEL', 'ROSALES SANCHEZ ', '1744', '1771', '14-01-0145', 'AC'),
(3697, 'NELSON PIO FERNANDO', 'ROSALES FLORES ', '1186', '1841', '01184238-4', 'AC'),
(3698, 'JAIME RICARDO', 'ROSALES  ', '1278', '0', '', 'BJ'),
(3699, 'CARLOS ALBERTO', 'ROSALES PASTORI ', '5493', '6516', '00010423-6', 'AC'),
(3700, 'NANCY MARISOL', 'ROSALES MELGAR ', '5501', '13239', '01528390-6', 'AC'),
(3701, 'KARYN ELIZABETH ZULEYMA', 'ROSALES  DE RIVERA', '5690', '10743', '00982809-9', 'AC'),
(3702, 'SONIA CECILIA', 'ROSALES Y ROSALES ', '2342', '3763', '00603058-2', 'AC'),
(3703, 'JULIO CESAR', 'RUANO MOREIRA ', '1245', '1187', '01543188-4', 'BJ'),
(3704, 'CARLOS ARMANDO', 'RUBIO MARQUEZ ', '1252', '1257', '00956513-8', 'AC'),
(3705, 'MAURICIO ', 'RUBIO MARQUEZ ', '1286', '0', '08-05-0032', 'AC'),
(3706, 'CALIXTO WIGBERTO', 'RUBIO HERNANDEZ ', '1257', '2018', '', 'BJ'),
(3707, 'BLANCA LIDIA', 'RUBIO DIAZ DE ROMERO', '3222', '4112', '01052577-0', 'AC'),
(3708, 'MARTA ELVIRA', 'RUBIO  ORREGO', '4998', '9089', '01693034-4', 'AC'),
(3709, 'ROSA VITELIA', 'RUBIO  DE HERNANDEZ', '4465', '6620', '02759692-5', 'AC'),
(3710, 'ELISA MARGARITA', 'RUBIO  DE VIDES', '5519', '6332', '01164035-0', 'AC'),
(3711, 'KARLA MARIA', 'RUIZ RIVAS ', '5650', '11849', '00624087-8', 'AC'),
(3712, 'SANTIAGO RAFAEL', 'RUIZ IZAGUIRRE ', '1242', '681', '01-01-1348', 'BJ'),
(3713, 'JULIO CESAR', 'RUIZ  ', '1225', '78', '', 'BJ'),
(3714, 'JOSE BENJAMIN', 'RUIZ RODAS ', '1223', '906', '02559884-0', 'BJ'),
(3715, 'GERVASIO SAUL', 'RUIZ RODAS ', '1224', '605', '04-07-2298', 'BJ'),
(3716, 'LISSETH GUADALUPE', 'RUIZ  DE CAMPOS', '354', '2991', '02058089-2', 'AC'),
(3717, 'ERNESTO ', 'SAADE DECCARET ', '1336', '0', '', 'BJ'),
(3718, 'JOSE LUIS', 'SACA MELENDEZ ', '1361', '1272', '', 'AC'),
(3719, 'BEDDY DAVID', 'SACA HASBUN ', '2472', '728', '08-01-0150', 'BJ'),
(3720, 'MIRIAM BEATRIZ', 'SAENZ  DE COLORADO', '1368', '2070', '01-01-0046', 'AC'),
(3721, 'CARLOS ALBERTO', 'SAGASTUME MALAGAMBA ', '1349', '0', '1-1-018954', 'BJ'),
(3722, 'HUGO NAPOLEON', 'SALAZAR CANDELL ', '1348', '841', '01-01-0717', 'BJ'),
(3723, 'CLAUDIO RAFAEL', 'SALAZAR MARTINEZ ', '1360', '1692', '02059461-3', 'BJ'),
(3724, 'JAIME ALEJANDRO', 'SALAZAR HERNANDEZ ', '1373', '0', '00264968-0', 'BJ'),
(3725, 'HERBERT ARMANDO', 'SALAZAR BARRIENTOS ', '1406', '1331', '', 'BJ'),
(3726, 'MARCO ANTONIO', 'SALAZAR CASTELLANOS ', '1410', '2091', '00400861-0', 'AC'),
(3727, 'MAURICIO ', 'SALAZAR TORRES ', '1342', '645', '', 'BJ'),
(3728, 'RICARDO JOAQUIN', 'SALAZAR MONTOYA ', '1327', '1772', '00644457-9', 'AC'),
(3729, 'TITO AUGUSTO', 'SALAZAR CLARA ', '1329', '1313', '', 'BJ'),
(3730, 'AURORA DEL ROSARIO', 'SALAZAR CRUZ DE ESCOLERO', '4588', '6546', '005345817-', 'AC'),
(3731, 'HUGO ENRIQUE', 'SALAZAR BANEGAS ', '4145', '6443', '01-01-3354', 'AC'),
(3732, 'RICARDO ERNESTO', 'SALAZAR ESCOBAR ', '4223', '6872', '00751382-6', 'AC'),
(3733, 'DAVID GUILLERMO', 'SALAZAR QUEZADA ', '5396', '10414', '00720628-3', 'AC'),
(3734, 'JOSE MIGUEL ANTONIO', 'SALDAÑA AREVALO ', '1367', '1248', '00951502-8', 'BJ'),
(3735, 'SALVADOR FRANCISCO', 'SALGADO RAUDA ', '2623', '3591', '01760790-2', 'AC'),
(3736, 'SALVADOR HUMBERTO', 'SALINAS RUBIO ', '5414', '12246', '01895151-6', 'AC'),
(3737, 'WALTER LEONARDO', 'SALINAS FIGUEROA ', '4866', '5876', '02551204-8', 'AC'),
(3738, 'SILVIA CAROLINA', 'SALINAS VIAUD ', '3992', '6275', '', 'AC'),
(3739, 'CARLOS ROBERTO', 'SALINAS ZELAYA ', '4425', '3293', '02390868-3', 'AC'),
(3740, 'MANUEL ERNESTO', 'SALINAS MEJIA ', '5674', '13206', '02490721-6', 'AC'),
(3741, 'JOSE MARIA', 'SAMAYOA MOLINA ', '2531', '4370', 'DUI 013617', 'AC'),
(3742, 'ANA CORALIA', 'SAMAYOA ORELLANA ', '2316', '4191', '01685415-8', 'AC'),
(3743, 'JOSE MARIANO', 'SAMAYOA INTERIANO ', '1330', '1200', '00629573-4', 'BJ'),
(3744, 'EMILIA MARGARITA', 'SANABRIA  DE PANAMEÑO', '2055', '4173', '00323772-9', 'AC'),
(3745, 'EFRAIN ', 'SANABRIA REYES ', '3632', '5586', '01-04-0091', 'AC'),
(3746, 'JEANNIE MARGARITA', 'SANCHEZ LOPEZ ', '3834', '5856', '01656658-5', 'AC'),
(3747, 'JAIME EDGARDO', 'SANCHEZ RIVERA ', '3347', '4050', '00280211-5', 'AC'),
(3748, 'ISAAC CESAR AUGUSTO', 'SANCHEZ GUTIERREZ ', '2815', '4694', 'DUI0240393', 'AC'),
(3749, 'SAMUEL EDGARDO', 'SANCHEZ RODRIGUEZ ', '4205', '5447', '00522646-5', 'AC'),
(3750, 'DAVID OTONIEL', 'SANCHEZ HERNANDEZ ', '4784', '7652', '00416363-0', 'AC'),
(3751, 'WALTER EDUARDO', 'SANCHEZ VIDES ', '5062', '7059', '00858009-6', 'AC'),
(3752, 'JOCELYN MARJORY', 'SANCHEZ AVILES DE DURAN', '5079', '9629', '01167190-3', 'AC'),
(3753, 'VILMA GLORIA', 'SANCHEZ CAMPOS DE MARTINEZ', '5166', '9254', '01487105-7', 'AC'),
(3754, 'RICARDO EFRAIN', 'SANCHEZ PEÑA ', '1338', '478', '1-1-066992', 'BJ'),
(3755, 'JUAN MANUEL ANTONIO', 'SANCHEZ BERMUDEZ ', '1359', '2432', '01331076-5', 'AC'),
(3756, 'ROBERTO EDMUNDO', 'SANCHEZ OCHOA ', '1378', '2573', '00112780-5', 'AC'),
(3757, 'FRANCISCO DE JESUS', 'SANCHEZ GUZMAN ', '1385', '1587', '1-6-014245', 'BJ'),
(3758, 'LIDIA NOEMI', 'SANCHEZ  DE TINETTI', '1440', '0', '', 'BJ'),
(3759, 'EDUARDO ALFREDO', 'SANCHEZ AVALOS ', '5636', '9255', '02260620-4', 'AC'),
(3760, 'ASTRID VANESSA', 'SANCHEZ ROSAS ', '5684', '13693', '03284669-4', 'AC'),
(3761, 'GUILLERMO FRANCISCO', 'SANCHO COLOMBARI ', '1333', '693', '02102125-7', 'BJ'),
(3762, 'MAURICIO WILFREDO', 'SANDOVAL POLANCO ', '1334', '0', '', 'BJ'),
(3763, 'PABLO ANTONIO', 'SANDOVAL BORJA ', '1372', '0', '', 'AC'),
(3764, 'AZALIA DEL SOCORRO', 'SANDOVAL MACHON DE VASQUEZ', '1824', '3352', '1-1-837331', 'AC'),
(3765, 'ALVARO ENRIQUE', 'SANDOVAL VILCHEZ ', '3952', '5858', '1-1-170269', 'AC'),
(3766, 'SILVIA CAROLINA', 'SANDOVAL FRANCO ', '5494', '10261', '02635967-1', 'AC'),
(3767, 'AIDA MARGARITA', 'SANDOVAL SANCHEZ ', '5605', '10895', '4330237', 'AC'),
(3768, 'FRANCISCO ANTONIO', 'SANSIVIRINI VALLE ', '1585', '3593', '5-16-00351', 'AC'),
(3769, 'JOSE EDUARDO', 'SANTAMARIA SALGUERO ', '1398', '1897', '00928676-8', 'AC'),
(3770, 'MARIO HERBERT', 'SANTAMARIA  ', '1326', '1675', '1-1-199632', 'BJ'),
(3771, 'GUILLERMO ALFREDO', 'SANTANA BRACAMONTE ', '1766', '2931', '00851254-8', 'AC'),
(3772, 'JULIO CESAR', 'SANTANA VELA ', '2861', '4374', '00292457-7', 'AC'),
(3773, 'ANGELA MARLENE', 'SANTANA FLORES DE CORLETO', '3482', '5089', '01002989-4', 'AC'),
(3774, 'ALEX OSWALDO', 'SANTOS ESCOBAR ', '3761', '5539', '00010054-1', 'AC'),
(3775, 'MARGARITA ARACELY', 'SANTOS  DE PINTO', '2897', '3998', '01029842-7', 'AC'),
(3776, 'ROSA ISABEL', 'SANTOS  DE VALENCIA', '1858', '2717', '00329457-7', 'AC');
INSERT INTO `socio` (`socio_id`, `nombres`, `apellidos`, `codigo`, `jvpm`, `dui`, `estado`) VALUES
(3777, 'ENMA MERCEDES', 'SANTOS MARTINEZ ', '1402', '1982', '01218267-2', 'AC'),
(3778, 'ROBERTO ', 'SAPRISSA GARCIA ', '1394', '2140', '', 'AC'),
(3779, 'JUANA MARGARITA', 'SARAVIA  DE MENENDEZ', '1411', '3083', '', 'AC'),
(3780, 'JUAN JOSE', 'SARAVIA PEÑA ', '1416', '2451', '00640275-5', 'AC'),
(3781, 'MEDARDO OSMIN', 'SARAVIA FLORES ', '1417', '2472', '01368717-0', 'AC'),
(3782, 'RUTH JANETT', 'SARAVIA  DE DIAZ', '1681', '3237', '01286396-9', 'AC'),
(3783, 'JULIA AMADA', 'SARAVIA VELA ', '5614', '6670', '00436433-3', 'AC'),
(3784, 'DANIEL ANTONIO', 'SEGOVIA  ', '1357', '1284', '00104293-2', 'BJ'),
(3785, 'OLIVIA ANA LISSETH', 'SEGOVIA VELASQUEZ ', '4523', '6398', '01546852-2', 'AF'),
(3786, 'CARLOS ERNESTO', 'SEGURA MAZA ', '1415', '2371', '01715440-4', 'AC'),
(3787, 'ROBERTO EUGENIO', 'SELVA BONILLA ', '1364', '0', '', 'BJ'),
(3788, 'SALVADOR ANTONIO', 'SERMEÑO CACERES ', '1354', '1513', '01557761-4', 'BJ'),
(3789, 'FRANCISCO ALONSO', 'SERPAS CRUZ ', '1343', '1070', '02532912-8', 'BJ'),
(3790, 'RITA MARIA ENRIQUETA', 'SERPAS CRUZ DE LOPEZ', '753', '1334', '', 'BJ'),
(3791, 'BEATRIZ ADRIANA', 'SERPAS MARAVILLA ', '5447', '9659', '02479682-7', 'AC'),
(3792, 'HUGO SAMUEL', 'SERRANO ZELAYANDIA ', '1345', '552', '', 'BJ'),
(3793, 'JOSE MARIA', 'SIFONTES COLOCHO ', '2185', '3282', '02237713-0', 'AC'),
(3794, 'MARIO ALBERTO', 'SILHY MEJIA ', '5456', '7532', '01964317-4', 'AC'),
(3795, 'ANA ', 'SILIEZAR GUIDOS ', '2534', '4098', '02101875-9', 'AC'),
(3796, 'PEDRO ALFONSO', 'SILIEZAR BOLAÑOS ', '1377', '2507', '02287509-9', 'AC'),
(3797, 'ROLANDO ', 'SILVA BONILLA ', '1384', '1470', '1-1-097858', 'AC'),
(3798, 'DIANA CELINA', 'SIMAN SAFIE ', '4609', '7246', '01-01-1353', 'AC'),
(3799, 'ANA ELIZABETH', 'SIU BRITO ', '5194', '9155', '01437912-8', 'AC'),
(3800, 'EDGAR GERARDO', 'SOL MONTERREY ', '2471', '3564', '04-01-0010', 'AC'),
(3801, 'RICARDO SALVADOR', 'SOL ALVARADO ', '1328', '0', '', 'AC'),
(3802, 'IVAN ERNESTO', 'SOLANO LEIVA ', '3201', '4717', '02204355-3', 'AC'),
(3803, 'DOUGLAS ANTONIO', 'SOLER FERNANDEZ ', '1391', '0', '', 'AC'),
(3804, 'RICARDO ERNESTO', 'SOLER ECHEVERRIA ', '1807', '3079', '14-1-01105', 'AC'),
(3805, 'RUTH ANNABELA', 'SOLORZANO  DE RODRIGUEZ', '1602', '1926', '00108651-2', 'AC'),
(3806, 'ALTAGRACIA LIBERTAD', 'SOLORZANO PINEDA ', '1404', '1625', '01861808-7', 'AC'),
(3807, 'JOSETHY ASTRID', 'SOLORZANO RIVERA ', '1151', '2982', '02339909-6', 'AC'),
(3808, 'ANA GUADALUPE', 'SOLORZANO  DE GARAY', '2197', '3310', '02001163-1', 'AC'),
(3809, 'BEATRIZ EUGENIA', 'SOLORZANO AREVALO ', '5222', '9138', '00422755-7', 'AC'),
(3810, 'TOMAS HERMOGENES', 'SORIANO GARCIA ', '2374', '3077', '00657832-8', 'AC'),
(3811, 'GISELA GUADALUPE', 'SORIANO TICAS DE SOTO', '3679', '5635', '01531671-7', 'AC'),
(3812, 'JOSE ANTONIO', 'SORIANO GALLEGOS ', '1388', '1646', '19501754', 'AC'),
(3813, 'MIRNA ARELY', 'SORIANO PORTILLO ', '35', '4189', '01328933-8', 'AC'),
(3814, 'HERBERTH ALONSO', 'SORTO ROMERO ', '2783', '4241', '02142179-0', 'AC'),
(3815, 'ANA GUADALUPE', 'SOSA  DE DREYFUS', '3480', '3545', '01-04-0472', 'AC'),
(3816, 'TERESA DE JESUS', 'SOSA GONZALEZ ', '3531', '5330', '01977989-4', 'AC'),
(3817, 'MARTA EUGENIA', 'SOSA BELLEGARRIGUE ', '4744', '5311', '00000023-8', 'AC'),
(3818, 'MARIO ', 'SOSA ORELLANA ', '1331', '0', '', 'BJ'),
(3819, 'LORENA BEATR?Z', 'SOSA  DE FUENTES', '5689', '10362', '02062341-2', 'AC'),
(3820, 'NELSON AUGUSTO', 'SOTELLO DOMINGUEZ C/P SOTELLO DOMI', '1335', '1383', '01536302-3', 'BJ'),
(3821, 'JOSE ANTONIO', 'SOTO  ', '1337', '468', '', 'BJ'),
(3822, 'RENE ', 'SOTO PEREZ ', '1375', '2155', '04-01-0062', 'AC'),
(3823, 'JOSE ISAAC', 'SOTO PINEDA ', '1403', '2978', '1-1-020837', 'AC'),
(3824, 'CELIA MARITZA', 'SOTO  DE VILLALTA', '1786', '3428', '01096778-3', 'AC'),
(3825, 'ADA LUISA', 'SOTO  DE LAGUARDIA', '776', '2540', '02148932-4', 'AC'),
(3826, 'RAQUEL MARIA', 'SOTO RODRIGUEZ ', '4171', '6337', '01417873-4', 'AC'),
(3827, 'VERONICA IRENE', 'SOTO  DE HERNANDEZ', '5504', '6747', '02203565-7', 'AC'),
(3828, 'CLAUDIA MARIA', 'SUAREZ RAMIREZ ', '4385', '6052', '00416242-2', 'AC'),
(3829, 'JOSE ALEJANDRO', 'SUAREZ MARTINEZ ', '3776', '5775', '', 'AC'),
(3830, 'EDUARDO ', 'SUAREZ MENDOZA ', '1418', '392', '01-01-1129', 'BJ'),
(3831, 'EDUARDO ', 'SUAREZ CASTANEDA ', '1392', '2078', '01-01-1162', 'AC'),
(3832, 'JOSE RICARDO', 'SUAREZ ARANA ', '1370', '541', '01-01-4563', 'BJ'),
(3833, 'ROLANDO IVAN', 'TEJADA MURCIA ', '1442', '2444', '00222069-8', 'AC'),
(3834, 'CELIA ESPERANZA', 'TEJADA SANDOVAL ', '4585', '8364', '06-1029665', 'AC'),
(3835, 'EVELYN AZUCENA', 'TEJADA GOMEZ ', '5298', '9702', '00556286-1', 'AC'),
(3836, 'FRANCISCO GUILLERMO', 'TENORIO VELASCO ', '2264', '4176', '01864949-4', 'AC'),
(3837, 'EDGAR ANTONIO', 'TENORIO  ', '1434', '666', '', 'BJ'),
(3838, 'MIGUEL BENJAMIN', 'TENZE TRABANINO ', '1433', '1152', '01-01-2146', 'BJ'),
(3839, 'VICTORIA ESTHER', 'TERCERO  DE MAJANO', '872', '1888', '01600374-9', 'AC'),
(3840, 'SONIA KARINA', 'TESORERO  DE VIDES', '4162', '5808', '01100043-7', 'AC'),
(3841, 'MARIO RENE', 'TEVEZ MOLINA ', '1438', '1890', '02588986-9', 'AC'),
(3842, 'ROBERTO ARMANDO', 'TICAS CARCAMO ', '3602', '1186', '01-01-0821', 'AC'),
(3843, 'RENE ', 'TIRABOSCHI RODRIGUEZ ', '1452', '2172', '00508893-0', 'AC'),
(3844, 'ROBERTO GERMAN', 'TOBAR PONCE ', '1432', '1374', '00185183-6', 'AC'),
(3845, 'JUAN ANTONIO', 'TOBAR RIVAS ', '1455', '3327', 'DUI 016938', 'AC'),
(3846, 'ROSA EVELIN', 'TOBAR FLORES ', '2491', '4296', '02340025-3', 'AC'),
(3847, 'ROXANA JEANNETTE', 'TOBAR GALAN ', '4137', '5740', '00430215-3', 'AC'),
(3848, 'CARLOS ENRIQUE', 'TOBAR CONTRERAS ', '5344', '9148', '00377409-8', 'AC'),
(3849, 'NELSON EDUARDO', 'TOBAR CONTRERAS ', '4808', '9711', '01663892-6', 'AC'),
(3850, 'ZINNIA NATALY', 'TOBAR GALEAS ', '5733', '11527', '03381066-2', 'AC'),
(3851, 'LIDIA MARISELA', 'TOBIAS LINARES DE PALACIOS', '5126', '10423', '0784460-9', 'AC'),
(3852, 'FELIPE MAURICIO', 'TOBIAS RUANO ', '1445', '1776', '00422402-0', 'AC'),
(3853, 'RAUL GUILLLERMO', 'TOLEDO SALVO ', '1435', '1305', '', 'BJ'),
(3854, 'CARBILIO HUMBERTO', 'TOMASINO Y HURTADO ', '1424', '0', '', 'BJ'),
(3855, 'ALEJANDRO ', 'TORRES MARMOL ', '1426', '0', '', 'BJ'),
(3856, 'JULIO CESAR', 'TORRES CASTRO ', '1436', '1749', '00862575-7', 'BJ'),
(3857, 'LUIS ANTONIO', 'TORRES CISNEROS ', '1428', '0', '', 'BJ'),
(3858, 'CARLOS RODOLFO', 'TORRES MURCIA ', '1447', '2144', '01-01-0468', 'AC'),
(3859, 'CARLOS JAVIER', 'TORRES SOSA ', '1441', '1431', '00635037-2', 'AC'),
(3860, 'RONALD ENRIQUE', 'TORRES GOMEZ ', '1651', '3708', '01928205-9', 'AC'),
(3861, 'MARLON ALBERTO', 'TORRES CABRERA ', '5025', '7017', '02414604-8', 'AF'),
(3862, 'HENRY ALEXANDER', 'TORRES DUKE ', '4870', '6135', '01023124-7', 'AC'),
(3863, 'AIDA MARGARITA', 'TORRES ROSALES ', '5320', '7991', '00632274-3', 'AC'),
(3864, 'CARMEN ELENA', 'TORRES PACHECO ', '5303', '10889', '00676527-6', 'AC'),
(3865, 'ROXANA LISSETH', 'TORRES ARDON ', '5162', '8857', '00713251-5', 'AC'),
(3866, 'CARLOS GALILEO', 'TORRES ARITA ', '5155', '6782', '01973655-3', 'AC'),
(3867, 'JOSE ARTURO', 'TORRES HERNANDEZ ', '4109', '5623', '01259533-8', 'AC'),
(3868, 'FRANCIA LIZBETH', 'TORRES HUEZO DE ACEVEDO', '3982', '6133', '01514727-3', 'AC'),
(3869, 'ROSA ELIZABETH', 'TORRES FLORES ', '3793', '5256', '02238742-8', 'AC'),
(3870, 'AURA MARINA', 'TORRES NOLASCO ', '3316', '250', '02087254-0', 'AC'),
(3871, 'CARLOS ALBERTO', 'TORRUELLA AVELAR ', '1429', '1290', '00454775-3', 'BJ'),
(3872, 'PATRICIA ROXANA', 'TOVAR  DE CANIZALEZ', '2348', '3586', '01810971-1', 'AC'),
(3873, 'CARMEN PATRICIA', 'TRABANINO  DE CRUZ', '2513', '3374', '01-01-8391', 'AC'),
(3874, 'MAURICIO ALFREDO', 'TRABANINO PACAS ', '5058', '9336', '00118270-8', 'AC'),
(3875, 'ADELAIDA LOURDES TREJO', 'TREJO  DE ESTRADA', '2510', '3626', '0036183-9', 'AC'),
(3876, 'RHINA NURIA', 'TRIGUEROS ORELLANA DE MARTINEZ', '2703', '862', '1-1-223447', 'BJ'),
(3877, 'SAMUEL EDUARDO', 'TRILLOZ DE LA HOZ ', '4612', '5793', 'DUI 001674', 'AC'),
(3878, 'MARIO ERNESTO', 'TRINIDAD MENDEZ ', '3511', '5364', '00803960-5', 'AC'),
(3879, 'ANA ELIZABETH', 'TRUJILLO COTO DE BENDIX', '2708', '3256', '01426106-6', 'AC'),
(3880, 'LUIS ANTONIO', 'TRUJILLO ALVAREZ ', '4348', '6117', '00148244-1', 'AC'),
(3881, 'ANA SILVIA', 'TURCIOS BARRAZA ', '3374', '4230', '01884539-1', 'AC'),
(3882, 'SIMON ANGEL', 'TURCIOS PINEDA ', '1444', '0', '', 'BJ'),
(3883, 'ISMAEL ', 'TURCIOS CALDERON ', '1451', '1010', '01-18-0020', 'BJ'),
(3884, 'FRANCISCO EDUARDO', 'TURCIOS MENDOZA ', '5685', '8793', '00717227-2', 'AC'),
(3885, 'OSCAR MAURICIO', 'ULLOA GONZALEZ ', '2855', '4460', '02507781-0', 'AC'),
(3886, 'JORGE ALBERTO', 'UMA?A GRANADOS ', '1803', '1766', '01919602-0', 'AC'),
(3887, 'MIRIAM GUADALUPE', 'URBINA  DE ARGUETA', '4448', '6434', '1-18-00139', 'AC'),
(3888, 'ALCIRA JOHANNA DE MARIA', 'URIAS  DE MAYEN', '4529', '0', '', 'AC'),
(3889, 'ERNESTO ANTONIO', 'URQUILLA MILIAN ', '1461', '0', '01216877-5', 'AC'),
(3890, 'MARIO NELSON', 'URQUIZA OSORTO ', '4352', '7582', '01641318-0', 'AC'),
(3891, 'SANDRA MARIBEL', 'URRUTIA PEREZ DE ARANIVA', '3694', '5090', '03-02-0012', 'AC'),
(3892, 'LUIS ERNESTO', 'URRUTIA CENTENO ', '1459', '0', '', 'BJ'),
(3893, 'CARLOS ERNESTO', 'URRUTIA LUNA ', '1457', '1216', '00600058-7', 'AC'),
(3894, 'ENRIQUE HUMBERTO', 'VALDES FLORES ', '3710', '5525', '01-01-3373', 'AC'),
(3895, 'HILDA MORENA', 'VALDES OCAMPO DE CONTRERAS', '3023', '1639', '04-07-0032', 'AC'),
(3896, 'ADELA MERCEDES', 'VALDEZ  DE PERDOMO', '2777', '4004', '02049441-5', 'AC'),
(3897, 'SAUL NOE', 'VALDEZ AVALOS ', '5121', '5995', '00460006-4', 'AC'),
(3898, 'EDUARDO ALBERTO', 'VALDEZ BOLAÑOS ', '1507', '866', '', 'BJ'),
(3899, 'MARISABELL ', 'VALDEZ MUÑOZ ', '2015', '4022', '01-01-2453', 'AC'),
(3900, 'ROBERTO ARTURO', 'VALDIVIESO LOPEZ CASADO', '4267', '6577', '01080021-6', 'AC'),
(3901, 'YOHAMY GUADALUPE', 'VALENCIA VILLEDA ', '5124', '9798', '01110740-9', 'AC'),
(3902, 'ANAYANSI ', 'VALENCIA MONTERROSA DE CORTEZ', '2887', '4688', '00798364-9', 'AC'),
(3903, 'JOSE HECTOR', 'VALENCIA MORALES ', '2978', '1011', '02592466-9', 'BJ'),
(3904, 'MARIA GLORIA ELENA', 'VALENCIA CABEZAS ', '1993', '1576', '01-03-0019', 'AC'),
(3905, 'RAFAEL ANTONIO', 'VALENCIA FUENTES ', '1897', '1702', '00111878-3', 'BJ'),
(3906, 'JULIO CESAR', 'VALENCIA ORDOÑEZ ', '1505', '1417', '01535710-3', 'BJ'),
(3907, 'ANABEL ', 'VALENCIA GUZMAN ', '1490', '2909', '00624498-7', 'AC'),
(3908, 'MARIA CELESTE', 'VALIENTE GONZALEZ ', '3774', '5699', '00205732-0', 'AC'),
(3909, 'FREDY ERNESTO', 'VALIENTE CONTRERAS ', '4116', '3386', '02592955-4', 'AC'),
(3910, 'MAURICIO ', 'VALLADARES AREVALO ', '1515', '1080', '', 'BJ'),
(3911, 'RODOLFO ', 'VALLE HERNANDEZ ', '1747', '2212', '02620924-0', 'AC'),
(3912, 'EDWIN RICARDO', 'VALLE MONTANO ', '4738', '6929', '00872378-3', 'AC'),
(3913, 'FATIMA TRINIDAD', 'VALLE  DE ZUNIGA', '3485', '5099', '01-03-0082', 'AC'),
(3914, 'GIOVANNA PETRA', 'VALVERDE RUIZ DE PALACIOS', '4916', '5536', '03681827-9', 'AC'),
(3915, 'KENIA LISSETTE', 'VANEGAS INTERIANO DE CAMPOS', '5304', '9275', '0495160-1', 'AC'),
(3916, 'ARMANDO ', 'VAQUERANO NUILA ', '1517', '0', '', 'BJ'),
(3917, 'FLAVIO OSVALDO', 'VAQUERO ANDRADE ', '4606', '8290', '02308748-7', 'AC'),
(3918, 'JULIO RENE', 'VARELA SORTO ', '1495', '1721', '', 'AC'),
(3919, 'GREGORIA DEL CARMEN', 'VARGAS MACHADO ', '4595', '7373', '01477953-0', 'AC'),
(3920, 'MARIA AUXILIADORA', 'VARGAS ABREGO ', '5725', '10133', '01978144-3', 'AC'),
(3921, 'LILIAN CECILIA', 'VASQUEZ PASTORE ', '4564', '7382', '02344225-5', 'AC'),
(3922, 'GLORIA ASTRID', 'VASQUEZ PINEDA DE REYES', '4034', '6656', '01-01-0299', 'AC'),
(3923, 'THELMA GLADYS', 'VASQUEZ PANIAGUA ', '4294', '7366', '00767471-1', 'AC'),
(3924, 'GLORIA MARGARITA', 'VASQUEZ ECHEGOYEN ', '3671', '5291', '01811400-9', 'AC'),
(3925, 'DAVID ERNESTO', 'VASQUEZ BELTRAN ', '2853', '4727', '01243944-3', 'AC'),
(3926, 'MILAGRO CAROLINA', 'VASQUEZ  DE APARICIO', '2689', '4207', '04-07-0141', 'AC'),
(3927, 'MARCO ANTONIO', 'VASQUEZ DE PAZ ', '2277', '0', '', 'BJ'),
(3928, 'LIGIA MARGARITA', 'VASQUEZ ALVARADO DE PORTILLO', '2231', '3467', '00086233-9', 'AC'),
(3929, 'CARLOS ABRAHAM', 'VASQUEZ POSADA ', '1493', '602', '01-01-0446', 'BJ'),
(3930, 'LUIS ALONSO', 'VASQUEZ CUELLAR ', '1481', '1709', '02262830-3', 'AC'),
(3931, 'RAFAEL ', 'VASQUEZ FLORES ', '1469', '2241', '00100966-7', 'AC'),
(3932, 'JOSE ALBERTO', 'VASQUEZ JOYA ', '1543', '3081', '01618970-7', 'AC'),
(3933, 'MAURICIO GUILLERMO', 'VASQUEZ ROMERO ', '1697', '3809', '02497342-9', 'AC'),
(3934, 'JOSE HECTOR', 'VASQUEZ MORENO ', '1822', '3180', '3-1-002707', 'AC'),
(3935, 'LUIS EDMUNDO', 'VASQUEZ PADILLA ', '1960', '3838', '1-1-341321', 'AC'),
(3936, 'LESLIE NEREYDA', 'VEGA VIOLANTE DE GARAY', '1699', '3441', '05-01-0076', 'AC'),
(3937, 'RICARDO ALBERTO', 'VEGA VALDES ', '1537', '2132', '00074966-2', 'AC'),
(3938, 'JOSE MARIO', 'VEGA ALVAREZ ', '1489', '938', '1-1-180012', 'BJ'),
(3939, 'MAXIMO ALBERTO', 'VEGA MANTILLA ', '1502', '0', '23-4461', 'BJ'),
(3940, 'MANUEL ALBERTO', 'VEGA RENDEROS ', '2177', '1298', '6-1-013905', 'AC'),
(3941, 'SANDRA YANIRA', 'VEGA SANCHEZ DE AVENDA?O', '2565', '4228', '02329078-9', 'AC'),
(3942, 'SANDRA PATRICIA', 'VEGA  DE BURGOS', '3665', '3421', '01-01-0010', 'AC'),
(3943, 'MORENA GUADALUPE', 'VELA JIMENEZ ', '2331', '3952', '02418276-9', 'AC'),
(3944, 'VILMA VERONICA', 'VELADO  DE VASQUEZ', '1532', '1710', '1-1-189401', 'AC'),
(3945, 'JOSE MAURICIO', 'VELADO LEON ', '5642', '5356', '00064235-7', 'AC'),
(3946, 'SAUL ROMEO', 'VELASCO AREVALO ', '1518', '1159', '01411541-9', 'BJ'),
(3947, 'FRANCISCO JOSE', 'VELASCO  ', '1511', '0', '', 'BJ'),
(3948, 'JOSE MAURICIO', 'VELASCO SALDAÑA ', '1473', '1831', '', 'BJ'),
(3949, 'LUZ EVANGELINA', 'VELASQUEZ ALFARO DE GARCIA', '1483', '1622', '01000298-1', 'AC'),
(3950, 'CIRO ', 'VELASQUEZ MOJICA ', '1508', '0', '', 'BJ'),
(3951, 'JOSE ARISTIDES', 'VELASQUEZ PERLA ', '1536', '1465', '7-2-000031', 'BJ'),
(3952, 'JOSE EFRAIN', 'VELASQUEZ DAVILA ', '1664', '1291', '00053660-3', 'BJ'),
(3953, 'EVELYN ', 'VELASQUEZ JOYA DE PARADA', '1136', '2582', '02227371-8', 'AC'),
(3954, 'OSCAR ADALBERTO', 'VELASQUEZ ZELAYA ', '2129', '1741', '01874213-7', 'BJ'),
(3955, 'JORGE ERNESTO', 'VELASQUEZ GRANADOS ', '2620', '4142', '02728968-3', 'AC'),
(3956, 'CARLOS EDUARDO', 'VELASQUEZ LAGUARDIA ', '2739', '2821', '01868176-3', 'AC'),
(3957, 'ANA ISABEL', 'VELASQUEZ GARAY DE GUERRERO', '3501', '5093', '02400594-1', 'AC'),
(3958, 'CELIA DOLORES', 'VELASQUEZ PAZ ', '3031', '4334', '01804740-6', 'AC'),
(3959, 'RAUL ALFONSO', 'VELASQUEZ LOPEZ ', '4080', '2222', '02043599-0', 'AC'),
(3960, 'MIRNA ELIZABETH', 'VELASQUEZ MARTINEZ ', '4657', '7496', '03-01-0122', 'AC'),
(3961, 'TOMAS ARNOLDO', 'VENTURA CENTENO ', '1525', '2888', '00101586-2', 'AC'),
(3962, 'FLOR ELIZABETH', 'VENTURA GODOY DE TICAS', '1506', '1828', '02164392-8', 'AC'),
(3963, 'MAURICIO ', 'VENTURA CENTENO ', '1485', '1757', '3-1-009570', 'AC'),
(3964, 'TERESA DE JESUS', 'VENTURA  DE BURGOS', '151', '927', '01606930-5', 'BJ'),
(3965, 'JAIME ROBERTO', 'VENTURA UMANZOR ', '5668', '13870', '03526231-0', 'AC'),
(3966, 'JOSE JOAQUIN', 'VIANA AGUILUZ ', '2096', '3724', '03028015-1', 'AC'),
(3967, 'ROBERTO FRANCISCO', 'VIDES CASANOVA ', '2064', '2533', '11-01-0364', 'AC'),
(3968, 'RICARDO EDMUNDO', 'VIDES LEMUS ', '1500', '0', '', 'BJ'),
(3969, 'JOSE MAURICIO', 'VIDES GUERRERO ', '4741', '6003', '02455513-2', 'AC'),
(3970, 'MILTON EDUARDO', 'VIDES LEMUS ', '3912', '5144', '02-01-1363', 'AC'),
(3971, 'MIGUEL ANGEL', 'VIDES LEMUS ', '4287', '7270', '01-01-3473', 'AC'),
(3972, 'JOSE ROBERTO ANTONIO', 'VIDES GARCIA ', '4266', '7261', '01480378-7', 'AC'),
(3973, 'RENE ROLANDO', 'VIEYTEZ GUERRA ', '2621', '0', '2-1-22622', 'BJ'),
(3974, 'MANUEL ADRIANO', 'VILANOVA CORDOVA ', '1499', '0', '', 'BJ'),
(3975, 'ROMMEL GILBERTO', 'VILLACORTA AREVALO ', '1472', '1847', '', 'AC'),
(3976, 'SONIA ELSY', 'VILLALOBOS  DE MARTINEZ', '893', '1177', '01291333-2', 'AC'),
(3977, 'NORMA CECILIA', 'VILLALOBOS PALENCIA DE CUBIAS', '5238', '8444', '02541839-1', 'AC'),
(3978, 'CAMILO ', 'VILLALTA RODRIGUEZ ', '3918', '5791', '00135627-6', 'AC'),
(3979, 'LUISA ADELA', 'VILLALTA  DE MELGAR', '3991', '5247', '01-04-0475', 'AC'),
(3980, 'JOSE ALEXANDER', 'VILLALTA SERMEÑO ', '4650', '7647', '00206274-9', 'AC'),
(3981, 'JESUS VICENTE', 'VILLALTA CARCAMO ', '2845', '4137', '01495254-4', 'AC'),
(3982, 'VERA MARGARITA', 'VILLALTA  DE ZEPEDA', '3114', '4775', '0015080-5', 'AC'),
(3983, 'LUIS EDGARDO', 'VILLALTA MORALES ', '3213', '5086', '01658686-0', 'AC'),
(3984, 'SOFIA CELICA', 'VILLALTA  DE DELGADO', '386', '1376', '01980244-3', 'BJ'),
(3985, 'CARLOS ALBERTO', 'VILLALTA BARBERENA ', '1491', '1279', '00853627-5', 'AC'),
(3986, 'MAYDA DELMA', 'VILLALTA ALVAREZ ', '1494', '968', '00395754-9', 'BJ'),
(3987, 'ANA MERCEDES', 'VILLALTA CARCARMO ', '1905', '3648', '01970933-6', 'AC'),
(3988, 'ANDRES ORLANDO', 'VILLANUEVA GARCIA ', '1544', '3022', '00361885-2', 'AC'),
(3989, 'HUGO ', 'VILLARROEL ABREGO ', '2733', '3923', '02426956-1', 'AC'),
(3990, 'NORA MARIA', 'VILLATORO ALVARADO DE MARTINEZ', '4764', '7149', '02632101-8', 'AC'),
(3991, 'JOSE VICTORINO', 'VILLATORO VILLATORO ', '1504', '0', '01928744-9', 'AC'),
(3992, 'LUIS ANTONIO', 'VILLATORO VALLE ', '1513', '1232', '00998390-4', 'BJ'),
(3993, 'CARLOS ALBERTO', 'VILLATORO BRUYEROS ', '1480', '0', '', 'BJ'),
(3994, 'MIGUEL ANGEL', 'VILLEDA RODRIGUEZ ', '1516', '817', '01-01-0074', 'BJ'),
(3995, 'SERGIO ARTURO', 'VILLEGAS LOPEZ C/P CAÑAS LOPEZ', '355', '2998', '00521700-0', 'AC'),
(3996, 'BLANCA HERLINDA', 'VINDEL CASTANEDA ', '4196', '5488', '11-1-03634', 'AC'),
(3997, 'JOAQUIN ', 'VIVAS APARICIO ', '1696', '3640', '01170254-2', 'AC'),
(3998, 'JOSE ZANONI', 'YADA  ', '2328', '4283', '00577408-6', 'AC'),
(3999, 'MARTHA MELIDA', 'YANES ROMERO ', '2555', '3023', '03-01-0008', 'AC'),
(4000, 'MIGUEL ANGEL', 'YANES SIRIANY ', '5228', '6537', '03511212-5', 'AC'),
(4001, 'JUAN ', 'YANES CARPINTERO ', '1565', '2935', '3-1-071741', 'AC'),
(4002, 'RINA AZUCENA', 'YANES LOPEZ DE SORIANO', '1374', '1590', '01713430-7', 'AC'),
(4003, 'LUIS ROBERTO', 'YANEZ VENTURA ', '4374', '7824', '02365777-9', 'AC'),
(4004, 'AIDA MAGDALENA', 'YUDICE ALVARADO ', '5258', '12178', '03185364-8', 'AC'),
(4005, 'SANTIAGO ', 'YUDICE AMAYA ', '1545', '763', '', 'BJ'),
(4006, 'ALEXIA LUCRECIA', 'YUDICE  DE BAUTISTA', '5500', '13231', '00227181-9', 'AC'),
(4007, 'MIGUEL MARIO', 'ZABLAH DABOUB ', '1552', '1137', '04-01-0095', 'AC'),
(4008, 'GLORIA ISABEL', 'ZABLAH KALIL DE SALEM', '1390', '2764', '00756896-0', 'AC'),
(4009, 'ROBERTO ARTURO', 'ZABLAH CORDOVA ', '2404', '4349', '3-1-083164', 'AC'),
(4010, 'FLORENCE ESTHER', 'ZACAPA ESCALANTE DE VALDES', '2166', '4141', '01613998-0', 'AC'),
(4011, 'CECILIA MARISELA', 'ZALDAÑA AMAYA DE LUCHA', '2994', '3916', '1-1-249497', 'AC'),
(4012, 'ROMAN ', 'ZALDIVAR MOLINA ', '4272', '7062', '02099622-1', 'AC'),
(4013, 'LUIS ENRIQUE', 'ZALDIVAR  ', '1549', '0', '', 'BJ'),
(4014, 'HUGO ALEXANDER', 'ZAMORA RECINOS ', '4974', '9268', '01717260-6', 'AC'),
(4015, 'GERARDO ', 'ZAMORA DIAZ ', '2893', '4376', '01774695-0', 'AC'),
(4016, 'RENE ALEXANDER', 'ZAPATA NIETO ', '1557', '1564', '04-01-0094', 'AC'),
(4017, 'CLAUDIA MARIA', 'ZAPATA SALGUERO ', '5473', '11308', '02185707-2', 'AC'),
(4018, 'DELFINA MARIA', 'ZAPPALA  DE BADIA', '162', '0', '6041', 'BJ'),
(4019, 'MARIO ADALBERTO', 'ZARATE AGUILAR ', '1560', '745', '1-1-179897', 'BJ'),
(4020, 'JORGE MANUEL', 'ZAVALETA MEJIA ', '1554', '0', '00813485-3', 'BJ'),
(4021, 'MARTA INES', 'ZAVALETA  DE COLATO', '239', '0', '', 'AC'),
(4022, 'CARLOS MIGUEL', 'ZAVALETA CONSUEGRA ', '4030', '6334', '1-1-000033', 'AC'),
(4023, 'LORENA GUADALUPE', 'ZECEÑA  DE GONZALEZ', '2090', '4024', '02058073-7', 'AC'),
(4024, 'CARLOS ', 'ZELAYA GOMEZ ', '1548', '0', '', 'BJ'),
(4025, 'BERTA ELENA', 'ZELAYA  DE CORNEJO', '300', '1652', '00311564-2', 'AC'),
(4026, 'RENE SIGFRIDO', 'ZELAYA RIVERA ', '4479', '8131', '01343400-6', 'AC'),
(4027, 'MARIA EFIGENIA', 'ZELAYA COLATO DE BENDEK', '3756', '4928', '1-7-000003', 'AC'),
(4028, 'JULIO ANTONIO', 'ZELAYA LAZO ', '3844', '3116', '01-01-0165', 'AC'),
(4029, 'JOSE RAUL', 'ZELEDON CASTILLO ', '5085', '5026', '01712046-3', 'AC'),
(4030, 'ALEJANDRO JOSE', 'ZEPEDA GARCIA ', '4996', '8117', '01059605-3', 'AC'),
(4031, 'DAVID EDGARDO', 'ZEPEDA REYES ', '4925', '7769', '01734592-4', 'AC'),
(4032, 'PEDRO ALFONSO', 'ZEPEDA CASTILLO ', '4954', '7277', '01826527-4', 'AC'),
(4033, 'XINIA MARCELA', 'ZEPEDA MATAL DE MORALES', '5288', '11032', '0576036-2', 'AC'),
(4034, 'JOSE ROGELIO', 'ZEPEDA AGUILAR ', '1551', '965', '01-01-1051', 'BJ'),
(4035, 'LUZ MARIA', 'ZEPEDA  ', '1558', '1411', '1-3-006622', 'BJ'),
(4036, 'ANDRES ALBERTO', 'ZIMMERMANN MEJIA ', '1559', '2603', '02330304-5', 'AC'),
(4037, 'SANDRA JEANNETTE', 'ZOMETA ALFARO DE HERNANDEZ', '5568', '11549', '01495428-7', 'AC'),
(4038, 'JORGE ALBERTO', 'ZUNIGA DIAZ ', '1556', '1464', '17965562', 'AC'),
(4039, 'HECTOR EDUARDO', 'GUIDOS MORALES', '4878', '0', NULL, 'AC');

-- --------------------------------------------------------

--
-- Estructura de tabla para la tabla `temp_votacion`
--

CREATE TABLE `temp_votacion` (
  `temp_id` int(11) NOT NULL,
  `planilla_id` int(11) DEFAULT NULL,
  `votacion_id` int(11) DEFAULT NULL,
  `cargopost_id` int(11) DEFAULT NULL,
  `votos` int(11) DEFAULT NULL,
  `nulos` int(11) DEFAULT NULL,
  `abstenciones` int(11) DEFAULT NULL,
  `estado` varchar(3) NOT NULL
) ENGINE=InnoDB DEFAULT CHARSET=latin1;

--
-- Volcado de datos para la tabla `temp_votacion`
--

INSERT INTO `temp_votacion` (`temp_id`, `planilla_id`, `votacion_id`, `cargopost_id`, `votos`, `nulos`, `abstenciones`, `estado`) VALUES
(141, 5, 9, 7, 1, 0, 0, 'PRC'),
(142, 5, 9, 9, 1, 0, 0, 'PRC'),
(143, 5, 9, 11, 1, 0, 0, 'PRC'),
(144, 5, 9, 12, 1, 0, 0, 'PRC'),
(145, 5, 9, 8, 1, 0, 0, 'PRC'),
(146, 5, 9, 10, 1, 0, 0, 'PRC'),
(147, 5, 9, 13, 1, 0, 0, 'PRC'),
(148, 5, 9, 14, 1, 0, 0, 'PRC'),
(149, 5, 9, 15, 1, 0, 0, 'PRC'),
(150, 5, 9, 16, 1, 0, 0, 'PRC'),
(151, 5, 9, 17, 1, 0, 0, 'PRC'),
(152, 5, 9, 7, 1, 0, 0, 'PRC'),
(153, 5, 9, 9, 1, 0, 0, 'PRC'),
(154, 5, 9, 8, 1, 0, 0, 'PRC'),
(155, 5, 9, 12, 1, 0, 0, 'PRC'),
(156, 5, 9, 11, 1, 0, 0, 'PRC'),
(157, 5, 9, 10, 1, 0, 0, 'PRC'),
(158, 5, 9, 13, 1, 0, 0, 'PRC'),
(159, 5, 9, 14, 1, 0, 0, 'PRC'),
(160, 5, 9, 15, 1, 0, 0, 'PRC'),
(161, 5, 9, 16, 1, 0, 0, 'PRC'),
(162, 5, 9, 17, 1, 0, 0, 'PRC'),
(163, 0, 9, 7, 0, 0, 1, 'PRC'),
(164, 5, 9, 8, 1, 0, 0, 'PRC'),
(165, 6, 9, 9, 1, 0, 0, 'PRC'),
(166, 0, 9, 10, 0, 0, 1, 'PRC'),
(167, 6, 9, 12, 1, 0, 0, 'PRC'),
(168, 6, 9, 11, 1, 0, 0, 'PRC'),
(169, 5, 9, 13, 1, 0, 0, 'PRC'),
(170, 0, 9, 14, 0, 1, 0, 'PRC'),
(171, 0, 9, 15, 0, 1, 0, 'PRC'),
(172, 5, 9, 16, 1, 0, 0, 'PRC'),
(173, 6, 9, 17, 1, 0, 0, 'PRC'),
(174, 1, 1, 1, 0, 0, 0, 'PRC'),
(175, 1, 1, 1, 0, 0, 0, 'PRC'),
(176, 1, 1, 1, 0, 0, 0, 'PRC'),
(177, 1, 1, 1, 0, 0, 0, 'PRC'),
(178, 1, 1, 1, 0, 0, 0, 'PRC'),
(179, 1, 1, 1, 0, 0, 0, 'PRC'),
(180, 1, 1, 1, 0, 0, 0, 'PRC'),
(181, 1, 1, 1, 0, 0, 0, 'PRC'),
(182, 1, 1, 1, 0, 0, 0, 'PRC'),
(183, 1, 1, 1, 0, 0, 0, 'PRC'),
(184, 1, 1, 1, 0, 0, 0, 'PRC'),
(185, 1, 1, 1, 0, 0, 0, 'PRC'),
(186, 1, 1, 1, 0, 0, 0, 'PRC'),
(187, 1, 1, 1, 0, 0, 0, 'PRC'),
(188, 1, 1, 1, 0, 0, 0, 'PRC'),
(189, 1, 1, 1, 0, 0, 0, 'PRC'),
(190, 1, 1, 1, 0, 0, 0, 'PRC'),
(191, 1, 1, 1, 0, 0, 0, 'PRC'),
(192, 1, 1, 1, 0, 0, 0, 'PRC'),
(193, 1, 1, 1, 0, 0, 0, 'PRC'),
(194, 1, 1, 1, 0, 0, 0, 'PRC'),
(195, 1, 1, 1, 0, 0, 0, 'PRC'),
(196, 1, 1, 1, 0, 0, 0, 'PRC'),
(197, 1, 1, 1, 0, 0, 0, 'PRC'),
(198, 1, 1, 1, 0, 0, 0, 'PRC'),
(199, 1, 1, 1, 0, 0, 0, 'PRC'),
(200, 1, 1, 1, 0, 0, 0, 'PRC'),
(201, 1, 1, 1, 0, 0, 0, 'PRC'),
(202, 1, 1, 1, 0, 0, 0, 'PRC'),
(203, 1, 1, 1, 0, 0, 0, 'PRC'),
(204, 1, 1, 1, 0, 0, 0, 'PRC'),
(205, 1, 1, 1, 0, 0, 0, 'PRC'),
(206, 1, 1, 1, 0, 0, 0, 'PRC'),
(207, 1, 1, 1, 0, 0, 0, 'PRC'),
(208, 1, 1, 1, 0, 0, 0, 'PRC'),
(209, 1, 1, 1, 0, 0, 0, 'PRC'),
(210, 1, 1, 1, 0, 0, 0, 'PRC'),
(211, 1, 1, 1, 0, 0, 0, 'PRC'),
(212, 1, 1, 1, 0, 0, 0, 'PRC'),
(213, 1, 1, 1, 0, 0, 0, 'PRC'),
(214, 1, 1, 1, 0, 0, 0, 'PRC'),
(215, 1, 1, 1, 0, 0, 0, 'PRC'),
(216, 1, 1, 1, 0, 0, 0, 'PRC'),
(217, 1, 1, 1, 0, 0, 0, 'PRC'),
(218, 1, 1, 1, 0, 0, 0, 'PRC'),
(219, 6, 9, 7, 1, 0, 0, 'PEN'),
(220, 6, 9, 9, 1, 0, 0, 'PEN'),
(221, 6, 9, 8, 1, 0, 0, 'PEN'),
(222, 6, 9, 11, 1, 0, 0, 'PEN'),
(223, 6, 9, 10, 1, 0, 0, 'PEN'),
(224, 6, 9, 12, 1, 0, 0, 'PEN'),
(225, 6, 9, 13, 1, 0, 0, 'PEN'),
(226, 6, 9, 14, 1, 0, 0, 'PEN'),
(227, 6, 9, 15, 1, 0, 0, 'PEN'),
(228, 6, 9, 16, 1, 0, 0, 'PEN'),
(229, 6, 9, 17, 1, 0, 0, 'PEN');

-- --------------------------------------------------------

--
-- Estructura de tabla para la tabla `unidad`
--

CREATE TABLE `unidad` (
  `id_unidad` int(10) UNSIGNED NOT NULL COMMENT 'ID',
  `nombre_unidad` varchar(80) NOT NULL COMMENT 'Nombre de la Unidad'
) ENGINE=InnoDB DEFAULT CHARSET=latin1 COMMENT='Catálogo de unidades';

--
-- Volcado de datos para la tabla `unidad`
--

INSERT INTO `unidad` (`id_unidad`, `nombre_unidad`) VALUES
(1, 'Compras y Adquisiciones');

-- --------------------------------------------------------

--
-- Estructura de tabla para la tabla `usuario`
--

CREATE TABLE `usuario` (
  `idusr` int(10) UNSIGNED NOT NULL COMMENT 'ID',
  `nomusuario` varchar(20) NOT NULL COMMENT 'Nombre de usuario de login',
  `clave` varchar(64) NOT NULL COMMENT 'Clave de acceso',
  `nomcompleto` varchar(80) DEFAULT NULL COMMENT 'Nombre de la persona',
  `estado` varchar(3) NOT NULL DEFAULT 'INA' COMMENT 'Estado del usuario',
  `intentoslogin` tinyint(3) UNSIGNED DEFAULT '0' COMMENT 'Intentos fallidos de login',
  `ultimologin` datetime NOT NULL COMMENT 'Ultimo acceso al sistema',
  `idrol` int(10) UNSIGNED DEFAULT NULL COMMENT 'Rol del usuario dentro del sistema',
  `iditt` int(10) UNSIGNED DEFAULT NULL COMMENT 'ID de la institucion a la que pertenece',
  `id_unidad` int(10) UNSIGNED DEFAULT NULL COMMENT 'ID de la unidad'
) ENGINE=InnoDB DEFAULT CHARSET=latin1 COMMENT='Catalogo de usuarios del sistema';

--
-- Volcado de datos para la tabla `usuario`
--

INSERT INTO `usuario` (`idusr`, `nomusuario`, `clave`, `nomcompleto`, `estado`, `intentoslogin`, `ultimologin`, `idrol`, `iditt`, `id_unidad`) VALUES
(1, 'admin', '18bfdd185974fe29c9838f980a08887618f03626', 'Administrador global', 'ACT', 0, '2015-11-21 16:14:22', 7, 2, 1),
(2, 'padronelectoral', '25eedf64438589ab9bc39d98c9fd7ed9e675b02a', 'Padron Electoral', 'ACT', 0, '2013-12-26 21:16:26', 6, NULL, NULL),
(3, 'prueba009', 'ed2dd6f976de1ca8452fd1bd8e9a48ec71f6588e', 'Prueba 009', 'ACT', 0, '2014-01-07 22:04:39', 1, 2, NULL),
(4, 'ingresovotos', '8c4eb628037b715eae8b7e230f6cb2d3d2e0c7c7', 'Ingreso de Votos', 'ACT', 0, '2013-12-26 21:18:14', 5, NULL, NULL),
(5, 'registro', '0ac94d31653bde841bd0dcb5745a2cdf7eb5b56d', 'Registro Votos', 'ACT', 0, '2015-11-04 17:16:25', 5, NULL, NULL),
(6, 'padron', '25eedf64438589ab9bc39d98c9fd7ed9e675b02a', 'Revision de Padron', 'ACT', 0, '2015-10-09 23:56:23', 6, NULL, NULL);

-- --------------------------------------------------------

--
-- Estructura de tabla para la tabla `votacion`
--

CREATE TABLE `votacion` (
  `votacion_id` int(10) UNSIGNED NOT NULL COMMENT 'ID',
  `anio` int(5) UNSIGNED NOT NULL COMMENT 'El año de la votación',
  `nombre` varchar(20) NOT NULL COMMENT 'Nombre de la Votación',
  `estado` varchar(3) NOT NULL COMMENT 'Define si la votación está activa',
  `situacion` varchar(3) NOT NULL COMMENT 'Situación de la votación: ACTIVA, DEFINIDA, CERRADA',
  `periodo` varchar(20) DEFAULT NULL COMMENT 'Periodo de la Votacion'
) ENGINE=InnoDB DEFAULT CHARSET=latin1 COMMENT='Catalogos de Votaciones';

--
-- Volcado de datos para la tabla `votacion`
--

INSERT INTO `votacion` (`votacion_id`, `anio`, `nombre`, `estado`, `situacion`, `periodo`) VALUES
(7, 2014, 'Votaciones 2014', 'INA', 'CER', NULL),
(8, 2014, '2014-2016', 'INA', 'CER', NULL),
(9, 2016, 'Prueba 2016-2018', 'ACT', 'ACT', NULL);

-- --------------------------------------------------------

--
-- Estructura de tabla para la tabla `votacion_socio`
--

CREATE TABLE `votacion_socio` (
  `votsoc_id` int(10) UNSIGNED NOT NULL COMMENT 'ID',
  `usuario_id` int(10) UNSIGNED NOT NULL COMMENT 'Usuario del sistema que registra la votación.',
  `fecha_hora` datetime DEFAULT NULL COMMENT 'Fecha y hora de registro de la votación',
  `centrovot_id` int(10) UNSIGNED NOT NULL COMMENT 'Centro de votación desde el cual vota',
  `tn_det` varchar(1) DEFAULT NULL COMMENT 'Tiene detalle',
  `votacion_id` int(10) UNSIGNED NOT NULL
) ENGINE=InnoDB DEFAULT CHARSET=latin1 COMMENT='Catalogos de Centros de Votacion';

--
-- Volcado de datos para la tabla `votacion_socio`
--

INSERT INTO `votacion_socio` (`votsoc_id`, `usuario_id`, `fecha_hora`, `centrovot_id`, `tn_det`, `votacion_id`) VALUES
(1, 5, '2014-01-06 10:23:47', 24, '1', 8),
(2, 5, '2014-01-06 10:25:07', 24, '1', 8),
(3, 5, '2014-01-06 10:26:44', 29, '1', 8),
(4, 1, '2014-01-07 15:07:15', 25, '1', 8),
(5, 1, '2014-01-08 13:58:25', 24, '1', 8),
(6, 5, '2014-01-09 19:15:32', 24, '1', 8),
(7, 5, '2014-01-09 19:16:02', 24, '1', 8),
(8, 5, '2014-01-09 19:17:05', 24, '1', 8),
(9, 5, '2014-01-09 19:17:57', 24, '1', 8),
(10, 5, '2014-01-09 19:18:04', 24, '1', 8),
(11, 5, '2014-01-09 19:18:10', 24, '1', 8),
(12, 5, '2014-01-09 19:18:15', 24, '1', 8),
(13, 5, '2014-01-09 19:18:20', 24, '1', 8),
(14, 5, '2014-01-09 19:18:25', 24, '1', 8),
(15, 5, '2014-01-09 19:18:30', 24, '1', 8),
(16, 5, '2014-01-09 19:18:36', 24, '1', 8),
(17, 5, '2014-01-09 19:18:42', 24, '1', 8),
(18, 5, '2014-01-09 19:18:48', 24, '1', 8),
(19, 5, '2014-01-09 19:18:53', 24, '1', 8),
(20, 5, '2014-01-09 19:18:58', 24, '1', 8),
(21, 5, '2014-01-09 19:19:03', 24, '1', 8),
(22, 5, '2014-01-09 19:19:08', 24, '1', 8),
(23, 5, '2014-01-09 19:19:12', 24, '1', 8),
(24, 5, '2014-01-09 19:19:16', 24, '1', 8),
(25, 5, '2014-01-09 19:19:21', 24, '1', 8),
(26, 5, '2014-01-09 19:19:26', 24, '1', 8),
(27, 5, '2014-01-09 19:19:29', 24, '1', 8),
(28, 5, '2014-01-09 19:19:33', 24, '1', 8),
(29, 5, '2014-01-09 19:19:37', 24, '1', 8),
(30, 5, '2014-01-09 19:19:41', 24, '1', 8),
(31, 5, '2014-01-09 19:19:46', 24, '1', 8),
(32, 5, '2014-01-09 19:19:50', 24, '1', 8),
(33, 5, '2014-01-09 19:19:56', 24, '1', 8),
(34, 5, '2014-01-09 19:20:01', 24, '1', 8),
(35, 5, '2014-01-09 19:20:05', 24, '1', 8),
(36, 5, '2014-01-09 19:20:09', 24, '1', 8),
(37, 5, '2014-01-09 19:20:14', 24, '1', 8),
(38, 5, '2014-01-09 19:20:17', 24, '1', 8),
(39, 5, '2014-01-09 19:20:22', 24, '1', 8),
(40, 5, '2014-01-09 19:20:26', 24, '1', 8),
(41, 5, '2014-01-09 19:20:31', 24, '1', 8),
(42, 5, '2014-01-09 19:20:34', 24, '1', 8),
(43, 5, '2014-01-09 19:20:38', 24, '1', 8),
(44, 5, '2014-01-09 19:20:42', 24, '1', 8),
(45, 5, '2014-01-09 19:20:47', 24, '1', 8),
(46, 5, '2014-01-09 19:20:52', 24, '1', 8),
(47, 5, '2014-01-09 19:20:56', 24, '1', 8),
(48, 5, '2014-01-09 19:21:00', 24, '1', 8),
(49, 5, '2014-01-09 19:21:04', 24, '1', 8),
(50, 5, '2014-01-09 19:21:08', 24, '1', 8),
(51, 5, '2014-01-09 19:21:14', 24, '1', 8),
(52, 5, '2014-01-09 19:21:18', 24, '1', 8),
(53, 5, '2014-01-09 19:21:23', 24, '1', 8),
(54, 5, '2014-01-09 19:21:28', 24, '1', 8),
(55, 5, '2014-01-09 19:21:32', 24, '1', 8),
(56, 5, '2014-01-09 19:21:36', 24, '1', 8),
(57, 5, '2014-01-09 19:21:39', 24, '1', 8),
(58, 5, '2014-01-09 19:21:42', 24, '1', 8),
(59, 5, '2014-01-09 19:22:01', 24, '1', 8),
(60, 5, '2014-01-09 19:22:25', 24, '1', 8),
(61, 5, '2014-01-09 19:23:29', 24, '1', 8),
(62, 5, '2014-01-09 19:23:51', 24, '1', 8),
(63, 5, '2014-01-09 19:24:05', 24, '1', 8),
(64, 5, '2014-01-09 19:24:17', 24, '1', 8),
(65, 5, '2014-01-09 19:24:31', 24, '1', 8),
(66, 5, '2014-01-09 19:24:57', 24, '1', 8),
(67, 5, '2014-01-09 19:25:20', 24, '1', 8),
(68, 5, '2014-01-09 19:25:33', 24, '1', 8),
(69, 5, '2014-01-09 19:25:58', 24, '1', 8),
(70, 5, '2014-01-09 19:26:23', 24, '1', 8),
(71, 5, '2014-01-09 19:26:33', 24, '1', 8),
(72, 5, '2014-01-09 19:26:45', 24, '1', 8),
(73, 5, '2014-01-09 19:26:58', 24, '1', 8),
(74, 5, '2014-01-09 19:27:09', 24, '1', 8),
(75, 5, '2014-01-09 19:27:21', 24, '1', 8),
(76, 5, '2014-01-09 19:32:00', 27, '1', 8),
(77, 5, '2014-01-09 19:32:24', 27, '1', 8),
(78, 5, '2014-01-09 19:32:32', 27, '1', 8),
(79, 5, '2014-01-09 19:32:47', 27, '1', 8),
(80, 5, '2014-01-09 19:38:31', 28, '1', 8),
(81, 5, '2014-01-09 19:38:35', 28, '1', 8),
(82, 5, '2014-01-09 19:38:40', 28, '1', 8),
(83, 5, '2014-01-09 19:38:44', 28, '1', 8),
(84, 5, '2014-01-09 19:38:56', 28, '1', 8),
(85, 5, '2014-01-09 19:39:01', 28, '1', 8),
(86, 5, '2014-01-09 19:39:05', 28, '1', 8),
(87, 5, '2014-01-09 19:39:24', 28, '1', 8),
(88, 5, '2014-01-09 19:39:35', 28, '1', 8),
(89, 5, '2014-01-09 19:39:50', 28, '1', 8),
(90, 5, '2014-01-09 19:40:04', 28, '1', 8),
(91, 5, '2014-01-09 19:40:18', 28, '1', 8),
(92, 5, '2014-01-09 19:40:37', 28, '1', 8),
(118, 5, '2014-01-09 20:03:18', 36, '1', 8),
(119, 5, '2014-01-09 20:03:22', 36, '1', 8),
(120, 5, '2014-01-09 20:03:25', 36, '1', 8),
(121, 5, '2014-01-09 20:03:32', 36, '1', 8),
(122, 5, '2014-01-09 20:03:41', 36, '1', 8),
(123, 5, '2014-01-09 20:03:46', 36, '1', 8),
(124, 5, '2014-01-09 20:03:52', 36, '1', 8),
(125, 5, '2014-01-09 20:03:58', 36, '1', 8),
(126, 5, '2014-01-09 20:04:05', 36, '1', 8),
(127, 5, '2014-01-09 20:04:11', 36, '1', 8),
(128, 5, '2014-01-09 20:04:16', 36, '1', 8),
(129, 5, '2014-01-09 20:04:22', 36, '1', 8),
(130, 5, '2014-01-09 20:04:28', 36, '1', 8),
(131, 5, '2014-01-09 20:04:33', 36, '1', 8),
(132, 5, '2014-01-09 20:04:38', 36, '1', 8),
(133, 5, '2014-01-09 20:05:59', 36, '1', 8),
(134, 5, '2014-01-09 20:07:23', 36, '1', 8),
(135, 5, '2014-01-09 20:07:49', 36, '1', 8),
(136, 5, '2014-01-09 20:08:12', 36, '1', 8),
(137, 5, '2014-01-09 20:08:29', 36, '1', 8),
(138, 5, '2014-01-09 20:09:04', 36, '1', 8),
(139, 5, '2014-01-09 20:09:32', 36, '1', 8),
(140, 5, '2014-01-09 20:09:49', 36, '1', 8),
(141, 5, '2014-01-09 20:10:16', 36, '1', 8),
(142, 5, '2014-01-09 20:10:28', 36, '1', 8),
(143, 5, '2014-01-09 20:13:33', 34, '1', 8),
(144, 5, '2014-01-09 20:13:37', 34, '1', 8),
(145, 5, '2014-01-09 20:13:42', 34, '1', 8),
(146, 5, '2014-01-09 20:13:47', 34, '1', 8),
(147, 5, '2014-01-09 20:13:53', 34, '1', 8),
(148, 5, '2014-01-09 20:13:58', 34, '1', 8),
(149, 5, '2014-01-09 20:14:03', 34, '1', 8),
(150, 5, '2014-01-09 20:14:34', 34, '1', 8),
(151, 5, '2014-01-09 20:14:49', 34, '1', 8),
(152, 5, '2014-01-09 20:15:21', 34, '1', 8),
(153, 5, '2014-01-09 20:15:48', 34, '1', 8),
(154, 5, '2014-01-09 20:16:05', 34, '1', 8),
(155, 5, '2014-01-09 20:16:27', 34, '1', 8),
(156, 5, '2014-01-09 20:16:49', 34, '1', 8),
(157, 5, '2014-01-09 20:20:10', 37, '1', 8),
(158, 5, '2014-01-09 20:20:18', 37, '1', 8),
(159, 5, '2014-01-09 20:20:26', 37, '1', 8),
(160, 5, '2014-01-09 20:20:31', 37, '1', 8),
(161, 5, '2014-01-09 20:20:37', 37, '1', 8),
(162, 5, '2014-01-09 20:20:42', 37, '1', 8),
(163, 5, '2014-01-09 20:20:47', 37, '1', 8),
(164, 5, '2014-01-09 20:20:51', 37, '1', 8),
(165, 5, '2014-01-09 20:20:56', 37, '1', 8),
(166, 5, '2014-01-09 20:21:01', 37, '1', 8),
(167, 5, '2014-01-09 20:21:07', 37, '1', 8),
(168, 5, '2014-01-09 20:21:12', 37, '1', 8),
(169, 5, '2014-01-09 20:21:16', 37, '1', 8),
(170, 5, '2014-01-09 20:21:21', 37, '1', 8),
(171, 5, '2014-01-09 20:21:26', 37, '1', 8),
(172, 5, '2014-01-09 20:21:31', 37, '1', 8),
(173, 5, '2014-01-09 20:21:36', 37, '1', 8),
(174, 5, '2014-01-09 20:21:42', 37, '1', 8),
(175, 5, '2014-01-09 20:21:47', 37, '1', 8),
(176, 5, '2014-01-09 20:21:52', 37, '1', 8),
(177, 5, '2014-01-09 20:22:17', 37, '1', 8),
(178, 5, '2014-01-09 20:22:37', 37, '1', 8),
(179, 5, '2014-01-09 20:22:59', 37, '1', 8),
(180, 5, '2014-01-09 20:23:12', 37, '1', 8),
(181, 5, '2014-01-09 20:24:01', 37, '1', 8),
(182, 5, '2014-01-09 20:24:28', 37, '1', 8),
(183, 5, '2014-01-09 20:24:39', 37, '1', 8),
(184, 5, '2014-01-09 20:24:50', 37, '1', 8),
(185, 5, '2014-01-09 20:25:09', 37, '1', 8),
(186, 5, '2014-01-09 20:25:28', 37, '1', 8),
(187, 5, '2014-01-09 20:25:51', 37, '1', 8),
(188, 5, '2014-01-09 20:26:12', 37, '1', 8),
(189, 5, '2014-01-09 20:26:19', 37, '1', 8),
(190, 5, '2014-01-09 20:26:26', 37, '1', 8),
(191, 5, '2014-01-09 20:29:11', 35, '1', 8),
(192, 5, '2014-01-09 20:29:18', 35, '1', 8),
(193, 5, '2014-01-09 20:29:22', 35, '1', 8),
(194, 5, '2014-01-09 20:29:27', 35, '1', 8),
(195, 5, '2014-01-09 20:29:31', 35, '1', 8),
(196, 5, '2014-01-09 20:29:35', 35, '1', 8),
(197, 5, '2014-01-09 20:29:40', 35, '1', 8),
(198, 5, '2014-01-09 20:29:45', 35, '1', 8),
(199, 5, '2014-01-09 20:29:49', 35, '1', 8),
(200, 5, '2014-01-09 20:29:58', 35, '1', 8),
(201, 5, '2014-01-09 20:30:03', 35, '1', 8),
(202, 5, '2014-01-09 20:30:08', 35, '1', 8),
(203, 5, '2014-01-09 20:30:14', 35, '1', 8),
(204, 5, '2014-01-09 20:30:21', 35, '1', 8),
(205, 5, '2014-01-09 20:30:27', 35, '1', 8),
(206, 5, '2014-01-09 20:30:32', 35, '1', 8),
(207, 5, '2014-01-09 20:30:37', 35, '1', 8),
(208, 5, '2014-01-09 20:30:42', 35, '1', 8),
(209, 5, '2014-01-09 20:30:47', 35, '1', 8),
(210, 5, '2014-01-09 20:30:51', 35, '1', 8),
(211, 5, '2014-01-09 20:30:56', 35, '1', 8),
(212, 5, '2014-01-09 20:31:01', 35, '1', 8),
(213, 5, '2014-01-09 20:31:07', 35, '1', 8),
(214, 5, '2014-01-09 20:31:11', 35, '1', 8),
(215, 5, '2014-01-09 20:31:16', 35, '1', 8),
(216, 5, '2014-01-09 20:31:21', 35, '1', 8),
(217, 5, '2014-01-09 20:31:26', 35, '1', 8),
(218, 5, '2014-01-09 20:31:33', 35, '1', 8),
(219, 5, '2014-01-09 20:31:38', 35, '1', 8),
(220, 5, '2014-01-09 20:31:42', 35, '1', 8),
(221, 5, '2014-01-09 20:31:47', 35, '1', 8),
(222, 5, '2014-01-09 20:32:03', 35, '1', 8),
(223, 5, '2014-01-09 20:32:22', 35, '1', 8),
(224, 5, '2014-01-09 20:32:36', 35, '1', 8),
(225, 5, '2014-01-09 20:33:05', 35, '1', 8),
(226, 5, '2014-01-09 20:33:24', 35, '1', 8),
(227, 5, '2014-01-09 20:33:41', 35, '1', 8),
(228, 5, '2014-01-09 20:33:51', 35, '1', 8),
(229, 5, '2014-01-09 20:34:07', 35, '1', 8),
(230, 5, '2014-01-09 20:34:29', 35, '1', 8),
(231, 5, '2014-01-09 20:34:41', 35, '1', 8),
(232, 5, '2014-01-09 20:34:56', 35, '1', 8),
(233, 5, '2014-01-09 20:35:09', 35, '1', 8),
(234, 5, '2014-01-09 20:35:20', 35, '1', 8),
(235, 5, '2014-01-09 20:38:22', 38, '1', 8),
(236, 5, '2014-01-09 20:38:28', 38, '1', 8),
(237, 5, '2014-01-09 20:38:34', 38, '1', 8),
(238, 5, '2014-01-09 20:38:40', 38, '1', 8),
(239, 5, '2014-01-09 20:38:46', 38, '1', 8),
(240, 5, '2014-01-09 20:38:51', 38, '1', 8),
(241, 5, '2014-01-09 20:38:56', 38, '1', 8),
(242, 5, '2014-01-09 20:39:02', 38, '1', 8),
(243, 5, '2014-01-09 20:39:08', 38, '1', 8),
(244, 5, '2014-01-09 20:39:14', 38, '1', 8),
(245, 5, '2014-01-09 20:39:20', 38, '1', 8),
(246, 5, '2014-01-09 20:39:26', 38, '1', 8),
(247, 5, '2014-01-09 20:39:35', 38, '1', 8),
(248, 5, '2014-01-09 20:39:41', 38, '1', 8),
(249, 5, '2014-01-09 20:39:47', 38, '1', 8),
(250, 5, '2014-01-09 20:39:52', 38, '1', 8),
(251, 5, '2014-01-09 20:39:59', 38, '1', 8),
(252, 5, '2014-01-09 20:40:05', 38, '1', 8),
(253, 5, '2014-01-09 20:40:09', 38, '1', 8),
(254, 5, '2014-01-09 20:40:15', 38, '1', 8),
(255, 5, '2014-01-09 20:40:21', 38, '1', 8),
(256, 5, '2014-01-09 20:40:26', 38, '1', 8),
(257, 5, '2014-01-09 20:40:31', 38, '1', 8),
(258, 5, '2014-01-09 20:40:37', 38, '1', 8),
(259, 5, '2014-01-09 20:40:42', 38, '1', 8),
(260, 5, '2014-01-09 20:40:47', 38, '1', 8),
(261, 5, '2014-01-09 20:40:52', 38, '1', 8),
(262, 5, '2014-01-09 20:40:57', 38, '1', 8),
(263, 5, '2014-01-09 20:41:03', 38, '1', 8),
(264, 5, '2014-01-09 20:41:08', 38, '1', 8),
(265, 5, '2014-01-09 20:41:14', 38, '1', 8),
(266, 5, '2014-01-09 20:41:19', 38, '1', 8),
(267, 5, '2014-01-09 20:41:23', 38, '1', 8),
(268, 5, '2014-01-09 20:41:38', 38, '1', 8),
(269, 5, '2014-01-09 20:42:14', 38, '1', 8),
(270, 5, '2014-01-09 20:42:59', 38, '1', 8),
(271, 5, '2014-01-09 20:43:24', 38, '1', 8),
(272, 5, '2014-01-09 20:43:44', 38, '1', 8),
(273, 5, '2014-01-09 20:44:01', 38, '1', 8),
(274, 5, '2014-01-09 20:44:21', 38, '1', 8),
(275, 5, '2014-01-09 20:44:32', 38, '1', 8),
(276, 5, '2014-01-09 20:44:43', 38, '1', 8),
(277, 5, '2014-01-09 20:45:00', 38, '1', 8),
(278, 5, '2014-01-09 20:45:13', 38, '1', 8),
(279, 5, '2014-01-09 20:45:36', 38, '1', 8),
(280, 5, '2014-01-09 20:45:47', 38, '1', 8),
(281, 5, '2014-01-09 20:46:11', 38, '1', 8),
(282, 5, '2014-01-09 20:46:32', 38, '1', 8),
(283, 5, '2014-01-09 20:46:46', 38, '1', 8),
(284, 5, '2014-01-09 20:46:58', 38, '1', 8),
(285, 5, '2014-01-09 20:47:10', 38, '1', 8),
(286, 5, '2014-01-09 20:47:22', 38, '1', 8),
(287, 5, '2014-01-09 20:47:29', 38, '1', 8),
(288, 5, '2014-01-09 20:47:37', 38, '1', 8),
(289, 5, '2014-01-09 20:47:44', 38, '1', 8),
(290, 5, '2014-01-09 20:49:31', 33, '1', 8),
(291, 5, '2014-01-09 20:49:38', 33, '1', 8),
(292, 5, '2014-01-09 20:49:43', 33, '1', 8),
(293, 5, '2014-01-09 20:49:48', 33, '1', 8),
(294, 5, '2014-01-09 20:49:54', 33, '1', 8),
(295, 5, '2014-01-09 20:49:59', 33, '1', 8),
(296, 5, '2014-01-09 20:50:04', 33, '1', 8),
(297, 5, '2014-01-09 20:50:10', 33, '1', 8),
(298, 5, '2014-01-09 20:50:16', 33, '1', 8),
(299, 5, '2014-01-09 20:50:21', 33, '1', 8),
(300, 5, '2014-01-09 20:50:28', 33, '1', 8),
(301, 5, '2014-01-09 20:50:35', 33, '1', 8),
(302, 5, '2014-01-09 20:50:49', 33, '1', 8),
(303, 5, '2014-01-09 20:51:11', 33, '1', 8),
(304, 5, '2014-01-09 20:51:20', 33, '1', 8),
(305, 5, '2014-01-09 20:51:30', 33, '1', 8),
(306, 5, '2014-01-09 20:51:45', 33, '1', 8),
(307, 5, '2014-01-09 20:53:29', 26, '1', 8),
(308, 5, '2014-01-09 20:53:33', 26, '1', 8),
(309, 5, '2014-01-09 20:53:38', 26, '1', 8),
(310, 5, '2014-01-09 20:53:44', 26, '1', 8),
(311, 5, '2014-01-09 20:53:48', 26, '1', 8),
(312, 5, '2014-01-09 20:53:53', 26, '1', 8),
(313, 5, '2014-01-09 20:53:58', 26, '1', 8),
(314, 5, '2014-01-09 20:54:05', 26, '1', 8),
(315, 5, '2014-01-09 20:54:10', 26, '1', 8),
(316, 5, '2014-01-09 20:54:15', 26, '1', 8),
(317, 5, '2014-01-09 20:54:37', 26, '1', 8),
(318, 5, '2014-01-09 20:54:52', 26, '1', 8),
(319, 5, '2014-01-09 20:55:05', 26, '1', 8),
(320, 5, '2014-01-09 20:56:11', 30, '1', 8),
(321, 5, '2014-01-09 20:56:18', 30, '1', 8),
(322, 5, '2014-01-09 20:57:44', 29, '1', 8),
(323, 5, '2014-01-09 20:57:48', 29, '1', 8),
(324, 5, '2014-01-09 20:57:52', 29, '1', 8),
(325, 5, '2014-01-09 20:57:56', 29, '1', 8),
(326, 5, '2014-01-09 20:58:00', 29, '1', 8),
(327, 5, '2014-01-09 20:58:10', 29, '1', 8),
(328, 5, '2014-01-09 20:59:38', 32, '1', 8),
(329, 5, '2014-01-09 20:59:43', 32, '1', 8),
(330, 5, '2014-01-09 20:59:48', 32, '1', 8),
(331, 5, '2014-01-09 20:59:53', 32, '1', 8),
(332, 5, '2014-01-09 20:59:58', 32, '1', 8),
(333, 5, '2014-01-09 21:00:03', 32, '1', 8),
(334, 5, '2014-01-09 21:00:07', 32, '1', 8),
(335, 5, '2014-01-09 21:00:23', 32, '1', 8),
(336, 5, '2014-01-09 21:02:18', 25, '1', 8),
(337, 5, '2014-01-09 21:02:21', 25, '1', 8),
(338, 5, '2014-01-09 21:02:26', 25, '1', 8),
(339, 5, '2014-01-09 21:02:30', 25, '1', 8),
(340, 5, '2014-01-09 21:02:34', 25, '1', 8),
(341, 5, '2014-01-09 21:02:41', 25, '1', 8),
(342, 5, '2014-01-09 21:02:47', 25, '1', 8),
(343, 5, '2014-01-09 21:02:52', 25, '1', 8),
(344, 5, '2014-01-09 21:02:57', 25, '1', 8),
(345, 5, '2014-01-09 21:03:03', 25, '1', 8),
(346, 5, '2014-01-09 21:03:09', 25, '1', 8),
(347, 5, '2014-01-09 21:03:15', 25, '1', 8),
(348, 5, '2014-01-09 21:03:21', 25, '1', 8),
(349, 5, '2014-01-09 21:03:34', 25, '1', 8),
(350, 5, '2014-01-09 21:03:57', 25, '1', 8),
(351, 1, '2015-11-04 14:53:02', 24, '1', 9),
(352, 1, '2015-11-04 15:00:59', 24, '1', 9),
(353, 1, '2015-11-17 10:20:58', 24, '1', 9),
(354, 1, '2015-11-17 10:22:26', 24, '1', 9),
(355, 1, '2015-11-17 10:24:42', 24, '1', 9),
(356, 1, '2015-11-17 11:42:09', 24, '1', 9),
(357, 1, '2015-11-17 13:51:42', 24, '1', 9),
(358, 1, '2015-11-18 10:35:57', 24, '1', 9),
(359, 1, '2015-11-18 10:36:13', 24, '1', 9),
(360, 1, '2015-11-18 10:36:59', 24, '1', 9),
(361, 1, '2015-11-18 11:10:21', 24, '1', 9),
(362, 1, '2015-11-18 11:13:06', 24, '1', 9),
(363, 1, '2015-11-18 11:13:58', 24, '1', 9),
(364, 1, '2015-11-18 11:15:04', 24, '1', 9),
(365, 1, '2015-11-18 11:15:37', 24, '1', 9),
(366, 1, '2015-11-19 09:18:29', 24, '1', 9),
(367, 1, '2015-11-19 09:54:31', 24, '1', 9),
(368, 1, '2015-11-19 10:28:01', 24, '1', 9),
(369, 1, '2015-11-19 11:46:53', 24, '0', 9),
(370, 1, '2015-11-19 11:50:52', 24, '1', 9),
(371, 1, '2015-11-19 12:31:34', 24, '1', 9),
(372, 1, '2015-11-19 14:22:29', 24, '1', 9),
(373, 1, '2015-11-19 14:42:50', 24, '1', 9),
(374, 1, '2015-11-19 14:44:03', 24, '1', 9),
(375, 1, '2015-11-19 14:47:34', 24, '1', 9),
(376, 1, '2015-11-19 14:54:53', 24, '1', 9),
(377, 1, '2015-11-19 14:55:06', 24, '1', 9),
(378, 1, '2015-11-19 15:02:31', 24, '0', 9),
(379, 1, '2015-11-19 15:15:27', 24, '1', 9),
(380, 1, '2015-11-19 15:20:01', 24, '0', 9),
(381, 1, '2015-11-19 15:20:39', 24, '1', 9),
(382, 1, '2015-11-19 15:37:41', 24, '1', 9),
(383, 1, '2015-11-20 10:30:52', 24, '1', 9);

--
-- Índices para tablas volcadas
--

--
-- Indices de la tabla `candidato`
--
ALTER TABLE `candidato`
  ADD PRIMARY KEY (`candidato_id`),
  ADD KEY `cargopost_id` (`cargopost_id`),
  ADD KEY `votacion_id` (`votacion_id`),
  ADD KEY `planilla_id` (`planilla_id`),
  ADD KEY `socio_id` (`socio_id`);

--
-- Indices de la tabla `cargo_postulado`
--
ALTER TABLE `cargo_postulado`
  ADD PRIMARY KEY (`cargopost_id`);

--
-- Indices de la tabla `centro_votacion`
--
ALTER TABLE `centro_votacion`
  ADD PRIMARY KEY (`centrovot_id`);

--
-- Indices de la tabla `conteo_votacion`
--
ALTER TABLE `conteo_votacion`
  ADD PRIMARY KEY (`contvot_id`),
  ADD KEY `planilla_id` (`planilla_id`),
  ADD KEY `votacion_id` (`votacion_id`),
  ADD KEY `cargopost_id` (`cargopost_id`);

--
-- Indices de la tabla `det_votacion_socio`
--
ALTER TABLE `det_votacion_socio`
  ADD PRIMARY KEY (`votsocdet_id`),
  ADD KEY `votsoc_id` (`votsoc_id`),
  ADD KEY `cargopost_id` (`cargopost_id`),
  ADD KEY `planilla_id` (`planilla_id`),
  ADD KEY `votacion_id` (`votacion_id`);

--
-- Indices de la tabla `opcion_menu`
--
ALTER TABLE `opcion_menu`
  ADD PRIMARY KEY (`idopm`),
  ADD KEY `FK_opcion_menu_1` (`opcion_padre`);

--
-- Indices de la tabla `padron_electoral`
--
ALTER TABLE `padron_electoral`
  ADD PRIMARY KEY (`pdrele_id`),
  ADD KEY `socio_id` (`socio_id`),
  ADD KEY `centrovot_id` (`centrovot_id`),
  ADD KEY `votacion_id` (`votacion_id`);

--
-- Indices de la tabla `planilla`
--
ALTER TABLE `planilla`
  ADD PRIMARY KEY (`planilla_id`),
  ADD UNIQUE KEY `unq_planilla_codigo` (`codigo`),
  ADD UNIQUE KEY `unq_planilla_nombre` (`nombre`);

--
-- Indices de la tabla `rol`
--
ALTER TABLE `rol`
  ADD PRIMARY KEY (`idrol`);

--
-- Indices de la tabla `rol_opm`
--
ALTER TABLE `rol_opm`
  ADD PRIMARY KEY (`idrolopm`),
  ADD KEY `FK_rol_opm_1` (`idrol`),
  ADD KEY `FK_rol_opm_2` (`idopm`);

--
-- Indices de la tabla `socio`
--
ALTER TABLE `socio`
  ADD PRIMARY KEY (`socio_id`),
  ADD KEY `codigo` (`codigo`),
  ADD KEY `codigo_2` (`codigo`);

--
-- Indices de la tabla `temp_votacion`
--
ALTER TABLE `temp_votacion`
  ADD PRIMARY KEY (`temp_id`);

--
-- Indices de la tabla `unidad`
--
ALTER TABLE `unidad`
  ADD PRIMARY KEY (`id_unidad`);

--
-- Indices de la tabla `usuario`
--
ALTER TABLE `usuario`
  ADD PRIMARY KEY (`idusr`),
  ADD KEY `FK_usuario_1` (`idrol`),
  ADD KEY `FK_usuario_2` (`iditt`),
  ADD KEY `id_unidad` (`id_unidad`);

--
-- Indices de la tabla `votacion`
--
ALTER TABLE `votacion`
  ADD PRIMARY KEY (`votacion_id`);

--
-- Indices de la tabla `votacion_socio`
--
ALTER TABLE `votacion_socio`
  ADD PRIMARY KEY (`votsoc_id`),
  ADD KEY `usuario_id` (`usuario_id`),
  ADD KEY `centrovot_id` (`centrovot_id`),
  ADD KEY `votacion_id` (`votacion_id`);

--
-- AUTO_INCREMENT de las tablas volcadas
--

--
-- AUTO_INCREMENT de la tabla `candidato`
--
ALTER TABLE `candidato`
  MODIFY `candidato_id` int(10) UNSIGNED NOT NULL AUTO_INCREMENT COMMENT 'ID', AUTO_INCREMENT=15;
--
-- AUTO_INCREMENT de la tabla `cargo_postulado`
--
ALTER TABLE `cargo_postulado`
  MODIFY `cargopost_id` int(10) UNSIGNED NOT NULL AUTO_INCREMENT COMMENT 'ID', AUTO_INCREMENT=18;
--
-- AUTO_INCREMENT de la tabla `centro_votacion`
--
ALTER TABLE `centro_votacion`
  MODIFY `centrovot_id` int(10) UNSIGNED NOT NULL AUTO_INCREMENT COMMENT 'ID', AUTO_INCREMENT=39;
--
-- AUTO_INCREMENT de la tabla `conteo_votacion`
--
ALTER TABLE `conteo_votacion`
  MODIFY `contvot_id` int(10) UNSIGNED NOT NULL AUTO_INCREMENT COMMENT 'ID', AUTO_INCREMENT=66;
--
-- AUTO_INCREMENT de la tabla `det_votacion_socio`
--
ALTER TABLE `det_votacion_socio`
  MODIFY `votsocdet_id` int(10) UNSIGNED NOT NULL AUTO_INCREMENT COMMENT 'ID', AUTO_INCREMENT=4126;
--
-- AUTO_INCREMENT de la tabla `opcion_menu`
--
ALTER TABLE `opcion_menu`
  MODIFY `idopm` int(10) UNSIGNED NOT NULL AUTO_INCREMENT COMMENT 'ID', AUTO_INCREMENT=132;
--
-- AUTO_INCREMENT de la tabla `padron_electoral`
--
ALTER TABLE `padron_electoral`
  MODIFY `pdrele_id` int(10) UNSIGNED NOT NULL AUTO_INCREMENT COMMENT 'ID', AUTO_INCREMENT=321;
--
-- AUTO_INCREMENT de la tabla `planilla`
--
ALTER TABLE `planilla`
  MODIFY `planilla_id` int(10) UNSIGNED NOT NULL AUTO_INCREMENT COMMENT 'ID', AUTO_INCREMENT=7;
--
-- AUTO_INCREMENT de la tabla `rol`
--
ALTER TABLE `rol`
  MODIFY `idrol` int(10) UNSIGNED NOT NULL AUTO_INCREMENT COMMENT 'ID', AUTO_INCREMENT=8;
--
-- AUTO_INCREMENT de la tabla `rol_opm`
--
ALTER TABLE `rol_opm`
  MODIFY `idrolopm` int(10) UNSIGNED NOT NULL AUTO_INCREMENT COMMENT 'ID', AUTO_INCREMENT=3470;
--
-- AUTO_INCREMENT de la tabla `socio`
--
ALTER TABLE `socio`
  MODIFY `socio_id` int(10) UNSIGNED NOT NULL AUTO_INCREMENT COMMENT 'ID', AUTO_INCREMENT=4040;
--
-- AUTO_INCREMENT de la tabla `temp_votacion`
--
ALTER TABLE `temp_votacion`
  MODIFY `temp_id` int(11) NOT NULL AUTO_INCREMENT, AUTO_INCREMENT=249;
--
-- AUTO_INCREMENT de la tabla `unidad`
--
ALTER TABLE `unidad`
  MODIFY `id_unidad` int(10) UNSIGNED NOT NULL AUTO_INCREMENT COMMENT 'ID', AUTO_INCREMENT=2;
--
-- AUTO_INCREMENT de la tabla `usuario`
--
ALTER TABLE `usuario`
  MODIFY `idusr` int(10) UNSIGNED NOT NULL AUTO_INCREMENT COMMENT 'ID', AUTO_INCREMENT=7;
--
-- AUTO_INCREMENT de la tabla `votacion`
--
ALTER TABLE `votacion`
  MODIFY `votacion_id` int(10) UNSIGNED NOT NULL AUTO_INCREMENT COMMENT 'ID', AUTO_INCREMENT=10;
--
-- AUTO_INCREMENT de la tabla `votacion_socio`
--
ALTER TABLE `votacion_socio`
  MODIFY `votsoc_id` int(10) UNSIGNED NOT NULL AUTO_INCREMENT COMMENT 'ID', AUTO_INCREMENT=384;
--
-- Restricciones para tablas volcadas
--

--
-- Filtros para la tabla `candidato`
--
ALTER TABLE `candidato`
  ADD CONSTRAINT `fk_candidato_cargo` FOREIGN KEY (`cargopost_id`) REFERENCES `cargo_postulado` (`cargopost_id`) ON DELETE CASCADE ON UPDATE NO ACTION,
  ADD CONSTRAINT `fk_candidato_planilla` FOREIGN KEY (`planilla_id`) REFERENCES `planilla` (`planilla_id`) ON DELETE CASCADE ON UPDATE NO ACTION,
  ADD CONSTRAINT `fk_candidato_socio` FOREIGN KEY (`socio_id`) REFERENCES `socio` (`socio_id`) ON DELETE SET NULL ON UPDATE NO ACTION,
  ADD CONSTRAINT `fk_candidato_votacion` FOREIGN KEY (`votacion_id`) REFERENCES `votacion` (`votacion_id`) ON DELETE CASCADE ON UPDATE NO ACTION;

--
-- Filtros para la tabla `conteo_votacion`
--
ALTER TABLE `conteo_votacion`
  ADD CONSTRAINT `fk_conteo_votacion_cargopost` FOREIGN KEY (`cargopost_id`) REFERENCES `cargo_postulado` (`cargopost_id`) ON DELETE CASCADE ON UPDATE NO ACTION,
  ADD CONSTRAINT `fk_conteo_votacion_planilla` FOREIGN KEY (`planilla_id`) REFERENCES `planilla` (`planilla_id`) ON DELETE CASCADE ON UPDATE NO ACTION,
  ADD CONSTRAINT `fk_conteo_votacion_votacion` FOREIGN KEY (`votacion_id`) REFERENCES `votacion` (`votacion_id`) ON DELETE CASCADE ON UPDATE NO ACTION;

--
-- Filtros para la tabla `det_votacion_socio`
--
ALTER TABLE `det_votacion_socio`
  ADD CONSTRAINT `fk_det_votacion_socio_cargopost` FOREIGN KEY (`cargopost_id`) REFERENCES `cargo_postulado` (`cargopost_id`) ON DELETE CASCADE ON UPDATE NO ACTION,
  ADD CONSTRAINT `fk_det_votacion_socio_planilla` FOREIGN KEY (`planilla_id`) REFERENCES `planilla` (`planilla_id`) ON DELETE CASCADE ON UPDATE NO ACTION,
  ADD CONSTRAINT `fk_det_votacion_socio_votacion` FOREIGN KEY (`votacion_id`) REFERENCES `votacion` (`votacion_id`) ON DELETE CASCADE ON UPDATE NO ACTION,
  ADD CONSTRAINT `fk_det_votacion_socio_votsoc` FOREIGN KEY (`votsoc_id`) REFERENCES `votacion_socio` (`votsoc_id`) ON DELETE CASCADE ON UPDATE NO ACTION;

--
-- Filtros para la tabla `opcion_menu`
--
ALTER TABLE `opcion_menu`
  ADD CONSTRAINT `FK_opcion_menu_1` FOREIGN KEY (`opcion_padre`) REFERENCES `opcion_menu` (`idopm`) ON DELETE CASCADE ON UPDATE CASCADE;

--
-- Filtros para la tabla `padron_electoral`
--
ALTER TABLE `padron_electoral`
  ADD CONSTRAINT `fk_padron_electoral_centrovot` FOREIGN KEY (`centrovot_id`) REFERENCES `centro_votacion` (`centrovot_id`) ON DELETE CASCADE ON UPDATE NO ACTION,
  ADD CONSTRAINT `fk_padron_electoral_socio` FOREIGN KEY (`socio_id`) REFERENCES `socio` (`socio_id`) ON DELETE CASCADE ON UPDATE NO ACTION,
  ADD CONSTRAINT `fk_padron_electoral_votacion` FOREIGN KEY (`votacion_id`) REFERENCES `votacion` (`votacion_id`) ON DELETE CASCADE ON UPDATE NO ACTION;

--
-- Filtros para la tabla `rol_opm`
--
ALTER TABLE `rol_opm`
  ADD CONSTRAINT `FK_rol_opm_1` FOREIGN KEY (`idrol`) REFERENCES `rol` (`idrol`) ON DELETE CASCADE ON UPDATE CASCADE,
  ADD CONSTRAINT `FK_rol_opm_2` FOREIGN KEY (`idopm`) REFERENCES `opcion_menu` (`idopm`) ON DELETE CASCADE ON UPDATE CASCADE;

--
-- Filtros para la tabla `usuario`
--
ALTER TABLE `usuario`
  ADD CONSTRAINT `FK_usuario_1` FOREIGN KEY (`idrol`) REFERENCES `rol` (`idrol`) ON DELETE SET NULL,
  ADD CONSTRAINT `usuario_unidad` FOREIGN KEY (`id_unidad`) REFERENCES `unidad` (`id_unidad`) ON DELETE NO ACTION ON UPDATE NO ACTION;

--
-- Filtros para la tabla `votacion_socio`
--
ALTER TABLE `votacion_socio`
  ADD CONSTRAINT `fk_votacion_socio_centrovot` FOREIGN KEY (`centrovot_id`) REFERENCES `centro_votacion` (`centrovot_id`) ON DELETE CASCADE ON UPDATE NO ACTION,
  ADD CONSTRAINT `fk_votacion_socio_usuario` FOREIGN KEY (`usuario_id`) REFERENCES `usuario` (`idusr`) ON DELETE CASCADE ON UPDATE NO ACTION,
  ADD CONSTRAINT `fk_votacion_votacion_ios` FOREIGN KEY (`votacion_id`) REFERENCES `votacion` (`votacion_id`) ON DELETE CASCADE ON UPDATE CASCADE;

/*!40101 SET CHARACTER_SET_CLIENT=@OLD_CHARACTER_SET_CLIENT */;
/*!40101 SET CHARACTER_SET_RESULTS=@OLD_CHARACTER_SET_RESULTS */;
/*!40101 SET COLLATION_CONNECTION=@OLD_COLLATION_CONNECTION */;
